reviewId,bank,text,rating,sentiment,vader_label,bert_label,xgb_pred,roberta_pred
d658f4cd-ed2d-40a4-92be-5f86d3ab9555,Monzo,easy to use the app doesn't seem to crash like most other banking apps.,4,Positive,Positive,Positive,Positive,Positive
9ee099fe-bed8-438a-b277-69f4942fab10,Monzo,very easy to use,5,Positive,Positive,Positive,Positive,Positive
e4e0555c-1bca-426f-96c0-8f4fb50f302c,Monzo,overall fantastic piece of equipment tools,5,Positive,Positive,Positive,Positive,Positive
93f9fbaf-2dd6-45c6-a6ed-e3f8ab2020ba,Monzo,Perhaps the best mobile app I've ever used?,5,Positive,Positive,Positive,Positive,Positive
cb3fbe55-ce81-4141-9d1a-c3fb0c00ac0f,Monzo,Brilliant bank! Lots of good things about them such as the possibility of getting a double pay day. They also provide cashback and lots of other perks such as pay in 3 with no interest!,5,Positive,Positive,Positive,Positive,Positive
225232ed-420f-4477-aedf-6535b25c9c82,Monzo,love this,5,Positive,Positive,Positive,Positive,Positive
5b19e285-ae41-46dc-b14f-3e8ea6fd2364,Monzo,all features are 👍,5,Positive,Neutral,Positive,Positive,Positive
3fe47967-8af3-4407-8416-1721dd82208e,Monzo,It was good to use Monzo. I have enjoyed it a lot,4,Positive,Positive,Positive,Positive,Positive
3123c3bb-abe8-4aa2-9ca4-de77b032f13f,Monzo,"The absolute worst ""bank"" ever. I tried to send money abroad to a friend, they froze my account, closed it and I'm still waiting to get my 21k back. Over a week, because they prefer to give you hassle and put you in financial hardship in order to save themselves, if someone tries to scam you...",1,Negative,Negative,Negative,Negative,Negative
24724352-0385-42b4-a8f4-576a2e16e960,Monzo,It has really helped me to manage my money better,5,Positive,Positive,Positive,Positive,Positive
29ffc8ae-e852-4088-821d-7340f057fa48,Monzo,best banking app so far,5,Positive,Positive,Positive,Positive,Positive
6a583ecd-a043-4d3a-a74c-edffd83fa513,Monzo,brilliant Banking online,5,Positive,Positive,Positive,Positive,Positive
47c66061-ebc2-4404-9ec0-f29baa040f27,Monzo,No longer properly scales on foldable devices,1,Negative,Negative,Negative,Positive,Negative
4a695049-eeb5-4ed1-a568-2240d70d9c3c,Monzo,Monzo didn't help me when I paid £600 to a fraudster.,2,Negative,Negative,Negative,Positive,Negative
7e3b7651-c3ba-4c03-9aff-ec2929f5fa80,Monzo,Simply the best bank ever to deal with 100/100,5,Positive,Positive,Positive,Positive,Positive
4cc55c54-7b20-4940-b1bc-23e445de3d95,Monzo,All time favourite.🤍 kind request to the team don't add unwanted features🙏🏻,4,Positive,Positive,Positive,Positive,Positive
0d1514be-499a-4ba3-b3cf-d679540f4823,Monzo,"Brilliant app features, easy to navigate. Lots of ways to manage your money. highly recommend.",5,Positive,Positive,Positive,Positive,Positive
7ad5691d-fc14-4c24-b5f9-52662e45bf04,Monzo,can't imagine banking any other way! so convenient and modern!,5,Positive,Neutral,Positive,Positive,Positive
320d531f-21d7-4e41-9d3f-a64caee055e0,Monzo,"easy to setup and use, with an appealing user interface.",5,Positive,Positive,Positive,Positive,Positive
7020b323-81c9-4fbe-b671-e09b6dde4c07,Monzo,love this app so much better for me an my money,5,Positive,Positive,Positive,Positive,Positive
cb055ff3-f96d-4d0a-82da-3bfd0bf0e18a,Monzo,Best banking app I've ever used! highly recommend,5,Positive,Positive,Positive,Positive,Positive
29ed007d-95a8-432c-8949-4afa169be244,Monzo,"brilliant app, love the pots and ISA options",5,Positive,Positive,Positive,Positive,Positive
fdd069df-85d0-44b4-bb64-dbe2a16e7dd0,Monzo,"Great banking app, and fairly easy to use and get insights",5,Positive,Positive,Positive,Positive,Positive
a3da8dd9-df28-45f6-97f7-9a85fd723c5d,Monzo,THEE BEST APP AND BANK!!!,5,Positive,Positive,Positive,Positive,Positive
ab01d42a-f0ff-4fb5-9813-dea66cfb7de5,Monzo,fast and very responsive. security of the user is top priority.,4,Positive,Positive,Positive,Positive,Positive
f867d67d-7777-44df-a372-4d644d09ffeb,Monzo,"I’ve been using the app for a while and it’s one of the best banking apps I’ve tried. The interface is clean and easy to use, with instant notifications and helpful budgeting tools that make managing money simple. Overall, it’s a smooth, modern banking experience that I’d definitely recommend.",5,Positive,Positive,Positive,Positive,Positive
b82c14a0-36be-4f98-b602-54e67b77dde3,Monzo,happy,5,Positive,Positive,Positive,Positive,Positive
bf092509-e34d-4c1f-9ec3-852ae2d58a4c,Monzo,amazing bank and service,5,Positive,Positive,Positive,Positive,Positive
687fdcca-0c7b-41c5-a334-c7e1a50ca630,Monzo,excellent banking app,5,Positive,Positive,Positive,Positive,Positive
f28b2260-dfc1-4b31-af3d-afd53e72e2e0,Monzo,"Just closed my personal account with Monzo because it blocked payments for 300£. After calling me the adviser in telling me she's there to help, she asked screenshot of my friend conversation on WhatsApp to see the bank details that he provided in order to pass the payment. After that my account was frozen for 48 hours without any explanations. I wrote second day for update and I was ignored in throwing me long usual texts. I had to believe the reviews when I read them..",1,Negative,Positive,Negative,Negative,Negative
57315072-1ea7-450b-81a6-ec24a483485f,Monzo,the best,5,Positive,Positive,Positive,Positive,Positive
7537096a-de55-4fdb-933b-42b9e86842b8,Monzo,the best bank I've ever had!,5,Positive,Positive,Positive,Positive,Positive
b921531c-9a32-4f54-8f5d-e6db5ecd5ab0,Monzo,"Absolutely love this bank, interest on current account, easy, clear and smooth app and regular payments are available a day early. wish I'd switched years ago",5,Positive,Positive,Positive,Positive,Positive
36f739d5-ff3f-4d1c-825c-ae3a43ee3b57,Monzo,"Opened accounts for my children to use for ad-hoc savings without realising that you have to create savings 'pots' to actually earn any interest, so the money was sat in the account only earning Monzo money for a month instead. The app itself is messy and unintuitive, aimed more at upselling than anything else.",1,Negative,Positive,Negative,Positive,Negative
7e398905-ed4c-4692-8510-9b2bc0280d02,Monzo,worth it!,5,Positive,Positive,Positive,Positive,Positive
9c75d5c9-397c-4f12-8505-54730c36a2c2,Monzo,It's very good but it keeps logging me out of the app,4,Positive,Positive,Positive,Negative,Positive
afd1b1b9-6f3d-42a4-a0af-38a7b679df3d,Monzo,Best banking app ever! Can't fault at all and recommend it to anyone,5,Positive,Positive,Positive,Positive,Positive
af865e68-ed3b-4f1d-b06a-dc5e5605f458,Monzo,"Incredible since day 1, have switched to Monzo as my main bank and it's been nothing short of amazing and streamlined and helps me keep track of my finances easier than ever. Not to mention the amazing features the Max plan offers which is infinitely worth it IMO. Worth every penny",5,Positive,Positive,Positive,Positive,Positive
0d0ce5db-8191-46b8-b464-f98ba390872d,Monzo,Excellent,5,Positive,Positive,Positive,Positive,Positive
10b1f550-df39-4fd9-abc8-68748f234adb,Monzo,easy to keep track of bills when they arebdue because it tells you the day before what's due out,5,Positive,Positive,Neutral,Positive,Positive
ab8efb07-fb56-4b19-9d0e-5bfe3892046b,Monzo,Excellent banking app,5,Positive,Positive,Positive,Positive,Positive
22fd1251-4fe9-4127-8983-b009c0b42f3e,Monzo,okay,4,Positive,Positive,Neutral,Positive,Positive
9f323576-15f3-4c83-823a-03b84b97da36,Monzo,brilliant,5,Positive,Positive,Positive,Positive,Positive
b058067f-86cf-4855-b2bc-41b4f9e23d77,Monzo,very good service,5,Positive,Positive,Positive,Positive,Positive
ea298b48-af98-45b9-aba5-c91cb65afcba,Monzo,"Trash. Their verification process is horrible, they keep asking for more and more photos of you holding your ID and asking for ""clearer"" photos. Ridiculous bank.",1,Negative,Negative,Negative,Negative,Negative
fe114c7d-76f6-49bd-be5a-d7db4a5c04cc,Monzo,"can not speak highly enough about Monzo, everything is so simple and clear, online help always on point and up to 10 minutes ago they was a 5 star rating, unfortunately tho after learning that coffers is an old time money storing thingy i wanted to change my account name to it and sadly realised its the basic names on the accounts only and no silly name changes allowed.",4,Positive,Negative,Positive,Positive,Positive
d8882780-34d7-4a6d-b8cc-ae2be76a0b0d,Monzo,I've been using it for a few years and really like it. 4* because it would be better if it had a direct chat with an operator/human interface,4,Positive,Positive,Positive,Positive,Positive
aa6b8fbb-acd2-48ca-98f0-b037164815de,Monzo,"Best online bank, hands down. I've been with them for years now and i don't see myself ever leaving. I particularly love the get paid early perk, sometimes it is necessary.",5,Positive,Positive,Positive,Positive,Positive
19138f79-91d3-42e3-bf96-7bafdd9fd328,Monzo,wonderfull system,5,Positive,Neutral,Positive,Positive,Positive
bb79ab9a-92bc-42df-b94b-55d11e87fcf9,Monzo,Rubbish App. Only works with particular versions of Android,1,Negative,Neutral,Negative,Negative,Negative
4100048f-8d9a-42dc-90f2-66a915ec60e1,Monzo,worst customer support. closed my account randomly without any explanation 🤬,1,Negative,Negative,Negative,Negative,Negative
edd37709-9189-4bcc-a6b5-b10012c87da9,Monzo,"Lovely Bank, Smart app",5,Positive,Positive,Positive,Positive,Positive
1530844f-9795-4b31-a2a0-136439ca1490,Monzo,perfect customer service and the features on the app is brilliant,5,Positive,Positive,Positive,Positive,Positive
d59544c4-9ec2-4710-abd5-eac31356655d,Monzo,very good bank with great benefits.hihhky recommended,5,Positive,Positive,Positive,Positive,Positive
963c862f-552e-4b34-be39-a31ce187079f,Monzo,"Excellent all rounder, great customer service agents.",5,Positive,Positive,Positive,Positive,Positive
ede225cb-0296-4315-a6dc-d38334292a29,Monzo,easy to use,5,Positive,Positive,Positive,Positive,Positive
49df5c2f-7837-43a1-99d9-645db36dbf4f,Monzo,"This should be minus. Monzo legitimately has the single worst and rudest customer service team in the world. none of them can read, none of them can take in simple information. at all. online banks shouldnt be allowed to get away with this behaviour. i will be closing my account/s (i have a business account too) shortly. do not trust your money with Monzo.",1,Negative,Negative,Negative,Negative,Negative
115de5c2-dad2-401d-a515-ca8b38fbc479,Monzo,very rubbish,1,Negative,Neutral,Negative,Negative,Negative
ed80de4f-e1dd-4370-8573-43259b01ea51,Monzo,nice experience,5,Positive,Positive,Positive,Positive,Positive
cdc309f1-b20d-43da-a6d6-072eb51c4282,Monzo,"This is not some kind of exaggerated review but this bank is actually really reliable been using it for over 2 years now, it's great for wages and also for making transfers also used it abroad as well. The only thing I wish they had was a customisable card where you could put any picture on it.",5,Positive,Positive,Positive,Positive,Positive
f502e48a-806d-490b-b947-46c0465e313d,Monzo,excellent,5,Positive,Positive,Positive,Positive,Positive
6dd9f491-5a96-492c-8fdc-9d13e9b3c291,Monzo,Monzo is the best bank allowing you access to your money early,5,Positive,Positive,Positive,Positive,Positive
435ddcbc-bfeb-4e47-81fc-9c29a3e31bf8,Monzo,beautiful,5,Positive,Positive,Positive,Positive,Positive
2da7bfcf-8cbd-4b97-9f0f-332f2c0dc5b9,Monzo,no problems here and I get paid earlier,5,Positive,Negative,Positive,Positive,Positive
d3dc977c-3d3a-4538-8e2d-c77b7e73112d,Monzo,I love monzo believe me,5,Positive,Positive,Positive,Positive,Positive
77256eea-4ee6-4301-a487-b1a8a60e3fd4,Monzo,Fantastic I have know complaints,5,Positive,Positive,Positive,Positive,Positive
74023306-7acc-4b51-9061-b0bdc0c4f85f,Monzo,Excellent,5,Positive,Positive,Positive,Positive,Positive
f6e80652-e0a8-44fb-a3e7-d6e61ba06d95,Monzo,Best bank,5,Positive,Positive,Positive,Positive,Positive
ded28068-5c86-417b-b5c1-38bd36b74a47,Monzo,rubbish company close accounts for no reason and cause major issues for people would give 0 stars if I could,1,Negative,Negative,Negative,Negative,Negative
10fd0d71-8dc7-4814-8b94-7cca57eb6b62,Monzo,its got everything you need,4,Positive,Neutral,Positive,Positive,Positive
d04e8dda-6f66-4573-aefe-c1c504244bd6,Monzo,"used for years, great",5,Positive,Positive,Positive,Positive,Positive
6ea157b8-4d69-4b6f-a427-24cacd458f64,Monzo,it's amazing to use,5,Positive,Positive,Positive,Positive,Positive
d6326d45-9c7c-4c05-8510-90b99c67ea14,Monzo,"rubbish, wouldnt even let me make an account even though I was clear in the video and I have a driving licence",1,Negative,Positive,Negative,Negative,Negative
522547d1-21af-40c1-bef5-d6d18edd738a,Monzo,Quick & efficient banking.,5,Positive,Positive,Positive,Positive,Positive
e7db4965-7d99-45fe-bf18-633e61ffc13c,Monzo,Just now opening up the new account with Monzo Bank,2,Negative,Neutral,Neutral,Negative,Positive
b1e1880d-75bf-42d9-921b-85a0e5cae9fa,Monzo,Amazing bank,5,Positive,Positive,Positive,Positive,Positive
54e6cc53-c318-49bd-9a48-d44f24edc763,Monzo,Excellent.,5,Positive,Positive,Positive,Positive,Positive
337f1b4f-bb0f-49e3-86df-ac6e684a4cad,Monzo,absolutely best bank,5,Positive,Positive,Positive,Positive,Positive
e8b99c3e-b0e3-4a25-a898-9b0a8e3c6b60,Monzo,great service 👏,5,Positive,Positive,Positive,Positive,Positive
2c92e243-537d-4502-b8f3-378893b082af,Monzo,Monzo started out really good. They are now poor in relation to customer service. Impossible to get someone to talk to to resolve issues just circular help systems that don't solve problems. I would avoid them now.,1,Negative,Positive,Negative,Negative,Negative
b1fb7a01-78ce-4e2a-a98c-448f75787003,Monzo,Monzo is great for dipping toes in Investment and everyday banking.,5,Positive,Positive,Positive,Positive,Positive
de52951a-f165-49da-8db0-f111cfdb99e3,Monzo,"it's the best ,",5,Positive,Positive,Positive,Positive,Positive
e9794c26-916b-4970-94eb-67f1c0ad643a,Monzo,I like the features of this app,5,Positive,Positive,Positive,Positive,Positive
2f313014-1ba0-4dba-89dd-8cba49357ba3,Monzo,Excellent bank..nice and easy to use. informative and great customer service. No complaints!! Also with perks I get a free Greggs treat each week.,5,Positive,Positive,Positive,Positive,Positive
6d9c9405-be2f-43a1-a108-61dc7bda02e0,Monzo,best 👌 👍 😍,5,Positive,Positive,Positive,Positive,Positive
bf632022-b3dc-40f9-aba6-9d7c2bceda37,Monzo,frozen card over £10 Greggs. so I cancelled my perks membership just to get 3.25% on my ISA! I also moved my ISA to moneybox where I'll get 4.52%. without a payment. Shop around people 😉,1,Negative,Negative,Neutral,Negative,Negative
fe716809-7ca2-4668-97b1-2be9ae9702dc,Monzo,"complete scam, wired 2000 pounds in, they blocked my account and refuse to return the money",1,Negative,Negative,Negative,Negative,Negative
1ed88184-5548-4ee9-918c-c0ed38285fad,Monzo,anyone having an issue with categories not loading?? very annoying.,2,Negative,Positive,Negative,Negative,Positive
d237b7a0-2367-4989-9727-dd669976bdb8,Monzo,"This has to be the best banking app, intuitive and useful! Also looks great",5,Positive,Positive,Positive,Positive,Positive
0da9a87a-8557-4d6b-98ae-30a94bda5b9d,Monzo,Biometric for Digital ID. Don't be fooled they say its to keep you safe but they want your voice and face to use it against you if they need to in the future. To make false videos. Etc,1,Negative,Positive,Negative,Negative,Negative
cfa10e82-3b5b-4619-9229-ec2de54ee77a,Monzo,was recommended for joint savings. tried to add money after setting it up and got a generic error message. what a waste of time!!,1,Negative,Negative,Negative,Negative,Negative
84d609e3-fa3f-46c6-a48d-a6b4d09b6b0c,Monzo,excellent condition,5,Positive,Positive,Positive,Positive,Positive
6ca3c4db-6b16-4cf8-8cff-29b30a4f6df2,Monzo,does not let me create account 😤,1,Negative,Negative,Negative,Negative,Negative
46a035c7-7cfa-475c-afc5-6870fb0f82c0,Monzo,wow,5,Positive,Positive,Positive,Positive,Positive
2c75bc5b-da2c-4723-9106-78ce9e04a387,Monzo,good stuff,4,Positive,Positive,Positive,Positive,Positive
c0b028eb-6851-40f7-b953-b51d78d5f8a0,Monzo,it's been an amazing app. I love it.,5,Positive,Positive,Positive,Positive,Positive
04c2237e-6a5a-4246-b57c-00e612e28c91,Monzo,very nice,5,Positive,Positive,Positive,Positive,Positive
aa27ae97-f68d-4888-9a46-e32fd399fa33,Monzo,"I have been using Monzo since 2023, and it has been fantastic. It is very easy to set up and is a great service to gain immediate access to a card and bank account to store money.",5,Positive,Positive,Positive,Positive,Positive
ee758887-1347-4562-a44b-8310695068f5,Monzo,long time monzo user with mostly good experience. the decision to introduce a crypto allowance is very disappointing and is not a good look for a tech first bank,1,Negative,Positive,Negative,Positive,Neutral
65abdf6d-61aa-4463-a69f-247125074f20,Monzo,brilliant,5,Positive,Positive,Positive,Positive,Positive
75576781-71f5-438e-8ddc-740278a2146f,Monzo,"Can't sign up, error message says 'somethings gone wrong' Tried a few months ago but same issue 🙄",1,Negative,Negative,Negative,Negative,Negative
55abb654-2b9d-4e01-af67-0125fe2add8b,Monzo,"Monzo is hands down the cleanest and most user-friendly mobile banking app I’ve used. Transactions appear instantly, and I love how the activity tab shows right away when your card gets linked to something. The real-time notifications make everything feel secure and transparent. It also connects smoothly with debit cards other apps wouldn’t accept. Transfers are fast, simple, and I’ve been able to avoid unnecessary fees. Monzo is officially my main spending hub now.",5,Positive,Positive,Positive,Positive,Positive
f01bc21c-1f06-48dd-98c9-8e4d456ab19b,Monzo,incredibly easy to set up,5,Positive,Positive,Positive,Positive,Positive
7d465972-f260-449a-bf29-5535f06f7a89,Monzo,Great debit card accepted everywhere including online. Cool little Savings jars options. App is very user-friendly and easy to navigate.,5,Positive,Positive,Positive,Positive,Positive
1e9a8363-ad15-455c-9e89-ff1c8b3b2486,Monzo,I do like Monzo but I'd like to see cashback offers from Sainsbury's/Tesco etc.,4,Positive,Positive,Positive,Positive,Positive
190bb63e-9682-4799-b974-407a185ddf30,Monzo,im trying to put my number in but it keeps saying something is wrong and wait a few minutes ive waited an hour and its still saying the same thing,1,Negative,Negative,Negative,Negative,Negative
4afaccb1-9b52-40e3-aeac-e1552b6bf1b3,Monzo,"Brilliant, greatest bank in the world. I had been with another bank who would not provide me with a overdraft due to negative equity many years ago...and I was seven pounds short (my fault) on a payment and they defaulted the payment. Monzo provided me with a overdraft, they also are able to provide your money a day earlier. Easy to use bank app. You can increase or reduce your monthly payments on your CREDIT CARD !!! Yes they have trusted me and I have paid on time...sometimes earlier.",5,Positive,Positive,Positive,Positive,Positive
09de7c94-e72b-49d7-a159-342d3bf35493,Monzo,bluuuuuuu,5,Positive,Neutral,Neutral,Positive,Positive
feaaa974-4766-4638-a566-a8132d2259d0,Monzo,"Useless. They claim it takes ""minutes""to open a business account. 4 days later it still says ""were processing your application"". No further info, no call, nothing. I went with Starling instead, applied in the morning and the account was opened within hours.",1,Negative,Negative,Negative,Negative,Negative
fa6c6a5f-d099-4861-a0e3-ecde0551c7b3,Monzo,Intriguing... we'll take a gander and make a decision.,5,Positive,Neutral,Positive,Positive,Positive
3ca1e099-c9b7-4f8b-a796-b023dda9d29b,Monzo,magical,5,Positive,Neutral,Positive,Positive,Positive
d32ad38e-8ea3-4a50-bda9-2c1c05b40ac6,Monzo,brilliant customer care by this digital bank..there ALWAYS there for you 👏,5,Positive,Positive,Positive,Positive,Positive
5b0f5e52-baa6-4a22-9f76-4742748cd48c,Monzo,"it was a great bank until you got stuck in a weard sitvacion then you realise this is worst bank i have ever seen ,one of my frend gave me some money when I got terminated from job I have to pay rent all the groceries and travel expenses they frozen my bank account without any explanation and the bank says they will work on it for 4 weeks it's been 4 working days till now , iam aboundand by the bank and surprisingly this beautiful gift they gave me on my birthday so I cannot use any thing",1,Negative,Positive,Negative,Negative,Negative
91ce730b-b764-47c2-9a31-681b868866c5,Monzo,Banking application,5,Positive,Neutral,Neutral,Positive,Positive
1687a3da-9c0c-429c-aaf1-89111d4abb91,Monzo,"Great bank, great app, love it.",5,Positive,Positive,Positive,Positive,Positive
616aa60c-61a0-4442-9d95-b6c4eafe37b6,Monzo,"easy to use, very handy to keep an eye on what and where you have spent",5,Positive,Positive,Positive,Positive,Positive
bfec1df8-0b6d-4dcb-9230-8d73e25ee17c,Monzo,Got an early access invitation!,3,Neutral,Neutral,Positive,Positive,Positive
86b7509c-cc43-4dd6-9e7e-5081c923f711,Monzo,"Very fast transactions, reliable service, and very efficient customer service. Easy bank interface without any stress or struggle",5,Positive,Positive,Positive,Positive,Positive
73e43689-f03b-45e9-bc97-06673e235acf,Monzo,A trusted friend in the end. Monzo is a fantastical way to spend and save money in the United Kingdom works well with Apple or Android phones and also on much of the public transport. If they allow for micro transactions cross border wise will definitely use it more. Very good job well done.,5,Positive,Positive,Positive,Positive,Positive
4422110b-6adc-4ed2-b1b7-6899a843757f,Monzo,lost my old phone had someone using it to pay for stuff without my knowledge 1 day found out later that day so contacted support told me they cant do anything and then said they were closing my account.,1,Negative,Positive,Negative,Negative,Negative
83565a50-75d6-47ff-92f2-d7e68506ebad,Monzo,best ever and get paid a day early say u get paid 12th march you would get it 11th march at 4.00pm,5,Positive,Positive,Positive,Positive,Positive
dec3b0e1-638a-4f93-a43b-5e24bc2c5c0b,Monzo,Great company,5,Positive,Positive,Positive,Positive,Positive
0ec129c5-93e4-40af-b32f-d1e4a5f4261f,Monzo,"Best Bank in the World , and their application is unbeatable ! Amaizing no better wirds for that , l dont think anyone can beat Monzo !!!",5,Positive,Positive,Positive,Positive,Positive
ef268296-4332-4055-a38d-2461f77c2cc0,Monzo,no online banking app away from phones. doesn't listen to what you ask and allows apps to take your money. avoid,1,Negative,Negative,Negative,Negative,Negative
b8321f98-51ae-4cd0-91dd-155c62f7cba8,Monzo,"absolutely useless application, 6 hours ago I tried to get help for access my account, I can't access the new PIN number because of rubbish camera access system, as soon as possible I going to close this account , and customer service they just kidding with us, I call customer service, while she's on the phone hear someone else Loughing behind her,, bollshit",1,Negative,Positive,Negative,Negative,Negative
4a65b7f7-786c-4b1a-80a8-45c7355fc9a1,Monzo,love this app,5,Positive,Positive,Positive,Positive,Positive
06bfdf0d-ece2-48de-9b6c-587e6b348aa5,Monzo,"Just had a tax rebate and Monzo did a very handy ""get your BACS"" transfer a day early routine, with animations and everything, cute. Like their transparency in general.",5,Positive,Positive,Positive,Positive,Positive
771bde5b-6a2c-4337-ad5a-204f4f742a1f,Monzo,"Way better than the 'normal,' bank accounts, clearer to navigate and more options, 5 ⭐⭐⭐⭐⭐",5,Positive,Positive,Positive,Positive,Positive
3d95b89d-98f6-4caa-9d4e-d162991bcd06,Monzo,worst banking experience ever...never ever do that.... they are not trusty they took my 30 pounds and instead of providing refund they closed my account its pathetic.. switch to any other service provide but NOT MONZO,1,Negative,Negative,Negative,Negative,Negative
742d0526-0d7b-48a8-a6f1-6f5654448659,Monzo,I love monzo. it's easy to use has loads of extra features and best of all I feel my banking is secure with Monzo,5,Positive,Positive,Positive,Positive,Positive
612a7548-dcb0-4258-87b3-32515797dfc7,Monzo,Originally 5 stars as Monzo was so refreshing. Unfortunately like Trading212 they just can't stop playing with the app. One of its cleanest easiest things to use for budgetting was Summary and they've binned it in favour of a over the top Trends feature which just does not work the same. Summary in 10secs let you set your spending amount for the month ahead (inc. custom Targets for things like shopping) then a lovely big circle appeared which changed colour and disappeared as you spent.,3,Neutral,Positive,Negative,Positive,Negative
d730ec07-b43b-49bb-842f-9663692647d0,Monzo,"MONZO IS THE BEST ONLINE BANK, THAT CAN EVEN PAY YOU A DAY EARLIER BEFORE YOUR SALARY.",5,Positive,Positive,Positive,Positive,Positive
f40a10eb-daa6-4426-9ec9-c98592cf7963,Monzo,Easy to use,4,Positive,Positive,Positive,Positive,Positive
8a743994-4edb-4332-a0f0-f490caa0f4ff,Monzo,no thamks,5,Positive,Negative,Neutral,Positive,Positive
2b4da429-a146-4e21-9364-7421823b7d3b,Monzo,Brilliant Bank can't recommend enough,5,Positive,Positive,Positive,Positive,Positive
47ff0b1c-48ed-4faa-9c13-83ad7de879bf,Monzo,"Great app overall, but it’d be awesome if you added a balance 🥽masking option for privacy. Also, when I upload a receipt, I can’t preview the photo in full screen, which makes it hard to check. Both feel like simple add‑ons, would love to see them in a future update. Device details -> Android 16 - OnePlus 15",4,Positive,Positive,Positive,Positive,Positive
fd377985-d9e0-4d28-a20f-48b406287fdd,Monzo,"I love the add notes options, I can know exactly what I'm spending my money on and not just where. I also love the 'pay early' and 'we're calling you' features",5,Positive,Positive,Positive,Positive,Positive
eea53a4e-48f7-4a05-b8e2-0c7dadf46472,Monzo,I've had a great experience with Monzo,5,Positive,Positive,Positive,Positive,Positive
5fdc8161-6ffe-47cc-a1bf-21badf70e46f,Monzo,get paid early on benefits 🤪,5,Positive,Positive,Positive,Positive,Positive
cf81f816-4739-407b-986a-1371a5ef17a1,Monzo,Love this bank and its app is also great too. Highly recommended. Thanks Monzo!,5,Positive,Positive,Positive,Positive,Positive
fe4d9562-c2d4-4ed7-a728-3bce3d54113a,Monzo,Brilliant,5,Positive,Positive,Positive,Positive,Positive
e227f42f-2010-4e9d-a816-4556fa2b1e6e,Monzo,Fantastic bank. Easy online facilities.,5,Positive,Positive,Positive,Positive,Positive
afd924ed-fa63-4d6f-8440-f35a26ad1298,Monzo,not good. facing an issue in open the account of monzo,5,Positive,Negative,Negative,Negative,Negative
12c6d5e7-59b3-4472-afbc-a2d75647e80f,Monzo,I'm loving it and it's really good to use it,5,Positive,Positive,Positive,Positive,Positive
c0e6fcef-cac9-4606-838e-c1ceff83f9dc,Monzo,entirely bot run now. nice. basic English comprehension too much to ask for from support.,1,Negative,Positive,Positive,Positive,Neutral
3f7602ad-aa0d-4002-8269-ba8d6c596a0e,Monzo,"A solid app and card combo, but the customer service is beyond awful! Contact them for any reason: get an automatic reply asking for a selfie and ID! Reply to this with the selfie and ID and I'm sure the next random idiot to receive your email will still ask for a selfie and ID! No-one in the customer SO-CALLED ""SERVICE"" seems to have a brain. In an age of AI and jobs out-sourced to India, these are red flags if you care about having professionals help you when in need.",3,Neutral,Positive,Negative,Negative,Negative
300bd6fc-271e-4884-b087-8475da8aecc1,Monzo,"I get rejected from opening an account immediately and they don't share why, I have multiple accounts with multiple banks. odd they refuse me without sharing the reason",1,Negative,Negative,Negative,Negative,Negative
20a56727-115e-4359-a70c-5e4ebea95094,Monzo,"Brilliant, no issues",5,Positive,Positive,Positive,Positive,Positive
83d1bfe2-53b4-4027-a7ca-638cf64e3ecd,Monzo,amazing bank,5,Positive,Positive,Positive,Positive,Positive
41c02791-1983-4d8f-9786-a312d70adb2b,Monzo,What a wonderfully helpful bank,5,Positive,Positive,Positive,Positive,Positive
0a9e330b-ae9b-4f6c-a167-17c4d0b93530,Monzo,Very good easy to use,5,Positive,Positive,Positive,Positive,Positive
8599d9a4-d648-4b9b-a3de-b51ab7cb9ec4,Monzo,good thank you very much 😊,5,Positive,Positive,Positive,Positive,Positive
c0e697df-b041-4831-9d1a-834e0c7a86c6,Monzo,Great bank. Highly recommended,5,Positive,Positive,Positive,Positive,Positive
8a6eceba-dfd9-4d11-a4b7-b7a9cd4ffd93,Monzo,I'm loving the bank at the moment,5,Positive,Positive,Positive,Positive,Positive
529080ca-3018-41f7-98b5-826f00da84fc,Monzo,very easy to use.excellent information. Hear from me soon,5,Positive,Positive,Positive,Positive,Positive
2c975f33-4c73-4310-93b0-819477cc8064,Monzo,you can get your payment early,5,Positive,Neutral,Neutral,Positive,Positive
f2452f33-a65b-439b-8bd9-0098fd305d48,Monzo,TeamMonzo well done. Brilliant jobs and hard work . Love ALWAYS BEST FOR All EACH workers Supporting all. PETR BAJGER,5,Positive,Positive,Positive,Positive,Positive
7bbb762b-da68-48d6-9b5d-132e49e7103d,Monzo,Allah Quackbad bank.,1,Negative,Neutral,Neutral,Positive,Positive
0ff5ff99-01ed-46ea-bcc5-79aa572c8fa7,Monzo,amazing,5,Positive,Positive,Positive,Positive,Positive
15d6db02-e680-481c-b878-39babab75ee9,Monzo,I used to use monzo as a spare account but once I got into using it it's the only account I use. it's really easy to use. love the different pots they're great way to budget or just spread your money.,5,Positive,Positive,Positive,Positive,Positive
71dc47c8-9791-433a-b28c-33be1b5f9fba,Monzo,best bank on planet earth. xxx,5,Positive,Positive,Positive,Positive,Positive
f302a558-c130-4ed8-a3a5-d744c309a1ba,Monzo,"it's become trashy to try to get an account statement. they said it's taken up the 5 days . but all these email chats are so useless. they only manage to say ""hello"". on the day 5 from their data team . slow and useless.",1,Negative,Negative,Negative,Negative,Negative
a2f44917-a2dd-4fd4-9a9b-350a0dbc9cd8,Monzo,"update this lot don't even deserve a star absolute joke, closed my account because I queried a £49.99 payment maid at an online store for them to refuse to deal with the query and shut the account down",1,Negative,Neutral,Negative,Negative,Negative
c635cd98-d2ba-4791-8777-b62f8871a9b9,Monzo,The best banking app,5,Positive,Positive,Positive,Positive,Positive
dd722372-e0b5-4cd4-89a8-2c94fd7f3709,Monzo,very slow at resolving issues. Been 24 hours now and still getting payments declined that are being sent to me.,1,Negative,Positive,Negative,Negative,Negative
53153038-3cc3-4c73-adf0-bdb7c6690553,Monzo,THANKS U VERY MUCH MONZO,5,Positive,Positive,Positive,Positive,Positive
81bbb86f-6e34-4fcf-a3ac-09eab7219cee,Monzo,"There is no referral reward, and I can't access live chat. I joined up via a friends referral link followed all steps and no reward. live chat is not available I can't seem go contact anyone. Will update review if anything changes but so far nothing but issues and false promises.",1,Negative,Positive,Negative,Negative,Negative
1884274b-8b68-4adf-a66c-889a6c2cda79,Monzo,"I've never ever, had a problem with my Monzo Banking App. I would highly recommend It.",5,Positive,Positive,Positive,Positive,Positive
5e61f5ab-78e4-49df-9bec-29d09a984e97,Monzo,"love it. I learned a lot about how money works in a few moments of using Monzo, than in all my adult life. Im 66 now.",5,Positive,Positive,Positive,Positive,Positive
174fa7c0-b464-44fd-89f8-592ef31f2f3a,Monzo,Useful App...,5,Positive,Positive,Positive,Positive,Positive
4ac16a51-e8d4-4e52-a7c1-4c76edd9dc32,Monzo,it's so simple and easy to use and understand.,5,Positive,Positive,Positive,Positive,Positive
d91ea657-11ff-411b-98ce-a3ee7997e807,Monzo,the most reliable Bank in the UK,5,Positive,Neutral,Positive,Positive,Positive
8374f5df-d63e-4619-9250-3e67b2652562,Monzo,best bank and app ever,5,Positive,Positive,Positive,Positive,Positive
178eca9f-dece-447b-bc9f-093c82dc3289,Monzo,Super fast very easy to use in short thumbs up for me and perfect Monzo bank.,5,Positive,Positive,Positive,Positive,Positive
905ac72a-0dee-422e-802d-179c9b9308da,Monzo,"My only issue is the app, since the most recent update, you can no longer access quick short cuts by holding the app, this was always useful when you wanted to access something really quickly",3,Neutral,Negative,Negative,Positive,Positive
11fb87a0-59f0-4799-ac33-f9f4f9cbbf08,Monzo,It's currently more like a pre-paid card for users in Ireland than an actual bank account. I will consider opening my account with Monzo as soon as early access has concluded and Irish IBANs become available for the general mass.,3,Neutral,Positive,Neutral,Positive,Negative
a666cc0c-cf16-4b3c-b93e-bd035f9d3b70,Monzo,"Monzo investigated the scam properly, and their support has been a great help for me. As an international student, dealing with financial issues is very stressful, but Monzo handled my case carefully and professionally. They took the time to understand what happened and reviewed the evidence properly. I truly appreciate the support and the way they resolved my situation.",5,Positive,Positive,Positive,Positive,Positive
9bd57749-d256-4c62-adf9-77acb36e41af,Monzo,nice,5,Positive,Positive,Positive,Positive,Positive
8d81c14d-983b-48a9-8ddd-3902187997f7,Monzo,extremely useful app features,5,Positive,Positive,Positive,Positive,Positive
cd97a8b5-ec29-4f81-8644-f143ba9b9640,Monzo,I use the monzo account for a while and I don't know what I did but I was trying to get my mum to be able to get the same account and logged out of my own account to be able to do it just i don't realise that I can't get back on my monzo online banking service for a really strange reason and I don't know how to make it happen. please can someone help me with this problem?,5,Positive,Negative,Negative,Negative,Negative
11b2de5a-09c8-4ade-b59f-2bbfbe382109,Monzo,"the app just constantly buffers, hardly what you need from a ""bank""",1,Negative,Neutral,Negative,Positive,Negative
f0fb4643-0a9c-47d9-9799-bfb22729c024,Monzo,already have 2 monzo accounts on my old phone now it won't let me use them on new phone,1,Negative,Neutral,Neutral,Negative,Negative
453a1718-052e-4c4b-bc59-73f058203645,Monzo,I been a member since they started and now about 2 mouths back they put a restriction on my account for some reason they said random security check I've contacted dozens of times no help they are not offering any solutions and so I can transfer spend or Anything with any money I have on there it's just stuck,1,Negative,Negative,Negative,Negative,Negative
a7eaf813-58d7-4d2a-bf51-fc3113f12277,Monzo,Best ever bank app,5,Positive,Positive,Positive,Positive,Positive
47b1f996-77be-496d-a8b5-7d88d7254d47,Monzo,"Monzo caught a merchant lacking when i found a service through social media that took me to a website promising me goods that were understood to be one payment and done however Monzo instantly blocked the payment that didnt match the merchandise price and fee which was a massive relief on my side as they caught the added charge that wasn't mentioned on the initial price and some, also not mentioned in the t&cs. This extra payment immediately showed up on my transactions history list.",5,Positive,Positive,Negative,Positive,Negative
89681051-5800-4f07-9ddd-b66f02182da0,Monzo,"love , only can be better %%%",5,Positive,Positive,Positive,Positive,Positive
598e9dc2-770d-47f7-a423-be7c6db1ac66,Monzo,great 😊 service,5,Positive,Positive,Positive,Positive,Positive
58c9ac5d-4f0c-400c-bbbb-60944215cc92,Monzo,"Great bank, best I've ever had does loads of things no other bank does, like pay a day early",5,Positive,Positive,Positive,Positive,Positive
680bbf80-9f4a-4b81-ba08-eedec2f04d74,Monzo,"Can't complete account set-up. Video Id isn't working, and I have tried everything to fix the issue. I have cleared cache, reinstalled the app and restarted my phone.",1,Negative,Positive,Negative,Negative,Negative
86e6677d-f790-4040-9522-23cbb1aee618,Monzo,"I've been using Monzo now for the past year I must say its been a game changer in my financies. It has helped me to automate my payday so I don't have to ever worry about ""having enough money"". I love the pots feature where I can create pots for my needs, ""guilt-free"" spending and savings. You can even have your direct debits and standing orders come out of these pots. There are so many features you can have whether its for free or subscription. It has totally changed banking for the better.",5,Positive,Positive,Positive,Positive,Positive
9f4d3a12-d2f0-408c-8cd6-3bb961a01e52,Monzo,"i had my card stolen someone tried to use the info online,monzo bocked the card and right way ordered a new card.",5,Positive,Negative,Negative,Positive,Negative
6b19a54b-999b-4023-af9e-971c07d12503,Monzo,"absolutely love monzo , best bank I've used always recommend to others too",5,Positive,Positive,Positive,Positive,Positive
38821793-536a-4fac-9e70-2e1c6620d9b3,Monzo,"Never use this app to transfer international, it takes 3 to 4 days, thats way too much, wise take only few minutes,",2,Negative,Positive,Negative,Negative,Negative
9c464521-ae3b-4c9a-b65a-61d0b41a5ff9,Monzo,I love the app. Just wishing I could be in the referral program. don't know why yall can pick and choose.]ļ,5,Positive,Positive,Positive,Positive,Positive
ab23c2fb-d2b0-48ae-a30e-be2e646696e9,Monzo,thanks cool,5,Positive,Positive,Positive,Positive,Positive
6561946c-212e-45f2-ab0b-3b28577ae248,Monzo,"perfect bank app, user friendly and meets my needs.",5,Positive,Positive,Positive,Positive,Positive
6694b5a0-0fe3-4fc6-ac04-73ee3ec9f5a0,Monzo,"Fast, easy and convenient. Spot on",5,Positive,Positive,Positive,Positive,Positive
639b957b-61ff-4bbf-989d-32d173d5da0c,Monzo,"Best online Bank Service - used others, Monzo is for me - the best",4,Positive,Positive,Positive,Positive,Positive
41ae7d5a-a251-4310-a0aa-cfdfa524b719,Monzo,great banking facilities rapid responce highly recommend,5,Positive,Positive,Positive,Positive,Positive
3da9df2e-559a-40d0-99f3-353dcd43437e,Monzo,app is perfect and customer service is top notch.,5,Positive,Positive,Positive,Positive,Positive
fac52876-bee1-4f1d-8662-c1d36f8b2dfc,Monzo,worst bank services. often blocks account.,1,Negative,Negative,Negative,Negative,Negative
14c174d4-058d-464b-a651-16a0beee8d92,Monzo,bad service,1,Negative,Negative,Negative,Positive,Negative
1a3dfde6-1b2f-4751-af8d-aa816d5e4e8d,Monzo,very good bank can do so much for you love ❤️ it,5,Positive,Positive,Positive,Positive,Positive
4d8f2a66-a758-4944-99da-daeacecc5f1f,Monzo,Monzo is the best bank I have ever had an account with.,5,Positive,Positive,Positive,Positive,Positive
b27d2ebd-b22d-4e88-b723-03e036c272a1,Monzo,Best ever,5,Positive,Positive,Positive,Positive,Positive
c5428005-d5e6-4b99-b5a1-ec63107c6ea8,Monzo,it's good because I'm saving for a PS5,4,Positive,Positive,Positive,Positive,Positive
9f72f644-e6cf-4647-9cf1-454ea285bc10,Monzo,keeps asking to confirm identity and it fails. no way of logging in normally. lost our funds,1,Negative,Negative,Negative,Negative,Negative
eaa678de-7ab8-4e37-9cb9-d23d6771c97b,Monzo,"Monzo blocked my account without any warning at the exact moment I needed to make a payment. I had travelled 6 hours to buy a car needed for my disabled son and was forced to drive back without it. My son was distressed and crying. They ignored repeated calls and live chat, gave no explanation, no apology, and no real support. Blocking access to someone’s own money without notice is unacceptable. Worst banking experience I’ve ever had. Avoid",1,Negative,Negative,Negative,Negative,Negative
be76facf-487b-4ac4-b379-a777e13fd841,Monzo,amazing ♥️,5,Positive,Positive,Positive,Positive,Positive
64b24d20-475c-49aa-a434-54a4adcaaca9,Monzo,"When Monzo started it was great, but it is now not helpful in cancelling my recurring voluntary donations, set up for a support group. I need to cancel that donation and become a full member of the parent group. The app won't allow me to cancel It is the second time I've had this problem with Monzo. Stressful. No love for Monzo. Researching Starling Bank",1,Negative,Negative,Negative,Positive,Negative
4bf6bd1c-f1e4-4f9f-b67e-0988b3a37992,Monzo,fantastic,5,Positive,Positive,Positive,Positive,Positive
955e8511-38f3-4725-979d-5c079895436c,Monzo,Great idea especially this time of year 😀,5,Positive,Positive,Positive,Positive,Positive
3b4e0ce2-8e54-4b1d-bc64-06f20f18440a,Monzo,Excellent Bank. The best bank I have banked with in over 40 years. Brilliant. Thank you!!!👍,5,Positive,Positive,Positive,Positive,Positive
04beec0e-4540-4dde-97da-fcec58ebbd2d,Monzo,Spammy app getting more and more cluttered. it recently pushed me in to a trial of extra without asking me at all. I don't like the direction they're taking with it and it's becoming a productivity annoyance. the base app design is good and clear but it's becoming a barrage of ads of it's own products requiring regular dismissing.,3,Neutral,Positive,Negative,Negative,Negative
f57509fa-3420-4b94-b527-95ab5b2da17d,Monzo,"love Monzo, find the puts feature to be one of the mist helpful features in a bank I've come across for budgeting. Only criticism is there is no option for a running total balance in transactions, I have to download a statement to see that which is frustrating when balancing my budget outside of the app. But it's a minor thing and everything else is great.",4,Positive,Positive,Positive,Positive,Positive
69b3f180-ccbd-49e9-9977-c51182a2a68c,Monzo,"I have the £5 a month version for accounting type purposes, but the categorising of spends is really good for understanding where your money goes. Pots and savings offer ways to help budget. the app is user friendly and great for paying, splitting bills, having joint accounts etc.",5,Positive,Positive,Positive,Positive,Positive
a60e8266-c459-4afb-a602-610f04dd4832,Monzo,absolutely horrible I tried opening a bank account while being unemployed due to me just arriving in the country. they will not let me try again in the app so no I have to go to an entirely different bank,1,Negative,Negative,Negative,Negative,Negative
926e98ba-2897-4577-9875-8bf397624369,Monzo,"Love that option, thank you.",5,Positive,Positive,Positive,Positive,Positive
714374c1-2b79-46aa-b3f9-a44970ca114f,Monzo,"do not join this bank. one of the worst experience I've ever had. it was fraud on my account and after I brought it to their attention, nothing was done. then when I disputed the charges, I was denied and then they shut my account down without explanation - likely because they realized they were at fault and didn't want to reimburse me. worst support team ever as they literally provide no help at all.",1,Negative,Negative,Negative,Negative,Negative
19955507-442a-4e78-9896-2eb1a0c68064,Monzo,it's Amazing 👏,5,Positive,Positive,Positive,Positive,Positive
37eae89e-0d3d-46a3-920b-6e0025e941b8,Monzo,super,5,Positive,Positive,Positive,Positive,Positive
65d46ded-01e6-49b6-9af2-e664c2752b6b,Monzo,brilliant thanks.. good 💡 idea. all banks should follow Monzo.,5,Positive,Positive,Positive,Positive,Positive
33886c95-98c5-41a2-8a3d-a8f2f5e2b8a7,Monzo,great bank account. so easy to use and lots of great offers.,5,Positive,Positive,Positive,Positive,Positive
e79352df-9155-46ef-a4ee-1993cefc0ce1,Monzo,Excellent service just waiting on my card x Brillisnt,5,Positive,Positive,Positive,Positive,Positive
86c90077-c405-486f-a239-c78cfc742739,Monzo,unbeatable banking.,5,Positive,Neutral,Positive,Positive,Positive
071c586a-8029-445b-857b-a04b6053880e,Monzo,Just a great bank hassle free. I would recommend anyone too beat it.,5,Positive,Positive,Positive,Positive,Positive
5800784f-6d30-40d3-b6cc-e9defaf9f222,Monzo,Top,5,Positive,Positive,Positive,Positive,Positive
b585300b-ef35-41f6-97e3-17a57268055f,Monzo,easy to use love split the bill,5,Positive,Positive,Positive,Positive,Positive
37cdfe08-7b37-4fd1-9a56-ac16b758516c,Monzo,"very efficient, good guide, very helpful",5,Positive,Positive,Positive,Positive,Positive
f7d6ba97-1276-4007-bdf6-134473855f87,Monzo,Probably the best bank on the market,5,Positive,Positive,Positive,Positive,Positive
a51e78c0-2893-40fe-be23-723740d54a05,Monzo,I love Monzo !!!!,5,Positive,Positive,Positive,Positive,Positive
a44aa247-ee1c-4eaa-a3f6-29383b2f62d8,Monzo,switching to monzo was the best thing I did,5,Positive,Positive,Positive,Positive,Positive
f281b21c-a5f1-47e7-9ec3-74bd08a460ac,Monzo,Beautiful app,5,Positive,Positive,Positive,Positive,Positive
b6e7da6d-3213-490a-b3c2-00531328e7a5,Monzo,A breath of fresh air in the banking world. Highly recommend. All 5 🌟 are well deserved. 👍👍👍👍👍,5,Positive,Positive,Positive,Positive,Positive
0f9193f1-e781-4c9b-b50f-fed037470204,Monzo,absolutely fantastic bank...,5,Positive,Positive,Positive,Positive,Positive
dbddd5b0-8a60-4d5d-a94e-cc793c4388fd,Monzo,"My attempt to open an account was rejected, no reasons provided.",1,Negative,Negative,Negative,Negative,Negative
da74b869-ce6f-4521-86e3-4c7dbe121237,Monzo,investment i Lost Some money its very bad,5,Positive,Negative,Negative,Negative,Negative
488e4070-2438-4694-8e97-08e40121b0c8,Monzo,Top,5,Positive,Positive,Positive,Positive,Positive
aa73538d-183b-416b-bd67-911a04ff295d,Monzo,this bank is million percent the best bank ever 👊😎,5,Positive,Positive,Positive,Positive,Positive
ced7cda8-c7ad-4534-9848-e82bfbd311b4,Monzo,Getting money a day early is a lifesaver. An amazing function.,5,Positive,Positive,Positive,Positive,Positive
5d7ca48c-faf0-47f4-918f-3e1f5095619f,Monzo,"Monzo themselves are fine, just be careful with the extras that you buy. Max is not worth it. dont be moving all your insurances to this bank. definitely not he holiday insurance.",1,Negative,Positive,Negative,Positive,Negative
81a75e11-425c-4449-b850-2ee4f26a4987,Monzo,very easy to order,5,Positive,Positive,Positive,Positive,Positive
13a9ccb9-26ed-40e9-8370-9f587e79d467,Monzo,no hassle bank account. pays my money in a day early too!,5,Positive,Negative,Positive,Positive,Positive
94406baf-fe33-46a0-819a-13924c2f197a,Monzo,"good app, good system, well worth it",5,Positive,Positive,Positive,Positive,Positive
cdb4d590-833f-4764-aa24-8c3b2b92925a,Monzo,mega banking app,5,Positive,Neutral,Neutral,Positive,Positive
38ceb41a-32b7-402c-930d-fc60f16e1b39,Monzo,Great Bank and Excellent Customer Service.,5,Positive,Positive,Positive,Positive,Positive
c836b8e2-dca1-47ac-a4d1-9a7b195f4203,Monzo,"It was my favourite banking app until they closed my account with no reason, and they could not tell me the reason for closing it. I knew that something was dodgy about Monzo. thank you Monzo for doing that to a daily customer who use the app!!.",1,Negative,Negative,Negative,Negative,Negative
ba857bae-abe1-4a84-9f6e-04308322afdf,Monzo,very helpful bank,5,Positive,Positive,Positive,Positive,Positive
4d464554-88b9-4735-a605-34f7d1b712fc,Monzo,"they will cancel your account when they feel like it. Thanks to them, I couldn't get my pay from work in time, which led me to lose my flat. they never got in touch until it was too late. Stay well away from them disgusting company. wouldn't even give one. star but sadly have to.",1,Negative,Negative,Negative,Positive,Negative
bf242393-edf1-4893-9cc8-8765fdfcd8fe,Monzo,Gotta love Monzo,5,Positive,Positive,Positive,Positive,Positive
a3a2bbc1-dcdf-4439-a6bb-1282751e71bc,Monzo,excellent,5,Positive,Positive,Positive,Positive,Positive
a2d3cd18-785b-455c-b08e-5a8888c3b59e,Monzo,love this!,5,Positive,Positive,Positive,Positive,Positive
78e90d4a-63b9-4d05-9599-c92b38b5cfdc,Monzo,everything is so easy,5,Positive,Positive,Positive,Positive,Positive
dd83cb37-2d54-4909-83a7-9d32a65b320d,Monzo,easy navigation,5,Positive,Positive,Positive,Positive,Positive
213a1551-846a-427f-9ab6-021aaf2b5762,Monzo,Best bank ever,5,Positive,Positive,Positive,Positive,Positive
b4bdc1b5-bff0-43d9-8180-3dacbadd44e0,Monzo,very happy bunny with Monzo,5,Positive,Positive,Positive,Positive,Positive
ddfff415-4e43-4885-b721-ec62896461c8,Monzo,"The best. Hands down. For splitting payments, forakong payments, for travel... You name it",5,Positive,Positive,Positive,Positive,Positive
f705ff28-1902-47da-8220-9f037a3c5f29,Monzo,I love this bank very much getting paid a day early it's very helpful,5,Positive,Positive,Positive,Positive,Positive
4035c5a4-b64e-4bee-981e-b05d08be8254,Monzo,Have to admit this is a good bank and the app is great. Honestly I have had zero problems with the app or the debit or credit cards. Everything is explained very clearly.,5,Positive,Positive,Positive,Negative,Positive
0cfe8aa6-688b-44bc-8aad-faf656703570,Monzo,"awesome bank, easy to use on the app, respond to online scams quickly and in my favour with no fuss",5,Positive,Positive,Positive,Positive,Positive
09068484-57de-40f6-ba60-f905c914cb70,Monzo,what a fantastic service i wish I would have switched to MONZO years ago,5,Positive,Positive,Positive,Positive,Positive
bd7df29f-46a7-4cd3-b42e-3c318899d91f,Monzo,Entirely hostile to the visualy impaired. Can't do the video selfie with my glasses on cant operate tyhe phone with them off. Monzo refused any alternative and also refuse to delete what data they have colleced. Awful company.,1,Negative,Negative,Negative,Negative,Negative
d7913cfa-f838-4d16-b023-d8d4b9ed6acd,Monzo,"I've been a happy Monzo customer for a while now, and I just wanted to share my positive experience! Monzo's app is super user-friendly, making it easy to manage my finances on the go. I love the real-time notifications, budgeting tools, and instant spending alerts. It's helped me stay on top of my spending and savings goals. The customer support is top-notch too! I've had a few queries, and their team has always been super helpful and responsive. 👏",5,Positive,Positive,Positive,Positive,Positive
d6745a25-71df-47ca-9203-815859787a29,Monzo,randomly charges money repeatedly,1,Negative,Negative,Negative,Positive,Negative
31a563ee-0f13-401a-bc0b-0f8138b7ba31,Monzo,Excellent and easy to use.,5,Positive,Positive,Positive,Positive,Positive
9bfd5fea-45ee-491e-b2d9-b0ba3953f424,Monzo,monzo is really easy to use and fun for a bank,5,Positive,Positive,Positive,Positive,Positive
11dffbdd-1f24-448a-9b9d-2ece9ae78276,Monzo,Excellent app,5,Positive,Positive,Positive,Positive,Positive
1dc0bc1c-d6ce-449e-b829-137076fca9d6,Monzo,THE BEST!!!!!!,5,Positive,Neutral,Positive,Positive,Positive
830dc91c-987a-49b9-a045-c723ce149a34,Monzo,Best online bank yet 👌,5,Positive,Positive,Positive,Positive,Positive
46589b21-4995-4b81-84df-5f4bbf568dda,Monzo,"was brilliant but then they cancelled account, no warning, no reason why. need to be able to find and correct cause surely? but wont respond",1,Negative,Negative,Negative,Positive,Negative
e2cdf41c-2421-4750-ad48-2e860b45a9c4,Monzo,easy to use!,5,Positive,Positive,Positive,Positive,Positive
8ef50525-9f2b-4882-9dfe-84a5f6202431,Monzo,"The Best Banking App I've EVER Used (and I'm only on the FREE plan!) I only switched to Monzo a couple of months ago, and honestly, I am completely blown away! Monzo is miles ahead of my old bank - Santander. The app is incredibly intuitive and fast. Everything just makes sense. The biggest game-changer for me has been the Pots feature. Being able to instantly separate money for bills, savings, and spending has finally given me complete control over my finances.",5,Positive,Positive,Positive,Positive,Positive
dd3b05c5-ad83-48c4-a973-6e2b3835b413,Monzo,Absolute piss take. Got locked out my account for no reason and then they lie to you and say they are a real agent when it's clearly AI. Unreliable and completely unhelpful. You can't talk to anyone if you need help and you will get no response if you email with a complaint or an issue. Would not recommend this bank to anyone.,1,Negative,Negative,Negative,Negative,Negative
e0458ece-9f0f-4b2a-92f0-81c7cf050eb7,Monzo,amazing. really helps to budget,5,Positive,Positive,Positive,Positive,Positive
5e8f668e-aa82-403a-8335-11dd796c6dc9,Monzo,worst account and worst customer service and the worst policy they don't allow you to open an account. worst policy,1,Negative,Negative,Negative,Negative,Negative
07fd068f-5d5a-43c1-a9f2-9d315ace76b5,Monzo,Easy to access and see daily spending,5,Positive,Positive,Neutral,Positive,Positive
d67a44a5-6617-4473-b74e-9fda9b87b79c,Monzo,Amazing in the UK and brilliant abroad.,5,Positive,Positive,Positive,Positive,Positive
7a35d80d-91f5-46de-9ba8-2cfdac79f051,Monzo,I am disabled this app,5,Positive,Neutral,Negative,Positive,Negative
2f3f2b85-2c28-4fc2-97a3-6e1cf88f8d2d,Monzo,Not good in opening online account,1,Negative,Negative,Negative,Positive,Negative
bc5994d0-6426-4b4a-a266-20059d35ba7c,Monzo,"Fantastic, brilliant bank thats listening and delivered many great products.",5,Positive,Positive,Positive,Positive,Positive
8fa026eb-84be-4eca-9485-1de1d21a43cf,Monzo,"fantastic bank, so simple to set up and then the interface inside the app is really easy to use",5,Positive,Positive,Positive,Positive,Positive
7be2d575-d9c2-4fe4-8602-8fac3e056355,Monzo,"best bank about get paid a day early with payment,",5,Positive,Positive,Positive,Positive,Positive
aaf8ce79-98df-4b28-a2bf-fcbea7d81415,Monzo,best app ever,5,Positive,Positive,Positive,Positive,Positive
b35d640d-cbef-4078-b131-5bbd409c9f10,Monzo,love this app,5,Positive,Positive,Positive,Positive,Positive
988cb3e3-6347-4fd6-81c1-b54f9c3c07e4,Monzo,The new app rubbish,5,Positive,Neutral,Negative,Negative,Negative
b4d3bd39-744e-4a38-ba9d-78c355d0e6bc,Monzo,Very happy with the app Hristina,5,Positive,Positive,Positive,Positive,Positive
bb614ded-304d-4944-8eb2-e056402ff0d0,Monzo,don't know why but I was using monzo and for no reason they closed my account,1,Negative,Negative,Negative,Negative,Positive
f802d717-594c-4dc4-a72b-430cf8a390de,Monzo,this is the way,5,Positive,Neutral,Neutral,Positive,Positive
8473228b-58fc-439d-9b92-54b905c13cb1,Monzo,I have genuine documents. But for some reason I can't create a Monzo account. And they don't give me a valid reason. Worst custody care.,1,Negative,Negative,Negative,Negative,Negative
77ae3dd8-f395-42f8-8e06-9c89c82cdb39,Monzo,excellent,5,Positive,Positive,Positive,Positive,Positive
13a507a6-3d74-4fc2-8e9a-69a7daf1a3bc,Monzo,THE BEST bank ever!!!,5,Positive,Positive,Positive,Positive,Positive
71486d1a-99c0-4095-b122-25ee422b4da4,Monzo,the best and most simple banking app to use,5,Positive,Positive,Positive,Positive,Positive
15f1fcdc-451a-40b7-a7f1-ff3792d5b03c,Monzo,AMAZING 🤩😍 LOVE IT,5,Positive,Positive,Positive,Positive,Positive
7dfe2243-56df-43b1-b0d3-fb35f9284eb9,Monzo,Absolutely horrible bank. My account was closed after I disputed a transaction.,1,Negative,Negative,Negative,Negative,Negative
c2a4f1e7-13d1-4db5-8111-61729352ac58,Monzo,excellent app and banking/ transfers is easy,5,Positive,Positive,Positive,Positive,Positive
3b25525e-e10c-4de4-8f48-f526af22cece,Monzo,"still excellent app, but could I sugest to add a setting to turn on/off the card pin when trying to open the app? The experience is that slows down opening the app and if there is no network available I can't open at all, pin should still be required for other operations.",4,Positive,Negative,Neutral,Positive,Positive
e293c468-1274-420f-825d-20b51dbe8b45,Monzo,"Good finance tech. Terrible looking app. Cluttered, noisy and full of adverts for its other products. Ugly and unserious.",2,Negative,Negative,Negative,Negative,Neutral
71e7f6e1-65e5-4853-8fa4-7e09ef133011,Monzo,Best thing iv ever done was switching to monzo get paid day early 🙌,5,Positive,Positive,Positive,Positive,Positive
b84fc0f7-6c2e-4977-a17f-4a75f2a65541,Monzo,very much,5,Positive,Neutral,Neutral,Positive,Positive
af80d57f-f78d-413e-987e-6995b9e66923,Monzo,was hoping for more ( higher)amount before fees outside European economic zone !?,4,Positive,Positive,Neutral,Positive,Neutral
395eefd9-8ca8-4cc9-8874-5be44185d56e,Monzo,nice one always,5,Positive,Positive,Positive,Positive,Positive
907052b4-6e24-4e6a-916e-29dc57de46e9,Monzo,DO NOT bank with these people. They randomly shut down your account for no reason without ANY explanation!,1,Negative,Negative,Negative,Negative,Negative
f1ff77dd-b7fc-47ab-b5a6-61a9fe6e7380,Monzo,I love Monzo. I keep within my limits and the app lets you know how much you've spent and when payments are due. I have recommended to friends and family,5,Positive,Positive,Positive,Positive,Positive
d05a8e77-1e94-4200-bd71-caeeb98ba113,Monzo,keep being rejected. EDIT: increased the rating as having been accepted after this. the app is good and super friendly to use,4,Positive,Positive,Positive,Positive,Positive
0e4a6467-707a-433e-bf7e-b9018aac4116,Monzo,having trouble can't set up an account keeps sending me to link but link doesn't work,1,Negative,Negative,Negative,Negative,Negative
a87a3a2f-e33a-4377-88f5-8d52a0b8b630,Monzo,"terrible customer service, I closed my account, and now am trying to get in contact with support to reopen my account so I can get my money out of the bank that just got sent to it for some reason even though its not open and should've been deferred and I'm getting nowhere such a terrible company. Just essentially stole my money terrible company.",1,Negative,Negative,Negative,Negative,Negative
ba0df742-0784-4438-a6ce-b4e169a31bd2,Monzo,fantastic! quickly got my card.No stress and don't take time.,5,Positive,Positive,Positive,Positive,Positive
4855dfa5-c22e-442f-bb18-240507fd460e,Monzo,this is really helpful when it comes to saving money because you can put the money in little pots and name the pot,4,Positive,Positive,Positive,Positive,Positive
88f15906-db27-4d32-8058-a8002db516ed,Monzo,"have always found Monzo so easy to use, exceedingly helpful customer service they always sort any issues I've had easily. 5* all the way",5,Positive,Positive,Positive,Positive,Positive
c29a3801-0713-4482-9025-bf7e1fad6ec2,Monzo,High Tech banking app.,5,Positive,Neutral,Neutral,Positive,Positive
28a1da67-d6b6-45f7-b892-f78e788457ce,Monzo,"the Dumbest Worst Bank app ever. They don't help people who were defrauded to recover their money, instead helping fraudsters by closing down the victim's account. SHAME ON YOU. My recommendation NEVER EVER USE THIS APP and Bank!",1,Negative,Negative,Negative,Negative,Negative
eb4ae3fa-b77f-4f5c-ac6a-51f5e3038b48,Monzo,"Just doing this in the hope the app stops bugging me to review. It's a bank app, tells me how much money I have. woohoo",5,Positive,Positive,Positive,Negative,Positive
0c0c17dc-4c14-402a-9aa7-6f525b83ef10,Monzo,Absolutely incredible,5,Positive,Neutral,Positive,Positive,Positive
d864b77f-2c98-4fc8-8ad7-8fcdc8a47b78,Monzo,I can't open my account it says can't offer me an account 😠😠,1,Negative,Neutral,Negative,Negative,Negative
b53868c4-7420-4976-b2a3-39fd4be003f2,Monzo,The best 👌🏾,5,Positive,Positive,Positive,Positive,Positive
4fdbb7a4-99aa-462b-a7a2-c01a83ff1256,Monzo,Don't try this is scam I have transferred my £100 to manzo from another account when I have used cash machine manzo charged me £3 fee so they will charge you £3 fee for each £100 even you're taking your own money,1,Negative,Negative,Negative,Negative,Negative
81c99acd-ce19-48da-ae2b-96e5a49d7131,Monzo,Best experiences I've received so many advantages,5,Positive,Positive,Positive,Positive,Positive
fed70793-5f47-483a-84e5-29ca0c5527ef,Monzo,"Monzo just kept surprising me, thank you Monzo.",5,Positive,Positive,Positive,Positive,Positive
3fdce2ac-5606-499b-91bf-d1b20ff3d1c8,Monzo,This bank has failed me repetitively now when it comes to purchasing a new car and it's customer service is extremely slow I have already confirmed the payment 3 times now that the bank failed me.,2,Negative,Negative,Negative,Negative,Negative
8280020a-d31a-4067-92a4-cfae2edeb71e,Monzo,I've used in Thailand not a problem. very easy to use.,4,Positive,Negative,Positive,Positive,Positive
9d37e7d5-b80b-4a18-bef0-60668494c72e,Monzo,"I tried to transfer money from Monzo to Clear Bank. First, they stopped my payment and then cancelled it. Now, they have blocked my account. They want me to submit a Bank statement for Clear Bank; otherwise, I can not use my money. Be careful with Monzo; they can cause trouble by holding your money and blocking your account. They may ask you to provide a marriage certificate, and if you are single, you can not use your money in Monzo.",1,Negative,Negative,Negative,Positive,Negative
d6062b3d-8378-43ef-8bde-cfc0cd44a6e9,Monzo,Best bank I've ever had,5,Positive,Positive,Positive,Positive,Positive
5b8eff1e-9367-4bc6-85a9-4af2e7fd484e,Monzo,love ❤️ monzo,5,Positive,Positive,Positive,Positive,Positive
5213dbe2-b567-485f-a46b-ef98aaae0a3f,Monzo,chefs kiss 👌,5,Positive,Positive,Positive,Positive,Positive
0285013c-9214-4a3d-adc6-bd06c2ab7bff,Monzo,Works on GraoheneOS,5,Positive,Neutral,Neutral,Positive,Positive
3450a4e0-901e-452d-995b-6cf5aaf2df9c,Monzo,excellent app to consolidate bank accounts great for travelling and paying abroad virtual cards are a boon too if you pay a few quid a month for them,5,Positive,Positive,Positive,Positive,Positive
f54b5eb7-c899-4d84-999a-26aff4008574,Monzo,I need to dy close now,5,Positive,Neutral,Neutral,Positive,Positive
279af9dd-c0a0-4414-b1e3-e8307eee82da,Monzo,savings interest rates are getting progressively worse,2,Negative,Neutral,Negative,Negative,Negative
1250368f-dd2e-4151-a365-4bbf7c51164b,Monzo,"Stay away from this joke of a card/account. I deposit my paycheck into this account, at least I did anyway. My transactions declined for no reason. They started holding my paycheck because I refuse to pay for this card at a crazy $12/month. And you go nowhere fast with ""customer service"". None of these non bank bank accounts are worth much but this one is absolute garbage.",1,Negative,Negative,Negative,Negative,Negative
1fd32a24-ab69-4cdd-bcde-759f704a1d78,Monzo,Perhaps the best banking app in the UK.,5,Positive,Positive,Positive,Positive,Positive
bd555528-af3d-4a79-8321-eec492eb35fc,Monzo,"Professional, courteous, exact",5,Positive,Positive,Positive,Positive,Positive
341c6a9d-da23-4fd1-a20f-96947120fece,Monzo,This is the best bank and app anywhere.,5,Positive,Positive,Positive,Positive,Positive
a4c8d90f-cc56-4984-8047-4e960e1c0045,Monzo,I love monzo the best bank in World,5,Positive,Positive,Positive,Positive,Positive
24d34a2a-2ebb-4e37-87b1-571f7d1af27c,Monzo,very good service,5,Positive,Positive,Positive,Positive,Positive
9d7f4d70-39a5-4767-a7a1-8555a6b920a0,Monzo,love it,5,Positive,Positive,Positive,Positive,Positive
d6265d5c-2ea2-4160-91ba-24c9bd6202b8,Monzo,"Very accessible company with in-app customer support that makes it really easy to resolve issues. The app is well laid out with many features that other banks don't have or don't do as well, for example you can create Pots to separate money either by category, time or however you choose, these can be linked to cards (the upgraded accounts include additional virtual cards) Payments can be sent or received using links or a share code. Many more features and financial services available in app",5,Positive,Positive,Positive,Positive,Positive
dd17a2f9-a490-4af7-ba71-7f67f35c4a9b,Monzo,been with them long taime bettr than normal bank,5,Positive,Neutral,Neutral,Positive,Positive
c1aa19e8-cffe-4a62-882f-53da599edd39,Monzo,Monzo is the best bank i ever had 👍👍👍👍👍👍,5,Positive,Positive,Positive,Positive,Positive
7f62a9a0-86a5-4a16-afec-e270bf4c5b7c,Monzo,"Love Monzo... I can't fault it at all. It's easy to navigate, secure, and I love how you can create 'pots' etc... I highly recommend.",5,Positive,Positive,Positive,Positive,Positive
091fea4d-6856-4086-bbdc-2143d2b7fce9,Monzo,"easy to use banking, nothing hidden",5,Positive,Positive,Positive,Positive,Positive
812868d6-4508-4675-9982-8365cffefcde,Monzo,amazing,5,Positive,Positive,Positive,Positive,Positive
4655b10f-4c29-483a-bd41-20585421d386,Monzo,Awesome And Excellent App 😀👍👍😀,5,Positive,Positive,Positive,Positive,Positive
b074b96a-86d2-4a50-abca-28a3461ec13e,Monzo,Best bank ever. I mean EVER! Always the best conversion rates. Always spot on on every aspect. Flawless bank.,5,Positive,Positive,Positive,Positive,Positive
07994495-7b99-4b5e-9649-245f7af8c2b8,Monzo,The only easiest banking I have met,5,Positive,Positive,Positive,Positive,Positive
6da10bd8-ed97-4378-b775-fffa235980d1,Monzo,absolutely fantastic bank the way a bank shoukd be. friendly professional helpful and easy to use. makes me feel confident about online banking. This BANK IS FANTASTIC,5,Positive,Positive,Positive,Positive,Positive
2e948755-9ec9-4a06-be0f-a1013dc9f7c4,Monzo,good until notifications stopped otherwise excellent app,5,Positive,Positive,Positive,Positive,Positive
10462839-cd97-4271-9baf-c802baeb567f,Monzo,Perfect 👌 👍 app 💯%,5,Positive,Positive,Positive,Positive,Positive
c26cb2db-1ff0-4f74-9b1d-b8cbd4779384,Monzo,"it works, it's simple and a joy to use, unlike many.",5,Positive,Positive,Positive,Positive,Positive
cdd35b28-a1ec-4775-b8d4-384e703e4c29,Monzo,"One thing Revolut does which Monzo doesnt, everytime you make a purchase on your card Monzo will ping you a notification saying ""You've spent XYZ today"" whilst Revolut will say ""You've spent XYZ todaym Your remaning balance is 123"". Its actually uber helpful in managing your money and being aware.",3,Neutral,Positive,Neutral,Positive,Positive
e1cd9d41-ec88-40be-af89-8702985b22a6,Monzo,"legendary app, easy to access your money and manage it, good app looking design, easy to send your friends money and receive money.",5,Positive,Positive,Positive,Positive,Positive
9c5d83d2-660b-4849-87ce-0e052e2290b7,Monzo,things r so easy no fuss,5,Positive,Positive,Positive,Positive,Positive
37cf26cd-6c50-4c0f-92c0-1023695c348e,Monzo,"clever, helpful and innovate banking",5,Positive,Positive,Positive,Positive,Positive
ace5c946-a5b3-423a-8fd1-730729f749b2,Monzo,brilliant,5,Positive,Positive,Positive,Positive,Positive
95aa29f6-4327-44c7-ae25-4f890b73f055,Monzo,Only as a secondary bank. No explanation why switch did not go through. Asks to co tact us. When calling it takes ages to get answer and they cant explain reasons why they rejecting? Use rbs santander chase to get full professional banking experience. What if something important?,3,Neutral,Negative,Negative,Negative,Negative
8e0a5eff-6e9a-44b4-8b10-6b18d84c1e15,Monzo,wouldn't recommend ive been with monzo for 3 years and all of a sudden my account has been closed luckily I was able to withdraw my money first verry disappointed in them,1,Negative,Negative,Negative,Positive,Negative
1027c1e5-203d-4a09-92df-b7d394597c45,Monzo,it really amazing u child can start saving u get opportunities whatever u wanna do with ur card download this app every 5 pound takes a pound and it goes to your savings at a certain amount it will put it in ur bank,5,Positive,Positive,Positive,Positive,Positive
aa3e9494-aa68-43d7-919f-0e6bb83a947a,Monzo,"Monzo is absolutely fabulous 👌. I don't regret opening an account with them. If you haven't, there you're definitely missing a lot.",5,Positive,Positive,Positive,Negative,Positive
8a402b5e-1041-46b4-ae23-ca728467634d,Monzo,Great product 👌,5,Positive,Positive,Positive,Positive,Positive
ba30fbeb-b639-4350-8a54-e8090c77facb,Monzo,brilliant,5,Positive,Positive,Positive,Positive,Positive
63cec49c-8da3-4aaf-a483-a14cc9d5d676,Monzo,"Monzo is fantastic, very upfront ditect online bank that has served me for over 10 years, i ditched high street banks long ago",5,Positive,Positive,Positive,Positive,Positive
3ed4dc5c-2029-498e-ab72-0ad2b8d20346,Monzo,Happy,5,Positive,Positive,Positive,Positive,Positive
5adb28f0-6e90-40a3-a976-1b4e04f1829f,Monzo,I love the fact that regular payments such as your salary are available 24 hours early. This is useful if you have had unexpected expenses. Pots make budgeting n saving easy to arrange.,5,Positive,Positive,Positive,Positive,Positive
058c2a0c-1404-4f91-99db-1f14aaf6208b,Monzo,"Applied for account and card shortly before going interrailling and I'm pleased I did. The app worked flawlessly, logging every transaction on the card immediately. I was able to immediately transfer money from my UK bank account using bank transfer to avoid paying a fee for payments in local currency - this even though my bank isn't on their list of banks to draw from.",5,Positive,Positive,Positive,Positive,Positive
bf198745-2d43-43ce-9922-fd6c045082df,Monzo,best online bank & easy to use,5,Positive,Positive,Positive,Positive,Positive
08ad88d6-64b3-4cb0-b08b-af2be6d3f57a,Monzo,amazing great for children and adults,5,Positive,Positive,Positive,Positive,Positive
0aab7b58-6673-4511-8f70-d37832b7ba15,Monzo,cery fast and easy to use OK 👍,4,Positive,Positive,Positive,Positive,Positive
ffde815f-cdd8-433b-9caa-3b132f08f985,Monzo,better than any of the so called big banks. best online banking app too...,5,Positive,Positive,Positive,Positive,Positive
7f427d92-8c00-4bcc-8488-9d5cefca0f28,Monzo,easy to use fast and efficient,5,Positive,Positive,Positive,Positive,Positive
65a7798b-5b85-483e-a416-e6e1829e69aa,Monzo,Disappointed.. tried getting card for family member.. No one gets back in touch !!,1,Negative,Negative,Negative,Negative,Negative
47fa5130-0262-4a75-bac8-407953a47f6b,Monzo,"Monzo is one of the most fit-for-purpose organisations and banks I have come across. Monzo - For Now, For Tomorrow, For Always.",5,Positive,Neutral,Positive,Positive,Positive
c1f0e321-aec5-467f-b49e-621011e0df1b,Monzo,had a Monzo premium account open for approx 3 years. Monzo closed my account with no details why. Very poor assistance and extremely difficult to speak with a physical assistant!,1,Negative,Negative,Negative,Negative,Negative
f4583352-505b-4165-9e28-ecca500e9351,Monzo,They're the best,5,Positive,Positive,Positive,Positive,Positive
6f7e08b0-cb10-47e1-bbb6-32a30345ac5c,Monzo,"easy to use, helpful ideas to manage money",5,Positive,Positive,Positive,Positive,Positive
9880b227-4ae3-4199-8322-eaa7d1bc068d,Monzo,forced mandatory updates that don't let you access your own money until you delete your own photos to make space for this bloated and mostly basic app,1,Negative,Negative,Negative,Negative,Negative
ef348730-9d2d-4102-8426-d7a10fc4fb2a,Monzo,amazing,5,Positive,Positive,Positive,Positive,Positive
6be1b6f7-236b-46c7-b502-e99d36b85c36,Monzo,amazing!!,5,Positive,Positive,Positive,Positive,Positive
902dcb99-0819-4680-8c34-672d3aa98b6e,Monzo,"Great service, as usual. Thank you.",5,Positive,Positive,Positive,Positive,Positive
5852686b-afed-48ad-b985-43c718fd861e,Monzo,Brilliant banking service 🤗,5,Positive,Positive,Positive,Positive,Positive
c5d76fe7-ff58-4394-9687-9f4ac96caaef,Monzo,it's very fast,4,Positive,Neutral,Neutral,Positive,Positive
976d68fc-d4c2-4f95-a5ad-d4126173ea64,Monzo,revolut is much better and international,1,Negative,Positive,Positive,Positive,Positive
03fbb42f-1453-4488-b51c-d039dba8eabc,Monzo,"Best banking app so far. No other banking app can beat Monzo ""GOAT"" after Messi GOAT 🐐. Highly recommended, easy to use without any hassle. 10 out of 10",5,Positive,Positive,Positive,Positive,Positive
26c8afc6-24e6-4940-a0b1-3b71333b3293,Monzo,it was one of the best banks I've ever opened I recommend everyone should have monzo,5,Positive,Positive,Positive,Positive,Positive
49c6d3f6-f38b-4865-aec9-32d1714a057b,Monzo,they steal money! and have no fraud protection!!! do not use this bank!,1,Negative,Negative,Negative,Positive,Negative
64d9660e-124f-4617-a5c4-d86e6cd4be3e,Monzo,how banks should be,5,Positive,Neutral,Neutral,Positive,Positive
0ed8ad8c-93e4-42df-b01e-e025af2e1c9e,Monzo,I LOVE IT,5,Positive,Positive,Positive,Positive,Positive
6779708a-e4a2-4ab9-b48f-64c7334e7fa1,Monzo,This is very easy.to use banking app. The instructions for use are clear cut and in plain English. it keeps you up.to date with you balance and gives you 3 or 4 days notice ofo ey.leavimg your account,5,Positive,Positive,Positive,Positive,Positive
1c4f5d0d-a6db-48ac-976a-cc822a3de0ce,Monzo,Excellent.,5,Positive,Positive,Positive,Positive,Positive
29c6e5be-40d8-4b2a-a1d4-2ac2a010a7a3,Monzo,"excellent service, I love monzo",5,Positive,Positive,Positive,Positive,Positive
57ad874a-b6ef-4424-b9f0-3c255fb204ff,Monzo,Excellent to receive salary a day early.,5,Positive,Positive,Positive,Positive,Positive
9fbe5266-baba-4b57-ae41-1b4155910fcf,Monzo,open confirm Malaysia,5,Positive,Neutral,Neutral,Negative,Positive
6ef698a3-220d-4c08-8fc2-61a343c89725,Monzo,love monzo. easy when travelling abroad. happy with all the other services too.. highly recommended,5,Positive,Positive,Positive,Positive,Positive
71409585-fb27-459d-a114-f7ebfcd54234,Monzo,I love the early Payment option! WoW MONZO Offers the best Banking services :),5,Positive,Positive,Positive,Positive,Positive
8521803e-e311-4dfd-963b-3159a2935d1f,Monzo,opening,5,Positive,Neutral,Neutral,Positive,Positive
e8bfefd3-b502-4eca-85d4-e54167e4f660,Monzo,brilliant,5,Positive,Positive,Positive,Positive,Positive
3acd8546-beba-4e8d-969b-fce825565b33,Monzo,Monzo offers very wonderful banking Services,5,Positive,Positive,Positive,Positive,Positive
e63d6de8-b42c-41e7-9082-6de73bb7e89b,Monzo,opened the app and found it blocked me out claiming I entered my pin wrong 3 times which is incorrect as I haven't been on in over 24 hours,1,Negative,Negative,Negative,Negative,Negative
252cec16-8112-4c0a-a3c7-b820ff98af4b,Monzo,Everything is good with Monzo,5,Positive,Positive,Positive,Positive,Positive
9762b6e2-9965-4406-9c86-c6b886359ad3,Monzo,been with Monzo for a while now love it,5,Positive,Positive,Positive,Positive,Positive
fe3b5f8e-2abd-4dfb-a666-cfe74eef2bcd,Monzo,"Card worked for a few months then just stopped working, was sent a new card which doesnt work either. Support just ask the same questions on a loop. will probably cancel account as the product just doesn't work and they don't seem to know why",1,Negative,Negative,Negative,Negative,Negative
1a596a34-8ace-4bdf-8b64-ae2d26165b8a,Monzo,perfect score,5,Positive,Positive,Positive,Positive,Positive
d56ac5b1-ce3b-491c-8473-09366094b9f3,Monzo,amazing and easy banking and get paid 1 day early is a masive help,5,Positive,Positive,Positive,Positive,Positive
aeb2f0ce-984c-4ab5-8924-913f23bdeced,Monzo,great service,5,Positive,Positive,Positive,Positive,Positive
dec5f81f-9165-48a0-a9de-1e3c80473a83,Monzo,Awesome banking experience so far. Loving the quick and handy system.,5,Positive,Positive,Positive,Positive,Positive
e5ed13c1-df29-4d71-b94e-656bdbd1830f,Monzo,Excellent and easy to use,5,Positive,Positive,Positive,Positive,Positive
49877bbb-04d6-4727-914a-5353739f3512,Monzo,Good idea,5,Positive,Positive,Positive,Positive,Positive
a58c2576-9c70-4c15-8ebc-dbfec6cf297b,Monzo,the app won't let me take a photo of my passport... just keeps saying try again in a few minutes... I've tried 100s of times for the last 2 days... I give up!!,1,Negative,Neutral,Negative,Negative,Negative
55e91e58-4955-4fc7-9908-446e539eaf49,Monzo,love Monzo keeping track of the different types of payments I'm making. their online chat for disputing payments are super fast and efficient. going abroad with it is good too because you can do so much with it to protect your spend limit and I belive it also has the lowest exchange rate.,5,Positive,Positive,Positive,Positive,Positive
721e4c62-6758-440b-81f0-8179f052e54e,Monzo,Thank you very much for the amazing app.,5,Positive,Positive,Positive,Positive,Positive
636bfe17-c7d4-4f70-a56e-f0f76ba7bc96,Monzo,great service 👏,5,Positive,Positive,Positive,Positive,Positive
62f4cc9b-2646-420f-b6a4-7a0aff2c284d,Monzo,"new account just opened received my card in a flash time ,can see everything I need on app great .even got an invite from a friend and both received a bonus how good is that .",5,Positive,Positive,Positive,Positive,Positive
115a0cac-da0a-4c98-8148-48dd335f49d6,Monzo,A plus,5,Positive,Neutral,Positive,Positive,Positive
b8eb9065-cae4-4d61-b756-5a5f846bd224,Monzo,"EDIT: I used to love Monzo but over the past year their app has developed multiple glitches, often shows incorrect info or doesn't work properly, and their customer service has gone from brilliant to abysmal. OLD: Fantastic app and bank. I find their most useful feature is the ability is to put money out of your main account into dedicated pots - makes managing my finances so much easier when I can set all of my bills to come out of one pot and then just top up that pot every time I get paid.",1,Negative,Positive,Negative,Positive,Positive
309d27ff-7984-4abb-a67e-c6ff5b913286,Monzo,I have an account but my partner keep being refused despite having good credit and everything. support is not helpful at all. awful experience,1,Negative,Negative,Negative,Negative,Negative
ec70faa3-555b-401d-860d-75eb519ba443,Monzo,"my app is no longer locking when I leave, even after days it's not locking",4,Positive,Negative,Neutral,Negative,Positive
6d1bef1d-f583-493e-be20-40f57f3bfa8d,Monzo,Best bank account I've had. Everything is easy.,5,Positive,Positive,Positive,Positive,Positive
bc69d8f5-c26f-406f-8681-f2eeb373f2f6,Monzo,very good quality,4,Positive,Positive,Positive,Positive,Positive
732a4930-a044-4f19-9628-55d377d747bd,Monzo,"Within a few days of opening an account, it was being hacked. When I called them about it, they were so nonchalant and unconcerned that it made me question the integrity of this company. I withdrew my money and closed the account. However, they would not delete my information from their site. Then a week later, the bank account I used to fund Monzo was hacked! Consumer beware!",1,Negative,Negative,Negative,Negative,Negative
ab1d079c-ef60-43db-9812-8137e022b5cb,Monzo,best banking app around,5,Positive,Positive,Positive,Positive,Positive
c1f5b684-b569-4f35-9adc-0c1b552ec7bc,Monzo,the app takes ages to open/load,1,Negative,Neutral,Negative,Negative,Negative
6232fbd8-c619-4fc1-a3ff-6ce64861d703,Monzo,"Monzo went from a 5 star review down to 2 stars. why? They decided to go from a free banking app, offering 4% APR savings accounts and a really cool way to pool money into individual saving ""jars""... Now? Now you have to pay ANOTHER subscription in order to have access three saving jar features (Litteraly, the only reason I opened an account). They also made sure to add the sprinkles.. 2% APR interest unless you pay your $10 monthly dues.. So yeah, Monzo. 2% for me? 2 stars for you.",2,Negative,Positive,Negative,Negative,Negative
7a373923-421b-4326-a632-810e93e884f4,Monzo,Subscription for early direct deposit coming soon. If you already had it it is being taken away. good luck,3,Neutral,Positive,Neutral,Positive,Positive
5aba2c34-c77e-4bca-9ad3-98ae7fc601aa,Monzo,I'm happy for monzo,5,Positive,Positive,Positive,Positive,Positive
ca1d4e09-613c-43ef-94b3-c7ab0f4f7e3f,Monzo,"Monzo of my life is better now because of the organisation that allows one to use, I highly recommend it as the best online Bank with a great app too.",5,Positive,Positive,Positive,Positive,Positive
2bd0f19a-0bc4-49c3-b856-4d4a8af51a7a,Monzo,"Brilliant at first couldn't recommend highly enough. However, closed my account without notice after 5 years of banking. I'm now left with trying to reinstate DD and when asked Monzo said from time to time they close accounts and no reason is required!! I have savings and investments with them and feel completely let down after championing Monzo for years.",1,Negative,Positive,Negative,Positive,Negative
10f3fc99-1e70-451b-8e77-ac458a86c1e3,Monzo,"This bank's awesome! It's great for saving, super easy to use, and it's really helped me manage my money better. 10/10 😁",5,Positive,Positive,Positive,Positive,Positive
12f18f76-0d86-4865-8ba6-9d85e8befeb6,Monzo,do not use them! they have no fraud protection!!! they are not helping me with disputes!!!,1,Negative,Negative,Negative,Positive,Negative
653894bf-6f9f-4082-a2ed-146e114e330f,Monzo,been in my overdraft for a while I was contacted by the apps agents asking if I needed help ect with a payment plan. 5 hours and 3 agents later I did the budget and now more hoops to jump through now. idk why monzo is asking to help me with something that both of us would be happy solving if they are going to make it long and difficult along the way. the customer service agents are repetitive and unhelpful and wasting both our time.,1,Negative,Positive,Negative,Negative,Negative
c4a9359a-94ae-4edb-aa64-1a0c400feb21,Monzo,"Very good, and prompt",5,Positive,Positive,Positive,Positive,Positive
6bfdffff-cb5c-4882-9881-a480d5479b32,Monzo,quick service,5,Positive,Neutral,Positive,Positive,Positive
405bb45a-352d-444c-804a-9d20b985254d,Monzo,"Great banking app, very easy to use and I feel that they have my back if I need help.",5,Positive,Positive,Positive,Positive,Positive
5eab4b2a-8650-4157-9acc-013eef2a6824,Monzo,Monzo is a reliable platform,5,Positive,Neutral,Positive,Positive,Positive
d67d053d-1464-4209-9f89-e72b57547f00,Monzo,very reliable service,5,Positive,Neutral,Positive,Positive,Positive
aa822890-e087-4ec7-b298-095954f059be,Monzo,the peoples bank i can describe Monzo,5,Positive,Neutral,Neutral,Positive,Positive
2058ac18-d729-4fc8-9810-e83ea0f51162,Monzo,superb 👌,5,Positive,Positive,Positive,Positive,Positive
47be4e1a-0d14-4c91-a526-00b244ff4daa,Monzo,brilliant bank. everything is so easy and clear and they don't hammer you with fees,5,Positive,Positive,Positive,Positive,Positive
40d141f5-2f55-4f00-a6f5-08e8bdfd8725,Monzo,locks you out when you try to revel pin it loads the normal screen ....,2,Negative,Neutral,Negative,Neutral,Negative
98c1b6e0-bfa2-4f5d-a06e-a8234566720b,Monzo,"I want to open bank account in monzo. but after fill every details, It says ""Unfortunately We can't offer you a Monzo Account."" Provide any reason why it fails, or provide restart application form link or option. First experience not good.",1,Negative,Negative,Negative,Negative,Negative
8877bd55-544c-451b-b6b5-6527471e4fa0,Monzo,i love banking,5,Positive,Positive,Positive,Positive,Positive
19ff4294-41cb-4172-8f75-4b36cba59ad7,Monzo,terrible customer service.,1,Negative,Negative,Negative,Negative,Negative
f72c113a-f7b4-4b78-bee6-e4beb1807155,Monzo,very nice,5,Positive,Positive,Positive,Positive,Positive
fc803bd4-40e7-4271-82dc-21bbc1ad42a8,Monzo,This is a brilliant bank to be with.,5,Positive,Positive,Positive,Positive,Positive
fad59a23-ba37-4bd7-9fb1-ae81f2b721e6,Monzo,great product - brilliant to share bills with friends,5,Positive,Positive,Positive,Positive,Positive
6c9bc68b-99eb-4500-a293-1f1f4a57ec2a,Monzo,legendary h,5,Positive,Neutral,Positive,Positive,Positive
b99c27e3-9695-4c0b-b4da-7ff3d7f2927a,Monzo,No i am students,5,Positive,Negative,Neutral,Positive,Negative
37882392-531d-4f48-aa35-79138c54f413,Monzo,Wasn't that good for an immigrant to open an account.,1,Negative,Negative,Negative,Negative,Negative
eb07aedc-cdaf-4f86-b136-68099aa44866,Monzo,"return screenshots, they always worked and now blocked. it's not up to you to decide what I can and cannot screenshot on MY PHONE",1,Negative,Negative,Negative,Positive,Negative
724355e6-fba3-4941-8e89-15650dafa55d,Monzo,app won't work haven't been able to use or sign in . for days ?? app still won't let me sign in . saying check network. when I have perfect wifi or data on ?,1,Negative,Positive,Negative,Negative,Negative
a9fcc3e0-ddf2-4e6c-b4b8-56705556bf85,Monzo,love Monzo bank great customer care,5,Positive,Positive,Positive,Positive,Positive
71d96bda-53fa-49cc-8304-5e99c0110430,Monzo,excellent,5,Positive,Positive,Positive,Positive,Positive
12b2a5ec-c233-4e95-8566-52f0b52bf9a5,Monzo,"Waste of time, don't know my pin so I do the verification video and submit it, get a little notification to say I've been verified and tap to view pin, do this and it takes me back to submit a video again, pointless I can't log in and done the verification video about 5 times already.",1,Negative,Negative,Negative,Negative,Negative
d1054be8-c4eb-4231-b3fa-8fdab0e72b7f,Monzo,im very happy 😊 with monzo,5,Positive,Positive,Positive,Positive,Positive
80fe44d8-3daf-41c8-8f2a-173b3ac9fc79,Monzo,brilliant brilliant,5,Positive,Positive,Positive,Positive,Positive
b83ce509-151e-4a3d-b635-53575d417b03,Monzo,I really like this app. I don't understand why they take some of my money sometimes though. interest?,4,Positive,Positive,Positive,Positive,Positive
b0ceec8c-853c-4dea-b110-96078b3ed54e,Monzo,Modern design and very easy to navigate,5,Positive,Positive,Positive,Positive,Positive
9fb4bf1c-26c9-4794-a469-898f1a4a193f,Monzo,I can't get to my account without a phone. I'm going back to cap one or SoFi. if you lose your phone or it's stolen you can't get your money,2,Negative,Negative,Negative,Positive,Negative
d233efd3-0fc1-476d-a8b2-c840e6312684,Monzo,Splendid app,5,Positive,Positive,Positive,Positive,Positive
8fac0983-b4f9-4a29-ba74-ffdae7890423,Monzo,love Monzo hate Barclays,5,Positive,Positive,Positive,Positive,Positive
b1c92d6c-48dc-4d9b-b641-6a199191073e,Monzo,I have used a friends card as they're nit using anymore. Still lil 2 learn.,2,Negative,Positive,Neutral,Positive,Positive
b2568f1a-2987-413e-87f4-3f81f053af75,Monzo,"one of the most intuitive, helpful apps I've ever used",5,Positive,Positive,Positive,Positive,Positive
f6dd31c1-471d-464c-9ea2-270e1975ed2d,Monzo,perfect 👌,5,Positive,Positive,Positive,Positive,Positive
da2d33f5-3af9-49e5-9f85-d400d6829deb,Monzo,"Extremely useful for transferring money instantly to someone else, easy to navigate and multiple saving and investment pots.",5,Positive,Positive,Positive,Positive,Positive
b8322617-ebe4-4bb9-8b60-681f6c244b85,Monzo,excellent online banking and always help available for anything you need. I highly recommend Monzo. just hope they branch out into Ireland for my family and friends,5,Positive,Positive,Positive,Positive,Positive
3dbae1ef-6000-4a53-827c-db7f98b4704c,Monzo,Beautiful,4,Positive,Positive,Positive,Positive,Positive
81bf779c-5f85-4e75-b170-1f1e871f6840,Monzo,not bad. yes 😇,5,Positive,Positive,Positive,Negative,Positive
3f3ae5b6-621d-471a-84fa-699d57cb8ad5,Monzo,I am truly satisfied with Monzo I think it's great just like cash app,5,Positive,Positive,Positive,Positive,Positive
c0dda23f-a513-4287-82f6-427048504529,Monzo,"Exactly what needed to request money. However, I spent ages trying to find request links I've created. The help page shows this: ""How do I manage payment links and invoices I’ve created? In the app: Head to the ‘Get paid’ tab. You’ll see all the payment links that are due or already paid, ..."" The only problem is: There's nowhere a 'Get paid' link to find. And nothing to find anywhere within the app, so no option to manage created links.",3,Neutral,Positive,Negative,Negative,Positive
6f1e8ba3-12c7-4db8-9d2b-2e5b3af23365,Monzo,"No doubt this app is good but I made an international transaction two weeks ago and they still don't get the payment and there is no option of getting the money back or cancel transaction, this is not good",1,Negative,Negative,Negative,Negative,Negative
cecb82bd-0f91-46de-9b19-ad63a4cbf3f3,Monzo,excellent app well done dev,5,Positive,Positive,Positive,Positive,Positive
9ef215c7-80b8-458a-8fc1-abf455069160,Monzo,100% reliable,5,Positive,Neutral,Positive,Positive,Positive
9f94d3c7-ca2b-4dda-9213-85c5090710c0,Monzo,simple and exceptionally efficient,5,Positive,Positive,Positive,Positive,Positive
86298ca4-61eb-44e5-9a9d-d34f4265d689,Monzo,Excellent online banking and great little perks.,5,Positive,Positive,Positive,Positive,Positive
0432c229-1ef5-414e-9c1c-414b9bd1e94b,Monzo,"At last, a bank account that is up with the times!",5,Positive,Neutral,Positive,Positive,Positive
4a0c3957-6ad9-4de9-9103-fba4107a49ec,Monzo,app not working cannot get past the overdraft screen please fix,1,Negative,Positive,Negative,Negative,Negative
37e788b0-38eb-4ded-be68-240c76e3eccb,Monzo,"Very good app but this is also a bug report, idk how to report bugs but when you request money without specifying a value it automatically sets it to £1.00",5,Positive,Negative,Negative,Positive,Positive
fad04f2f-5eb6-4b01-a858-fe00ac151e19,Monzo,"Excellent app, always does exactly what I need and offers a lot more. Really helpful with setting saving strategies. Great customer support. Immediate access to documents when needed. Fun and engaging to use.",5,Positive,Positive,Positive,Positive,Positive
f11e2946-3455-457a-9800-c8a27cc166ae,Monzo,very practical.,4,Positive,Neutral,Positive,Positive,Positive
774541c4-f22c-435a-861c-b6a26d7653a2,Monzo,"MONZO BUSINESS NOW HAS QUOTING ASWELL AS INVOICING. Absolute major game changer for people who are running a business. Can now send quotes and then quickly convert to invoices, this is actually going to save so much time it's unreal. Monzo the greatest bank I've ever used. Super simple to do everything and straight forward. Thanks for actually making my life so much more straight forward!",5,Positive,Positive,Positive,Positive,Positive
b2828067-76b1-4bfd-baec-54c366e522bf,Monzo,Good bank but not for community interest banks.,3,Neutral,Negative,Neutral,Positive,Positive
c5d8b381-a919-4944-917b-5dacb3bc581b,Monzo,never had anything to complain about. Even after being a victim of fraud money was back in account within an hour.,5,Positive,Negative,Neutral,Negative,Positive
5cf8baac-7fc4-4caf-9161-abc43d9c42a0,Monzo,the best bank,5,Positive,Positive,Positive,Positive,Positive
63e36303-6d07-4c25-8c66-e6a41aa1e16b,Monzo,It's been five years and a few months I am a Monzo's customer and today 28/04/25 I needed to make a 900.00 pounds transaction to my new landlord ( the first payment to take possession of the room and have the tenancy agreement) and Monzo didn't allow me to pay even if there are money into my bank account ! Can you all imagine which would be the opinion about yourself of a person who hasn't known you yet if you are truthful or not when it's time to pay ? A shame.,1,Negative,Negative,Negative,Negative,Negative
84168deb-c93a-49f6-a710-d4e55c923f77,Monzo,easy to use as needed,5,Positive,Positive,Positive,Positive,Positive
c3fcae82-b511-4622-a825-50bdf864111e,Monzo,"latest updates seem to have dropped security on the app when switching been another app and Monzo. Before it would ask for my security log in again when switching, now it doesn't. it lost the option in the settings.",3,Neutral,Positive,Negative,Negative,Neutral
f300ff45-a9a4-47d1-ba15-700ff54d947c,Monzo,"I love the bank , but it say not for Nigeria people",1,Negative,Positive,Neutral,Positive,Positive
e65f74c1-94bc-40d3-b2e7-5f18b2207e0b,Monzo,my phone keeps saying the app has a bug. it keeps kicking me out of the app and it keeps showing the message about the app having a bug,1,Negative,Neutral,Negative,Negative,Negative
f7a3e227-e0ef-4342-8977-3579c03c6fb5,Monzo,"excellent stuff, just shared a dinner bill.",5,Positive,Positive,Positive,Positive,Positive
31f7e78b-faa9-40b0-b07d-d85b18bae3b1,Monzo,loving monzo so far 😍,5,Positive,Positive,Positive,Positive,Positive
8aeb5532-bf6c-4fc1-8a7a-0721e461df56,Monzo,Best Bank - With More Modern Features,5,Positive,Positive,Positive,Positive,Positive
ac0f4927-a888-480b-ac20-42cdd3121364,Monzo,great online bank,5,Positive,Positive,Positive,Positive,Positive
16facbcf-d2e6-4a2c-8d9f-58c88916c318,Monzo,I'm really enjoying this app. Especially the early pay day features. Thank you so much monzo. You are a life saver,5,Positive,Positive,Positive,Positive,Positive
cba098c9-8964-45b7-b9d9-3ae9d925c589,Monzo,great app.... works as it ahould,5,Positive,Positive,Positive,Positive,Positive
938a21ec-5284-4969-950c-316318879571,Monzo,wonder full each and every moment with MONZO 🩷,5,Positive,Neutral,Positive,Positive,Positive
d81b29f5-3640-4e63-8f35-9283542a51da,Monzo,"this app is one of the best apps you can use. it is very easy and shows you your transactions and balance instantly. Also, you have options of using different forms of security to protect your account. you can use it to transfer to other banks outside your country of base. Well done monzo",5,Positive,Positive,Positive,Positive,Positive
92fa649c-a9b9-4fc7-bb87-c0675f34e4b1,Monzo,amazing app,5,Positive,Positive,Positive,Positive,Positive
e67e8f0b-d311-453a-bdcf-b70ee69f4d7b,Monzo,"Help lot, when needing to access funds, knowing I can take payment early",5,Positive,Positive,Positive,Positive,Positive
da7a7b0d-07e7-44b1-8990-e4d65ca86378,Monzo,bad,1,Negative,Negative,Negative,Positive,Negative
19aa2289-531f-42b1-83f5-83c0c6f21179,Monzo,Excellent,5,Positive,Positive,Positive,Positive,Positive
572572c1-1b8b-475c-b167-46e456fc7bf3,Monzo,It a excellent app but for the under 16 card you can't transfer money to people and your other parent,4,Positive,Positive,Positive,Positive,Positive
afd910e7-5995-4503-a1e0-3c2d19f76505,Monzo,I have try for about one hour now to update my application but I can't,1,Negative,Neutral,Negative,Negative,Negative
1e8713c4-06dc-49e5-9b3c-da44eddfc16a,Monzo,"Friend recommended me this bank since I was unable to set up a regular bank account at the time. In hindsight, he did me a great favour, been using Monzo since. Excellent service",5,Positive,Positive,Positive,Positive,Positive
1576aa5f-023d-4817-8975-91ef801e0686,Monzo,very understanding bank hi,5,Positive,Neutral,Positive,Positive,Positive
4171b85c-2e23-4496-94da-028d01127774,Monzo,I have a kids account i can make transitions but i cant transfer anyone money and no one can transfer me money at least they should allow family members but no one .,3,Neutral,Negative,Negative,Negative,Negative
8e4b7ce6-0771-4507-a73a-28e6b59dd77e,Monzo,banging,4,Positive,Neutral,Neutral,Positive,Positive
1640b24a-6b69-4101-8a80-51bbc83218dd,Monzo,its the best bank app out there lets you have your money a day or two before you get paid its just grate,5,Positive,Positive,Positive,Positive,Positive
6775f865-20fa-4d00-a122-88daffd41b01,Monzo,new bank for me USA,5,Positive,Neutral,Neutral,Positive,Positive
18b3fbbb-9b88-4562-9ec7-30c75524e88f,Monzo,"At first, I thought it seemed a good banking app. Until I had some money put into my account. It turned out the money wasn't off the person I thought it was off.. Anyway, Monzo took the money out of my account before even getting a statement or permission from me. So now I'm not their biggest fan..",2,Negative,Positive,Negative,Positive,Negative
100b5974-ff9a-46e9-8c7a-af8c311cbc89,Monzo,"very good one. I love it, I can split the bill, I can have my savings without problems.... I really recommend",5,Positive,Positive,Positive,Positive,Positive
c9b42618-d4bd-472d-bc92-f024816e806d,Monzo,good stuff,3,Neutral,Positive,Positive,Positive,Positive
1d2c9f5b-fc85-465b-b2c7-9ce88768f472,Monzo,best bank I have ever banked wit,5,Positive,Positive,Positive,Positive,Positive
02d58184-8369-407d-bead-6984d16308b7,Monzo,easy to use and very helpful for saving.,5,Positive,Positive,Positive,Positive,Positive
8179e5c9-5aac-4b26-96b8-4cbe08728036,Monzo,"I liked Monzo up until they sent me a text and email to say they were going to close my account two months afterwards - no reason given. Today, 11th April, they sent me an email - six weeks before the closure date itself, they had already closed it!! This is really poor as I still had mo ney in it. I didn't owe them anything nor did I have an overdraft. They told me to email them or phone them: I have done both. Emails rarely get answered in a timely manner and they are telephobic!",1,Negative,Negative,Negative,Negative,Negative
f9ff8c9c-2af9-414a-be81-d32a2ca0447c,Monzo,app and bank are both brilliant,5,Positive,Positive,Positive,Positive,Positive
4da8c1b4-fcfa-4fc9-b8d3-4a080e0e8b9c,Monzo,probably one of the best for banking,5,Positive,Positive,Positive,Positive,Positive
b12e0390-6a77-401a-a710-4421c7792fd2,Monzo,fantastic bank,5,Positive,Positive,Positive,Positive,Positive
7e45245c-8e8b-43fd-b652-74d15129f2c7,Monzo,"They freeze my money, and no one replied from support",1,Negative,Positive,Negative,Positive,Negative
b5132f71-e08a-4971-887f-81d6a63abec0,Monzo,Great banking experience glad I changed.,5,Positive,Positive,Positive,Positive,Positive
a775cb37-1ecc-4919-8eaa-98de695e9a7b,Monzo,why are you regretting me from opening monzo ...,1,Negative,Negative,Negative,Positive,Negative
e304cd0a-5e5b-479d-986e-526ebc1f03f7,Monzo,great bank you can see exactly where and when you have spent. transactions can be made immediately. lost stolen cards replaced without fuss.,4,Positive,Negative,Positive,Positive,Positive
143f6e74-b400-4b67-b5dc-45f308a961d0,Monzo,The early payment is an amazing option. Thank you 🙂,5,Positive,Positive,Positive,Positive,Positive
73b2ebac-d9bf-4f85-a478-76cc60382115,Monzo,I love it,5,Positive,Positive,Positive,Positive,Positive
5cd2582b-cc5e-4b61-9bcc-c3147373c457,Monzo,"Banking as it should be. Accessible, intuitive, helpful and CLEAR. Thanks Monzo.",5,Positive,Positive,Positive,Positive,Positive
457e7135-f5ed-4f09-ac76-814a612d416d,Monzo,I'm Appy,5,Positive,Neutral,Positive,Positive,Positive
c07e4d3c-c5e7-4672-99c8-8ca125891867,Monzo,Very happy with the features and ease of use.,5,Positive,Positive,Positive,Positive,Positive
0b730531-0940-499b-9124-da02bd574cb9,Monzo,good customer service,5,Positive,Positive,Positive,Positive,Positive
9447e15f-d3c9-4ded-833c-cf39ad77607b,Monzo,it's not available in turkey,1,Negative,Neutral,Neutral,Negative,Negative
afc09d9c-4cd5-4296-87f1-37eb28427296,Monzo,Facility My Life,5,Positive,Neutral,Neutral,Positive,Positive
7777d065-3486-4598-921d-11fdf80f5224,Monzo,"haven't had any problems since banking with Monzo, brilliant app , great customer service etc all in all very impressed with my experience so far.",5,Positive,Positive,Positive,Positive,Positive
b12ab76c-3de9-42da-82b3-47c7aebd598c,Monzo,stopped money from coming into my bank so now can't afford to live or pay bills and rent tried to contact them no reply now cant see my disabled dad in hospital can't afford to get to work can't afford to eat going to lose everything due to the financial situation monzo have put me in will be seeking legal advice on the matter for compensation due to extra stress on my mental health and loss of earnings and unpaid bills,1,Negative,Negative,Negative,Negative,Negative
eb1753fe-06a6-4706-ae94-28c09d04d641,Monzo,my account was rejected without explanation,1,Negative,Negative,Negative,Negative,Negative
25e7c7be-23c3-4012-95c2-6c8b6a8a07eb,Monzo,"Can't open a new savings or investment account. Have tried contacting customer service and told there is nothing they can do. Update: finally I can open a savings pot, however I can't upgrade to Monzo flex :-(",2,Negative,Negative,Negative,Negative,Negative
b159cb06-7e76-4b8b-993c-ac1591ac772e,Monzo,I just used monzo and my mum activated my account but it won't let me log in at all can u fix that please,3,Neutral,Positive,Negative,Negative,Negative
6ce58f7a-ddbf-49c9-81a6-e7995bf978f3,Monzo,"Fantastic service from Monzo ,I had issues about overpaying a bill,Monzo assisted me without hassle in retrieving my payments that I had foolishly made.",5,Positive,Positive,Positive,Positive,Positive
92247e54-8039-42ed-bb35-b6b454bfd02c,Monzo,"sent me a letter inviting me to apply for an account for my new business, waste my valuable time making the application. then decline without reason. that's banking for you nowadays. monzo in the steaming pile.",1,Negative,Positive,Negative,Negative,Negative
89e520ff-0ba7-4f4b-90fd-cb324fb2f650,Monzo,Unable to create an account. No reason mentioned.,1,Negative,Neutral,Negative,Negative,Negative
a3eba3e7-0eb3-41af-a5f7-dc217a7902da,Monzo,Monzo is simply the best!,5,Positive,Positive,Positive,Positive,Positive
9a67b907-e0e1-4b34-8acd-2433fe87617c,Monzo,Excellent bank! Helps with money management and knowing where you stand with your finances.,5,Positive,Positive,Positive,Positive,Positive
3ab7b05f-c6a3-4059-8802-bf30d6b0e8a6,Monzo,been trying for 2 days to register now. app stating an error,1,Negative,Negative,Negative,Negative,Negative
4379914d-1394-4aa4-b6bb-98552deb3dda,Monzo,app does not work,1,Negative,Neutral,Negative,Positive,Negative
c2ab4663-71aa-443b-9990-aee97370805e,Monzo,Fantastic,5,Positive,Positive,Positive,Positive,Positive
f5d9a8e3-d194-4c20-a766-a3fad969b957,Monzo,An amazing service,5,Positive,Positive,Positive,Positive,Positive
63fecfa4-f426-48fd-81dc-109c0ebdbf6a,Monzo,"can't sign in yet ,hoeing very soon to do so",5,Positive,Neutral,Neutral,Positive,Negative
228ae43b-df39-457f-a51f-13a52c34d296,Monzo,"best bank by far, no other bank stands a chance.",5,Positive,Positive,Positive,Positive,Positive
6e95f786-b182-4a8d-9ba3-179a2956c5d4,Monzo,Still one of the best banking apps. Just seamless,5,Positive,Positive,Positive,Positive,Positive
276ec2f3-aa21-4b35-bf99-0037666d8d7f,Monzo,"I just feel like a guy is going to work, but he doesn't even want to answer anyone.NANE IS BIBI he dont reading nothing is someone text support he got ote text ready and( copy paste ) and this is all. all day in worm office and coffe time 22020 times .. tpuuu !!!!!! i dont sayng everything now but i wil do next days",1,Negative,Positive,Negative,Negative,Negative
4d17bf44-2b28-4cbc-8c08-d4a7c7e37876,Monzo,"I applied for Monzo A/c in September 2024. It was rejected.I got Lloyds Bank A/c, Barclays A/c & Revolute A/c. Today I checked again. Did all necessary datas and upload documents. Finnally, I got information that you can't open account here. Is it that much great bank than Lloyds and Barclays. Monzo bank people not realising that world is changing. Banking sector facing tough competition. The bank is not adaptive. Feeling, I am very fortunate that I didn't get an account in this Toilet Bank.",1,Negative,Positive,Negative,Negative,Negative
a7e7dc04-aea6-4e28-aa34-3a90e60e1add,Monzo,Such a great experience using monzo very flawless and easy to use banking application..,5,Positive,Positive,Positive,Positive,Positive
f904b65f-27a5-49ff-a5cc-5c63dd1c8b71,Monzo,MONZO is hands down the best online banking experience. simple straightforward opening process and the app is feature packed.,5,Positive,Positive,Positive,Positive,Positive
19e0d228-d8f0-4812-9387-dcf1e7ae0f64,Monzo,love this bank ...and the app is so clever,5,Positive,Positive,Positive,Positive,Positive
8a484114-d119-434c-bc32-370cf55f31aa,Monzo,"It is reliable, and l never knew it works in any country",5,Positive,Neutral,Positive,Positive,Positive
31700ec7-4447-4274-8d24-0f7ba74ae901,Monzo,Best banking app by a country mile.,5,Positive,Positive,Positive,Positive,Positive
7fd12266-f4a8-4a5e-a08b-c1e42de041b0,Monzo,Excellent service and lovely staff who are very helpful and friendly. Would recommend monzo to all family and friends.,5,Positive,Positive,Positive,Positive,Positive
22dcaea3-4ab4-46e6-a1d1-56439f752ad0,Monzo,Highly recommend Monzo Bank 👌🏽,5,Positive,Positive,Positive,Positive,Positive
02a1f386-2f84-4744-b9ef-5f2c34a0269f,Monzo,"Really simple to open my account (just a couple of minutes) Set everything up on a Monday lunchtime and my card was delivered 9am the following day 😀 The app is brilliant and very useful, impressed so far 👌",5,Positive,Positive,Positive,Positive,Positive
eddb6f15-1f14-42bd-bcef-fed3d87a73c2,Monzo,"I really enjoy this app, never been a saver but with Monzo it's really hard not to.",5,Positive,Positive,Positive,Negative,Positive
fc41b551-460d-45ea-b416-6b01b555c1da,Monzo,Monzo is a easy and good banking platform for everyone...,5,Positive,Positive,Positive,Positive,Positive
c10f2cf5-dc80-42b0-b1ae-1366ce71b669,Monzo,"Hello... I urgently needed to talk with someone from your CS regarding my bank account. I tried to call to Monzo Bank. You missing in your option for some urgent problems. By the way, there is horrible music, which can be played on funerals!!! I was on the phone more than 45 minutes. No one pick up the phone!!! Absolutely ignorance!!! The same experience I have with yor chat!!! No answer, no chat!!! Probably I should apologise to you because I'm the rude who disturbing when you drink your coffe",1,Negative,Negative,Negative,Negative,Negative
30dbb42b-08e4-4883-8d59-41d830e16704,Monzo,"Monzo is the best bank and there app is so easy to use, I have one issue with them, I went to chat with us and got a real person. They couldn't resresolve it straight away but it was sorted within a month and they even gave me £80 compensation for the trouble. Such a supportive and honest bank!",5,Positive,Positive,Positive,Positive,Positive
1f04ca38-c8c1-4059-b6b8-199dcf449d16,Monzo,Fabulas banking system,5,Positive,Neutral,Neutral,Positive,Positive
1e58a234-fdce-431d-aa93-97a0d297866b,Monzo,"love Monzo, so easy",5,Positive,Positive,Positive,Positive,Positive
4281cf13-7a84-4acc-9f83-0f6c75090bbc,Monzo,Monzo customer service has deteriorated completely. Such a horrible experience trying to get anything flagged with customer support. It's a shame because the reason I got monzo was their customer service. You get such a better experience with other challenger banks now.,2,Negative,Negative,Negative,Negative,Negative
b79b297a-7da3-454b-88b9-709e46f76a20,Monzo,Easy to use.Good customer service and safe refundable.,5,Positive,Positive,Positive,Positive,Positive
f26373ef-5e51-4109-bde0-34376740ea2c,Monzo,"the app is what made me switch from a traditional bank. its so functional and easy to use, not slow, very customisable. would recommend",5,Positive,Positive,Positive,Positive,Positive
a8ee1257-d444-45dc-bb1c-d70b9f4a4722,Monzo,very bad in comparison with others,1,Negative,Negative,Negative,Negative,Negative
cd4f0528-c59d-433d-879e-a7e0a0657001,Monzo,I cannot get into the app on my new phone. It's installed but I cannot get past security. As happened last time I got a new phone. And there's no customer service at all. This is just one of the reasons why I don't use Monzo as my main banking app and why I never will.,1,Negative,Negative,Negative,Negative,Negative
ea3c3844-5d03-460c-931a-0326a8e47f94,Monzo,all good and safe,5,Positive,Positive,Positive,Positive,Positive
bb719341-e7b0-4c15-ae5a-2e1075ad77be,Monzo,easy peasy,5,Positive,Positive,Positive,Positive,Positive
6bd7532a-cc92-4966-a345-b643dddc02bf,Monzo,I am not able to download this website for your operational fault I am not able to assess my bank statement please take action,1,Negative,Negative,Negative,Negative,Negative
d3ac6134-37ec-4f0f-b7d8-6aeb0c2fbb5f,Monzo,"Lacks communication,incompetent staff and managements",1,Negative,Neutral,Negative,Positive,Negative
d34d32ca-1a62-4f35-8b3e-65a8a16807b0,Monzo,It works good,5,Positive,Positive,Positive,Positive,Positive
d82e47f2-2ff1-41d6-b977-b018473f1cb1,Monzo,brilliant that I can get paid early,5,Positive,Positive,Positive,Positive,Positive
266cb4ac-8209-4bbf-a801-7b7c89c21d03,Monzo,I'd using Monzo is perfect for everyday banking and budgeting.,5,Positive,Positive,Positive,Positive,Positive
bb743be0-26d9-45f6-8a45-9572c53aa717,Monzo,Your App Never Works,2,Negative,Neutral,Negative,Positive,Negative
59d3d616-4edd-4afb-89db-500a00a3ab6b,Monzo,"This is the best banking app I have ever used,no one can beat Monzo! The services it provides through the app are outstanding, including the Monzo Flex credit card, a three month interest-free EMI option, seamless money transfers, prepayment loans, fast service, savings pots, direct debits, and hassle-free international transactions. I've been using Monzo for the last five years,I absolutely love it! I especially recommend Monzo to Muslims because, if used properly you can get save from Intrests",5,Positive,Positive,Positive,Positive,Positive
33bb192b-f84b-431f-9038-2ae596fc452c,Monzo,"so very easy to use, hassle free!! very satisfied",5,Positive,Positive,Positive,Positive,Positive
24871dba-b1e3-41b1-b1bb-28288a21709a,Monzo,"Set Monzo up as a backup account to my main bank account. I sometimes transfer £ between the 2. Use Monzo if I've a few £ spare and wanna set aside to build up a wee pot of savings that separate from my main bank account that I use. So far, so good, no problems, and it's a very easy site to navigate and such. Hopefully, over time, I can get accepted for an overdraft facility. Tile will tell. But it is definitely worth setting an account up, as a spare or as your main account.",4,Positive,Positive,Positive,Positive,Positive
77e7bc30-fcde-46c1-9b0e-5547c4045263,Monzo,"Since the new update, the app doesn't seem to support notifications on Samsung Z Fold 5 devices.",1,Negative,Negative,Negative,Negative,Neutral
7585be58-ca26-44b9-919a-159e2b40f070,Monzo,excellent app,5,Positive,Positive,Positive,Positive,Positive
45b7f98a-caca-4594-84a3-49cfe92f5a2e,Monzo,Thank you very much,5,Positive,Positive,Positive,Positive,Positive
78b8091a-995c-455d-ac24-d20feb0b1958,Monzo,one of the best banking app,5,Positive,Positive,Positive,Positive,Positive
41eec59e-ef6a-425f-9c5b-9bb0e5040c8f,Monzo,never had a issue using the app keep up the good work,5,Positive,Positive,Positive,Positive,Positive
8cb36a0b-2029-4322-ae1e-e8bcdb70dda8,Monzo,love this app so simple to use and nice easy display!,5,Positive,Positive,Positive,Positive,Positive
469333af-28b2-46d7-92f1-b3a2b8cc1d8a,Monzo,Noy cool,1,Negative,Positive,Neutral,Positive,Positive
d2124cd3-8aef-4b03-8065-4f84205a16be,Monzo,Wonderful UI and amazing banking application experience.,5,Positive,Positive,Positive,Positive,Positive
6adb94f5-8127-4a03-ba1d-29670b4324b9,Monzo,I've been with Monzo for several years and my experience is very good. Nice and quick support when you need it. The reason for the 3 star rating is because the savings rates are changing to often which will lead to terminate my account with Monzo. I have to move to another bank with better savings rate sorry Monzo.,3,Neutral,Positive,Positive,Positive,Positive
3cecc835-b08c-454f-b951-45c63c974dd1,Monzo,Great app and easy to use although some features are unorganised and a bit messy which means when you want to pay someone it will take a while to find to them. More worryingly I had my account emptied out through numerous similar purchases in the USA. How this wasn't flagged as suspicious is beyond me. I noticed it the day after but Monzo took two weeks (!) to refund the £7k. I now only keep very small amounts in this account and use Starling instead. Btw I rarely use my card....,3,Neutral,Positive,Negative,Negative,Positive
264ed2e5-f8fe-4695-a994-84b115a8efbb,Monzo,excellent service and a very good app .,5,Positive,Positive,Positive,Positive,Positive
2c7caa4a-2cb3-49c6-8dfb-5fbabc6ae246,Monzo,really good no trouble using trustworthy and good banking with benifits can't ask for more.,5,Positive,Positive,Positive,Positive,Positive
9caabfdf-26ad-413f-a2f4-6f0d4ced7c81,Monzo,Do not download this app. It will be removed from my phone straight after my issue resolved.,1,Negative,Positive,Negative,Positive,Negative
b9ac53fb-e13c-4658-847c-592e2acf5ff3,Monzo,This account is very good for many purposes.,5,Positive,Positive,Positive,Negative,Positive
897a0dc8-8da5-4a34-b105-49d2d338dcf2,Monzo,excellent service. thanks,5,Positive,Positive,Positive,Positive,Positive
5880a7a9-5fd9-4528-bc7d-c2b18bb7d245,Monzo,"Lousy unscrupulous outfit, have basically shut my account today and will not provide a reason? Do not trust this dishonest shower use Starling instead.",1,Negative,Negative,Negative,Negative,Negative
d275cbce-0564-4715-83b9-10741a2da65e,Monzo,great bank easy to use app,5,Positive,Positive,Positive,Positive,Positive
574dd006-6e95-4445-87bc-a5b33a2fc296,Monzo,Amazing bank. so easy to use! amd I especially like the money sound!,5,Positive,Positive,Positive,Positive,Positive
452b2dcf-c7d7-42d8-8ee3-b10eeed2fb30,Monzo,Excellent,5,Positive,Positive,Positive,Positive,Positive
4029fcb2-4693-4540-9aa1-059fb8174777,Monzo,"Very good app, no issues. Tricky user interface at first, but after a day or two becomes easy to use.",5,Positive,Positive,Positive,Positive,Positive
c3e701fe-c76b-4b0c-9491-67831ed8fc39,Monzo,I love this Bank,5,Positive,Positive,Positive,Positive,Positive
ed271ad5-052a-4697-ac86-d8b0ae4dc10d,Monzo,A recent notification indicated that biometrics are becoming mandatory for log-in. That's a deal-breaker for me - I will be closing my account. Very annoying as I've been with Monzo for almost 7 years.,1,Negative,Negative,Negative,Negative,Negative
4354c127-9a18-405a-9f48-d747e5ff5ad5,Monzo,No help whatsoever when trying to contact them. They freeze your card when you dispute something then give you provisional credit you can't use! There is no one to help you. I'm going to contact a lawyer soon if my money is not released to me.,1,Negative,Positive,Negative,Negative,Negative
a2c9d8bc-eede-4bd3-969b-9abfc3017866,Monzo,"The app doesn't work, I can't progress to opening an account. I get sent a magic link to my email, then get a page saying ""sorry about this... Something's gone wrong"" it's been like that for a month I spoke to customer service who were supposed to arrange a call back to fix things and never heard anything. I tried calling again and went down a phoneline rabbit hole that doesn't accept non customer calls.",1,Negative,Negative,Negative,Negative,Negative
edb615cf-c5a6-432a-b28a-2029af45fad0,Monzo,I never received the card and finished the account activation. There is no way to change the address after you apply. Now getting only their annoying awful ads everywhere.,1,Negative,Negative,Negative,Negative,Negative
f9a9b461-ecb5-41f4-a0fd-9d117eac96d0,Monzo,excellent service,5,Positive,Positive,Positive,Positive,Positive
8052b751-50b7-4068-a5a6-0692b301ba70,Monzo,Worst banking app that never existed.. Because as an international student we have to open a bank account as soon as possible so we don't have any other option because Monzo helps us to open bank account within few steps so it is very good option for international student.... But when you add some more money like more than 500 pounds then they will freeze your account without any reason and they will won't respond properly.. It's been 2 days my account was frozen and after requesting......,1,Negative,Positive,Negative,Negative,Negative
c30297d4-1ee9-4c7e-8425-141c5011f9a5,Monzo,Charge you to lift own money out of ATM I will be closing account taking my services elsewhere,1,Negative,Neutral,Negative,Negative,Negative
75293cd8-6b6b-424f-b89d-3b94fdfcdcbf,Monzo,Unable to access thr FAQ / help page,2,Negative,Positive,Negative,Negative,Negative
b6280a33-92ab-488d-91fd-32eb8c8d8eb2,Monzo,This bank service is good,4,Positive,Positive,Positive,Positive,Positive
c880c8e2-1d4f-49bf-b44c-938d42d63de3,Monzo,i liked this Bank,5,Positive,Positive,Positive,Positive,Positive
70eddac4-9524-4279-bc55-68cf1d49482b,Monzo,Excellent I love ❤️ this app Works really smooth and fast,5,Positive,Positive,Positive,Positive,Positive
90f026e1-9868-4ae5-93e1-943758f4b119,Monzo,"Absolutely love Monzo. So easy to use, great when going on holiday or looking to utilise their perks with MAX.",5,Positive,Positive,Positive,Positive,Positive
67387bea-6f89-4055-bdc7-ff493754c311,Monzo,Brilliant and user friendly. One stop shop for your finances.,5,Positive,Positive,Positive,Positive,Positive
190766da-a2e7-4bc2-ba00-945bb46fa7d2,Monzo,Very limited app with poor design and unhelpful customer service if you can ever get to the right person,1,Negative,Negative,Negative,Negative,Negative
44838a74-833e-4e05-ab82-a891e288cdcf,Monzo,amazing banking! thanks monzo,5,Positive,Positive,Positive,Positive,Positive
3274043b-e374-48af-bc60-52f560aaf5eb,Monzo,"Absolutely brilliant way to bank ..everything at your finger tips easy to operate and move money around , transfers super quick and you can sort different accounts including a savings one I'm so impressed with Monza .",5,Positive,Positive,Positive,Positive,Positive
0541fb77-45ce-4fd3-ab14-cfb11f8dd0cc,Monzo,just works and is reliable!,5,Positive,Neutral,Positive,Positive,Positive
12884f30-768f-4888-bb11-9bbcd66062bd,Monzo,"Monzo has helped my wife in uk by providing some documents for to start her job,very useful.Thank you monzo",5,Positive,Neutral,Positive,Positive,Positive
f728e7e7-dd00-41a9-92f2-acf9641e305a,Monzo,I just downloaded this app and signed up for an account. The entire process took 15 minutes. And,5,Positive,Neutral,Negative,Positive,Negative
8a17b257-9a02-4e54-ac09-a67f2613a87c,Monzo,It won't let me log in with my pin when it's right,1,Negative,Neutral,Neutral,Negative,Negative
f01a319d-2cab-484f-bc76-a7d5fbc8a921,Monzo,I switched to monzo for my first bank card as an adult and it's brilliant it's really easy and simple to use and was great to me as it was my first time getting a proper bank account,5,Positive,Positive,Positive,Positive,Positive
8082fd29-ac64-493a-b7b2-fbe8242b8d2c,Monzo,"Updated review: Easy to use, does everything I want. Love how simple it is to move money around. Old review: Simple. Will be better once they are fully covered by FSA",5,Positive,Positive,Positive,Positive,Positive
b5a7a5aa-550e-4708-887c-f8a8ec6f9e47,Monzo,I have enjoyed monzo for many years now,5,Positive,Positive,Positive,Positive,Positive
50a9fa1e-1bc0-480b-9840-9febf0c1d345,Monzo,"Stop spamming me with your trashverts, I refuse to use your bank or what ever your are when you only have 1 actual branch in the whole of the UK. I refuse to travel to London for your no named company",1,Negative,Negative,Negative,Negative,Negative
1da225db-3fab-45b5-b6e3-3180fbac4935,Monzo,I love Monzo best bank I ever been with,5,Positive,Positive,Positive,Positive,Positive
0b40d5a6-71b4-4768-b53f-e3b02fbb2493,Monzo,150% better than NatWest who only care about their pockets and not their customers!,5,Positive,Positive,Negative,Positive,Positive
ab82a924-2bd2-4b42-a0c5-032edf31880c,Monzo,"Great banking app,loads of benefits.",5,Positive,Positive,Positive,Negative,Positive
0eb65ea4-8a07-4570-98e3-c54466fe331c,Monzo,The app is the reason I switched banks. Always offered the best user features and has a great design.,5,Positive,Positive,Positive,Positive,Positive
ce636a58-14aa-438e-98e6-cfa0e62019b4,Monzo,I think that it's brilliant that you tell your customers about this option. Fantastic customer service. Thank you,5,Positive,Positive,Positive,Positive,Positive
3c0fa89b-86ce-4ac5-a921-7ab3069d8677,Monzo,Great! Should have moved away from my other bank accounts before! Highly recommended!,5,Positive,Positive,Positive,Positive,Positive
1ad7a340-cf4f-4fbd-8f26-4de2e5f9a55b,Monzo,Accompanies amazingly with great features for children beginning to use cards! Would highly recommend,5,Positive,Positive,Positive,Positive,Positive
7650a223-e6d1-4c72-8e5d-2f287ac15bdd,Monzo,"Ease of use, great offers.",5,Positive,Positive,Positive,Positive,Positive
ba9c85ed-8b9a-41ce-bc52-816e0e6204c9,Monzo,by far thee best bank iv been with,5,Positive,Positive,Positive,Positive,Positive
3349327d-87ea-4272-9a29-7effe73e00fd,Monzo,4th 4th Ellie,5,Positive,Neutral,Neutral,Positive,Positive
56e58afb-44e1-4b95-8980-73877f4c2fe1,Monzo,Nice,5,Positive,Positive,Positive,Positive,Positive
ec5bf9cb-5745-40f7-a799-1a6a7f261890,Monzo,best bank,5,Positive,Positive,Positive,Positive,Positive
0637cb50-f3f1-4cad-ac0b-da60532cb926,Monzo,Love my Monzo,5,Positive,Positive,Positive,Positive,Positive
19d50771-bfb9-43f4-a2ae-261f90ccb863,Monzo,excellent,5,Positive,Positive,Positive,Positive,Positive
f8ac4602-72c8-49a4-b97f-6ec9a1e2f9c8,Monzo,No issues experienced,5,Positive,Negative,Neutral,Positive,Positive
0f4412e3-a21e-4903-8a61-bb832fa17754,Monzo,Cant open app,1,Negative,Neutral,Negative,Negative,Negative
37108fa0-ba5e-479d-aac8-300923acffa9,Monzo,Monzo app won't open,1,Negative,Neutral,Negative,Negative,Negative
feb0f85f-38be-4852-80a0-79ccc1af635c,Monzo,Good experience,5,Positive,Positive,Positive,Positive,Positive
b6bdc73a-0be4-4976-8fbf-77330956c01f,Monzo,"This update shows as created a week ago on the 10th December yet is only presented in playstore today - 17th Dec - a full week later, meaning my bank details have been left vulnerable to hackers etc if this was a security patc. Unable to leave a review without a rating so left it in the middle for now as no other issues as of yet.",3,Neutral,Neutral,Negative,Negative,Negative
05bdfda3-c5e6-4882-b262-8d113606a1a5,Monzo,Can monzo tell me why my account was temporarily blocked and I haven't gotten any update on why it is taking too long to inform me. I need to get groceries and all my cash is there. So much inconvenience experienced and no response from customer service after mailing them. Seems,2,Negative,Negative,Negative,Negative,Negative
966c50aa-58ec-4175-9f2b-09e15e59c0ef,Monzo,My bank is not reopening,1,Negative,Neutral,Negative,Positive,Negative
fa4516b1-7be1-4aac-8d69-9cad2bfed1a0,Monzo,Updated the app now keeps crashing on trying to open,1,Negative,Neutral,Negative,Negative,Negative
d2c25963-3389-48dc-8e9f-51d5b70b80cc,Monzo,"Mozon have frozen multiple accounts on people for no reason. There's a Facebook group, called stay away from monzomut has 46,0000 people filled with complaints.",1,Negative,Negative,Negative,Negative,Negative
cb0db60a-7d62-4386-996f-1760cd6ca0ba,Monzo,"Can't sign up, only get sorry about that's, somethings gone wrong but we're not sure what.",1,Negative,Negative,Negative,Negative,Negative
91d23fe0-ea34-436d-ac76-64e6fd72357c,Monzo,Load of rubbish tried to download monzo ap and now can't even use monzo,1,Negative,Neutral,Negative,Negative,Negative
5febd9b8-eb34-4839-a3f1-e43afb84d8a9,Monzo,"Monzo is an excellent choice for anyone looking for a modern, efficient, and transparent banking experience.",5,Positive,Positive,Positive,Positive,Positive
446807d8-8b17-449d-ab7f-f62b500a8386,Monzo,Light years ahead of my previous bank.,5,Positive,Neutral,Neutral,Positive,Positive
838868da-bafd-4ee4-a8de-93ba3da50bda,Monzo,I love making 💰,5,Positive,Positive,Positive,Positive,Positive
60942e72-af39-471a-b663-b6ca85c3e52a,Monzo,Seamless banking experience,5,Positive,Neutral,Neutral,Positive,Positive
0bee06da-0ce3-4b74-93a5-f5f8b8be8d93,Monzo,"Latest version not working on android 15, keeps crashing",1,Negative,Neutral,Negative,Negative,Negative
2859760a-53b0-4414-a908-6255d098223e,Monzo,absolutely love monzo I wish I'd switched banks ages ago,5,Positive,Positive,Positive,Positive,Positive
eef941ed-e0df-4843-9e4b-83728ada4bed,Monzo,Great banking experience,5,Positive,Positive,Positive,Positive,Positive
115fa059-3a3c-4ab3-8a99-018f7ff65a18,Monzo,"Easy, simple, no headache. If that sounds good, then get Monzo banking",5,Positive,Positive,Positive,Positive,Positive
4db7910f-753f-4c2c-8ac5-bf1770d11049,Monzo,1000 times better than cash app,5,Positive,Positive,Positive,Positive,Positive
6692c149-8ee5-475e-996b-86f7c988adad,Monzo,verey good,5,Positive,Positive,Positive,Positive,Positive
f2d264dc-37f7-47fa-b2a6-5b7c7953445b,Monzo,"App was initially great, good options for saving and investing which is mostly what I used it for. I recently got a new phone and after attempting to switch, i got stuck on a 'we're confirming your identity' page. After a week of using the in-app chat to people at monzo, the issue still isn't fixed, with my account now being frozen and unable to move or withdraw any money. They threatened to close my account and won't give me a time frame for when this will be fixed. Sad really as it was great.",1,Negative,Positive,Positive,Negative,Negative
d7be796d-f1c2-4729-a34f-617b47f8ef97,Monzo,"Opened an account but now can't complete as app keeps saying try again later...did all the recommended uninstall, restart re install several times and still no resolution. Can't see how I'm ever going to fix it and actually finish opening the account. But wasted a lot of time trying instead.",1,Negative,Negative,Negative,Negative,Negative
26c766ef-0dbd-43de-9df2-70f0b90ee73f,Monzo,Bad app there no other country like France morocco.,1,Negative,Negative,Negative,Negative,Negative
fff6bafd-e496-42d9-8f3c-bc37219eb170,Monzo,Best by miles at present,5,Positive,Positive,Positive,Positive,Positive
bbe0219e-2c3d-4179-b87c-caea3090dcc5,Monzo,awesome,5,Positive,Positive,Positive,Positive,Positive
c3c32fe8-c43b-42ac-a32b-994a09cc9eb9,Monzo,"Don't do it. Security is practically nonexistent. They take forever to react to fraudulent activity. The fees on cash deposits are insane. £1 fee on a £20 deposit? If your funds don't cover an upcoming bill, they tell you to put more money in your account. Not how much or when by, just a random text that looks like it's been written by a teenager. Customer service is truly appalling. Like, shockingly bad from a bank. Gormless is the nicest word that comes to mind. They simply cannot function.",1,Negative,Negative,Negative,Negative,Negative
aeb2a8e6-d634-4fd9-8ebc-226a802c0060,Monzo,Nice,5,Positive,Positive,Positive,Positive,Positive
86ed6800-dce1-498c-999b-bcb2b7e68982,Monzo,"I have been very impressed so far. I haven't experienced any issues, so I can not say how good the customer service is but day to day, a fantastically easy and effective account with great perks. It has been so good I have moved my business account to Monzo too. My only moan actually is that they are doing away with the metal card.....that was the reason I opened the account in the first place!",5,Positive,Positive,Positive,Positive,Positive
b9ec5e04-3c13-425c-b532-20727108ee5f,Monzo,"The new Monzo app update will no longer be compatible with Android 8 phones and there is no web version leaving me without access to my bank account, disgraceful from Monzo.",1,Negative,Negative,Negative,Negative,Negative
ada7e5fd-e067-4816-8da5-9d55b3065fba,Monzo,easy to use all the relevant info on finances,5,Positive,Positive,Neutral,Positive,Positive
841d5a18-0d11-40a5-8e44-ab5cc14e7344,Monzo,Easy to use great app,5,Positive,Positive,Positive,Positive,Positive
2e77b8ae-d8e7-4a5e-a512-9a3d1a6a1107,Monzo,brilliant,5,Positive,Positive,Positive,Positive,Positive
b01abfca-7ff0-43a1-a1c1-4dff6cc536ea,Monzo,"Efficient, Reliable and Fast.",5,Positive,Positive,Positive,Positive,Positive
17b1c01a-5c46-48e3-842c-9e4e2c4b8568,Monzo,Bad app raise money,1,Negative,Negative,Negative,Negative,Negative
4af2967d-5ab6-4499-9337-0b1de8a4a5ff,Monzo,"easy to use, a refreshing change",5,Positive,Positive,Positive,Positive,Positive
8f1f2bc0-b040-48e7-b7d0-8d3b48bd05d1,Monzo,Misleading application it says it gives you 15$ for applying for the app but it doesn't it gives 15$ to the person who sends you the link and it takes your 15$ so accepting links from this app is just a way to get your info for ransomware.,1,Negative,Positive,Negative,Negative,Negative
ae52d3b0-6eef-4bc2-8f49-f2b76fbea40b,Monzo,would be 5 star if they didn't take 1£ each deposit you make,3,Neutral,Neutral,Neutral,Positive,Neutral
b2a71d28-03ed-409d-bf32-5cf3de5273df,Monzo,it works as it should.,5,Positive,Neutral,Neutral,Positive,Positive
d954442a-321c-4afd-a18d-533c435fd615,Monzo,The best bank ever! Safe and secure! The best part is that I always receive my money earlier than my colleagues 🙌 Love Monzo!,5,Positive,Positive,Positive,Positive,Positive
28419877-6d50-4d88-b975-b4817f85364f,Monzo,the best,5,Positive,Positive,Positive,Positive,Positive
f7687f62-92cb-4b08-94e1-1b8419558a94,Monzo,I liked monzo bankee,5,Positive,Positive,Positive,Positive,Positive
13a189db-2a0e-4eb1-a3f5-77242a9d171a,Monzo,Totally fraudulent business. Anvanced scam do not apply. Won't let you close account please investigate!,1,Negative,Negative,Negative,Negative,Negative
fb696bbc-9faa-4aa1-85d1-d443d0110b13,Monzo,I think I've found the best way to bank!,5,Positive,Positive,Positive,Positive,Positive
85a75c3d-9a2e-437e-8b0d-b74e28dc09ca,Monzo,Rubbish,1,Negative,Neutral,Neutral,Negative,Negative
7cb05f6f-e951-44d9-b785-f09f2997259f,Monzo,"awesome, easy to use, handy tips, you can control your spending and any other accounts you have with Monzo! HIGHLY RECOMMEND THIS BANK FOR ADULTS OR CHILDREN. 10/10 MONZO!!!",5,Positive,Positive,Positive,Positive,Positive
8648e7d3-1488-4823-8ad6-1c9f0ea47f22,Monzo,Monzo is so great. Great support. App so so good and easy to use. I'm very satisfied. Thank you Monzo.,5,Positive,Positive,Positive,Positive,Positive
1c3f41fa-d5b0-4237-885c-36be849b280f,Monzo,"If all services were as good as Monzo, what stress-free experiences we'll enjoy!",5,Positive,Positive,Positive,Positive,Positive
cc32d694-d9a8-4e75-8fed-8ee6934e3445,Monzo,makes managing money easier and really effective simple to us.,5,Positive,Positive,Positive,Positive,Positive
e4abcf6e-1c7d-4d50-9b12-e7ef9c311c53,Monzo,Perfect :-),5,Positive,Positive,Positive,Positive,Positive
3a2765c6-213c-4981-b5a5-766b2f728e46,Monzo,Best banking app ever I even removed my lloyds account cause I saw no use in it since monzo has better features and it has litterley anything and everything I need and could ever want,5,Positive,Positive,Positive,Positive,Positive
7f419f16-be21-4f52-a295-acf9d19c777b,Monzo,user friendly,5,Positive,Positive,Neutral,Positive,Positive
cb365740-8818-4510-8a95-be0fef669040,Monzo,Monzo bank is amazing 🤩,5,Positive,Positive,Positive,Positive,Positive
e74e3dfa-472d-404a-99f2-073413c3fa69,Monzo,Amazing app!! Great service. Never had an issue with anything.,5,Positive,Positive,Positive,Positive,Positive
2f144f76-3432-4cff-9967-9b26882ce113,Monzo,I used it for 2 months I received my wages and did few transactions and they sent me a message to let me know they will close my account just like that 🤕,1,Negative,Positive,Negative,Negative,Negative
cf370542-e173-4fa7-be4e-45b7d50c65ff,Monzo,Used to work okay app broken from today no option to continue when sending to bank account with nick name despite pressing continue when it warns me the name doesn't match . Results in loop where it asks me over and over. Please fix its normal to name my different bank accounts so they never a perfect match to my full name,1,Negative,Negative,Negative,Negative,Negative
ec9e2f8f-e96e-4e61-a10d-a2e864faefa6,Monzo,Very poor And not accepted,1,Negative,Negative,Negative,Negative,Negative
d82f0cc2-ea41-4c0b-bf69-26fff6a311c2,Monzo,The best bank ever.,5,Positive,Positive,Positive,Positive,Positive
ed5b073a-f3f3-4c77-97ef-dca2543379e4,Monzo,"Monzo is THE best bank! I feel like I can organise my money better, the pots are a great way to split funds into bills to be paid. I can put money away to save in a separate pot and I can keep a track of what I am spending month by month and where. Another bonus is the ability to Freeze my card when lost and unfreeze if found. Also the ability to receive pending payments into my account early is fantastic. I highly recommend.",5,Positive,Positive,Positive,Positive,Positive
800d718a-6ad1-45db-8a70-10cf8d76f1eb,Monzo,"I cant login with link in my email. After i try to click on link, my monzo app do not want to open.",1,Negative,Negative,Negative,Negative,Negative
214d0c34-fcfd-49f4-a9ee-fcb42aba95b3,Monzo,many thanks for a wonderful service,5,Positive,Positive,Positive,Positive,Positive
0e777511-c8ed-4e12-a5e8-a17340eb57d4,Monzo,excellent banking app,5,Positive,Positive,Positive,Positive,Positive
d75cae6f-712e-49e3-9893-f1894320e4ce,Monzo,"The best bank in the UK without a doubt. I switched from Santander to Monzo so now it's my full time bank and it's one of the best decisions I've made financially. It just offers so much, from helping to manage my money better to offering a great credit card. I really couldn't recommend Monzo more!",5,Positive,Positive,Positive,Positive,Positive
df0ee45c-7819-46e1-8499-0f28ba44e030,Monzo,yes yuse full,5,Positive,Positive,Positive,Positive,Positive
15e32f57-39e1-470b-8661-50f3dc52d30e,Monzo,MONZO 4 LIFE ✅✅✅✅,5,Positive,Neutral,Positive,Positive,Positive
a8b53eab-f8da-4945-9b52-ca15a587be11,Monzo,Love this bank,5,Positive,Positive,Positive,Positive,Positive
f98c1c87-5b3c-4ec8-82ee-1b708c985015,Monzo,"Buttery smooth UI and is super simple to navigate. Organising pots is so easy and you can set up your dashboard to see everything at a glance. Some of the paid perks are so useful, like virtual cards and automatic CSV backups of your transactions in almost real time!",5,Positive,Positive,Positive,Positive,Positive
93aae7ab-8b9f-49d9-8680-fa2228a13837,Monzo,I forgot my pin and after I went thru everything I can't log in or recover my pin,2,Negative,Neutral,Negative,Positive,Negative
55977b80-8ddb-4a4a-8ad0-f7c28d0ba19e,Monzo,my financial life is so much better organised since joining monzo. definitely recommend to anyone thinking of changing bank accounts,5,Positive,Positive,Positive,Positive,Positive
19e84ef0-d7a0-47a1-b700-8aafd60bd080,Monzo,Great stuff 👏,5,Positive,Positive,Positive,Positive,Positive
7f3c9825-ed91-4bf7-8b97-362ed637c7b8,Monzo,My card was stolen on my last day abroad. Once I returned to the UK I noticed that it was being used so I informed Monzo through the app. Within 15 minutes I was re-embursed all fraudulent transactions and the very next day I received a new card. This was better than I could have hoped for.,5,Positive,Negative,Neutral,Positive,Positive
a1da004b-ed1c-4524-9e35-ecfbc413a85f,Monzo,Brilliant app and great banking service,5,Positive,Positive,Positive,Positive,Positive
c33a547b-e5f6-4286-bcb1-78e94829912a,Monzo,Awesome is monzo Features are great,5,Positive,Positive,Positive,Positive,Positive
2ffecf32-fcd7-4d01-a439-d336f3631c0e,Monzo,so far the best bank app I have used. no complaints!,5,Positive,Positive,Positive,Positive,Positive
50917602-1755-4536-8fa1-556a8ad3af6d,Monzo,great app and bank . very helpful and respond quickly to any concerns or issues. very happy,5,Positive,Positive,Positive,Positive,Positive
1c99e1aa-5be8-4c91-85f2-810bf2d0b98c,Monzo,So much easier than physical banking.,5,Positive,Positive,Positive,Positive,Positive
c8eb9236-d810-4a79-aeb2-f69ad3e8d38e,Monzo,Worst app because I didn't purchase any premium plan or any other plan still 3.99£ deducted from my account every month and I contact with support team but no one can resolve my issue,1,Negative,Neutral,Negative,Negative,Negative
39bd9147-cefb-4d67-8221-8c0594912e92,Monzo,Easy and stress free Banking 😉,5,Positive,Positive,Positive,Positive,Positive
d656b00e-6595-4e83-b5d3-19478ae6c1de,Monzo,So bad they blocked my account because my friend send 430£ and it still blocked after i cleared and filled the form I tried calling them but customer service is bad do not recommend to anyone it the worst bank your better off use revolut or any other bank Monzo Sucks,1,Negative,Negative,Negative,Negative,Negative
f783916a-d177-432a-ab92-60e6e5977cd9,Monzo,Won't let me create an account because it doesn't show my address on the list and no option to add manually. Forums say to check with royal mail as they use their database. No issues finding my address on there. Seems a common issue according the forums. Not being able to offer me an account hasnt stopped the daily marketing email and messages tho.,1,Negative,Negative,Negative,Negative,Negative
15058233-9b2f-4b69-8a12-9c68a198491c,Monzo,Opened an account then closed it month or so later as didn't use it. Then tried to open account again but they keep refusing me and not giving me full explanation.,4,Positive,Negative,Negative,Negative,Negative
1cc62337-a59e-40d9-8125-4e246a1cf9c0,Monzo,Cool 😉,5,Positive,Positive,Positive,Positive,Positive
d470b174-4595-4fce-aad5-bf7bbab3f96e,Monzo,so helpful and kind,5,Positive,Positive,Positive,Positive,Positive
8df53d39-dc28-4d18-ae7a-d1d6cee8ac14,Monzo,Super poor customer service. Unhelpful,1,Negative,Positive,Negative,Negative,Negative
a3156738-a66e-4373-b3de-6436b27f2da6,Monzo,Monzo is the best way to get your money a day earlier plus they've never let me down I have recommended monzo to all my friends.,5,Positive,Positive,Positive,Positive,Positive
8f49344c-a5d3-4667-9a23-a7d9ce667f1e,Monzo,"Take my money (and look after it please)! I honestly can't fault this banking app nor the customer service, definitely the future.",5,Positive,Positive,Negative,Negative,Positive
b5a7e6ef-f132-42e6-99f0-e8e79ae46694,Monzo,wonderful and amazing,5,Positive,Positive,Positive,Positive,Positive
03d1bb4d-5160-4538-9c32-817dec729a9d,Monzo,"great service, excellent app",5,Positive,Positive,Positive,Positive,Positive
fa4a37e6-991c-4f88-8533-108dc748bc99,Monzo,who doesn't love an early pay day love how you can create pots and save,5,Positive,Negative,Positive,Positive,Positive
0f9676f1-a680-4753-bbf2-1ac2cb93e39d,Monzo,"App is fine, easy to set up but I did NOT receive the £5 joining bonus when I used my freinds link, and neither did they.",1,Negative,Positive,Negative,Positive,Positive
22c3d9cf-0912-44d2-a88d-77e8d0e7fd58,Monzo,Brilliant service.,5,Positive,Positive,Positive,Positive,Positive
148834a7-f5de-44b4-a11d-10daecef135b,Monzo,yay,4,Positive,Positive,Positive,Positive,Positive
1b163877-c13e-4913-a48b-21dd7253111c,Monzo,Best bank account and services I ever had. Will add later more review,5,Positive,Positive,Positive,Positive,Positive
93150473-fd57-4d21-8edb-b31e0e1d4122,Monzo,fast and quick,5,Positive,Neutral,Neutral,Positive,Positive
9ca65698-5056-45c1-b87b-4e1a47ff2f89,Monzo,zekiel I ess,3,Neutral,Neutral,Neutral,Positive,Positive
2fdc564c-a08b-476f-b94d-ccab53eb6c4e,Monzo,Sounds good but guess I wont No until I start using It...Many Thanks...Mandy Quinn,5,Positive,Positive,Positive,Negative,Positive
da1232a8-856f-4b45-ac5c-ada159d87440,Monzo,Financially the best thing I've done in a long time opening this account.,5,Positive,Positive,Positive,Positive,Positive
18774429-f3d2-4c1a-b3d3-816af946c6dd,Monzo,Very good but in post office is not allowed,4,Positive,Positive,Negative,Positive,Positive
75b28777-eb36-49f1-8eef-cd96d7d231aa,Monzo,great travel/savings account,5,Positive,Positive,Positive,Positive,Positive
4d4ae299-76d1-4719-9b23-efa78ac8dc53,Monzo,Recent user of Monzo and finding it very good so far 👍,5,Positive,Positive,Positive,Positive,Positive
ed6ca1ca-c195-49e3-a4c9-6c03d89957b9,Monzo,"Great mobile banking. Perfect for travelling Europe. Great options for account management, savings and investments etc. Also really handy to quickly request and share money with friends and family.",5,Positive,Positive,Positive,Positive,Positive
5194ed5d-88f1-4af9-814c-bfda4be0e1ec,Monzo,covenient card,5,Positive,Neutral,Neutral,Positive,Positive
658e1fe9-eb01-458e-98fa-e86195b699bb,Monzo,Could someone get intouch with me please. Its so annoying that i cant open an account without photo id.,2,Negative,Negative,Negative,Negative,Positive
026bec0c-bfae-44c9-b46f-5bc8edfa2516,Monzo,I've been waiting for identity verification for over a week. I had a thread going with customer support but now it's been abandoned. No one replies. I tried email... nothing Worst customer service ever I wish I was kidding,1,Negative,Positive,Negative,Negative,Negative
cc174746-2c24-4f26-a6e3-d3e9913a0303,Monzo,"best bank ever, got personal and business accounts with them, thanks monzo",5,Positive,Positive,Positive,Positive,Positive
c5fe10c0-6013-42bb-a9fc-dfb3dce1d602,Monzo,"Best bank account I've ever had, yet they keep improving further by adding new services and features! Highly recommend.",5,Positive,Positive,Positive,Positive,Positive
08c1191b-ed9b-4050-b260-f9f50cebf9e3,Monzo,"Best bank, pots and virtual cards rule! Flex is the best credit I've ever used, and is very aptly names as it is insanely flexible in terms of both credit provided and managing repayments.",5,Positive,Positive,Positive,Positive,Positive
ceb3cfd9-6a8d-4dfd-abba-3433b0187c3e,Monzo,"simple, easy and visually beautiful",5,Positive,Positive,Positive,Positive,Positive
e9828762-e60d-477d-a39f-028a67789de4,Monzo,"I’ve had an incredibly frustrating experience with Monzo recently, and I’m seriously disappointed. I encountered a transaction issue where funds were taken from my account incorrectly, and trying to resolve it has been a nightmare. The customer service is shockingly slow – I’ve had to wait days just to get a response to simple questions. When I finally did hear back, the support was generic and unhelpful, like they weren’t even reading my messages properly. I would never move permanently.",1,Negative,Negative,Negative,Negative,Negative
e43e3ef2-0cd7-4a86-b3b0-c9554cf7e6e3,Monzo,Fraud prevention/help terrible,1,Negative,Negative,Negative,Negative,Negative
c1276375-b860-4b1b-91b2-41e2f7b7bb82,Monzo,"I love Monzo. Feature request: please make it possible to accept and pay multiple payment requests at once. I use the ""split bill"" feature with my girlfriend and it's a pain to have to go through so many one by one. I know you can use a shared tab instead but then you loose the information of which categories you're spending money on.",5,Positive,Positive,Positive,Positive,Positive
aca57fc2-4676-41c9-9092-ddd37bdbf678,Monzo,Useless app.,1,Negative,Negative,Negative,Negative,Negative
f442fb68-aeff-4057-9253-56350a9cc7c2,Monzo,"I had bought an item and then no longer needed it so I returned it. I had both the original receipt and the return receipt. The money never went back into my account. Then they froze my card because I made an alleged dispute. I did not. I simply asked where my money was. The retailer said the money was credited immediately. I never opened a dispute case, I simply asked questions via the so called help chat. I have contacted my lawyer. They are keeping my money. For a simple returned item! Scam!",1,Negative,Negative,Negative,Negative,Negative
eeb33880-3374-4d6b-a1f9-ba45fa77cce0,Monzo,I can open my account. and also my number is doesn't work for monzo app. I try to contact them but they don't care about our problems. 😡🤬,2,Negative,Negative,Negative,Negative,Negative
4f393582-119d-4ba5-a836-c4a023d8f3f5,Monzo,Great Bank. Easy to use app. Highly recommend,5,Positive,Positive,Positive,Positive,Positive
ff11fa4f-382f-440e-9d7c-602a516899a4,Monzo,amazing bank. I can't fault it and I won't ever use another one.,5,Positive,Positive,Positive,Positive,Positive
0408ae38-3283-4cda-bee5-cf01a7922477,Monzo,excellent service...,5,Positive,Positive,Positive,Positive,Positive
341ccb9f-56a3-455a-bb3b-24344b187865,Monzo,"Love the App. Monzo are pioneers with what their app offers, hence why the other banks have been copying their banking app features",5,Positive,Positive,Positive,Positive,Positive
310d5064-e105-4371-a981-7bf1c9bb4432,Monzo,"amazing, easy to use and lots of handy additional features.",5,Positive,Positive,Positive,Positive,Positive
9d5ea74e-0a6e-431c-b62b-ab5cac4b005d,Monzo,new user,2,Negative,Neutral,Neutral,Positive,Positive
e3237394-07dd-442b-bb9b-df9019fbd476,Monzo,"Great app! Free money. Just send link to friends, they add $10, spend $5 via GPay you'll get $15 and they get $15. AWESOME!",5,Positive,Positive,Positive,Positive,Positive
4576ebdb-c985-456b-8057-78b75f9a2b90,Monzo,One of the best banking companies and apps I've had the pleasure of using.,5,Positive,Positive,Positive,Positive,Positive
5c4bf0ce-ea0c-43e8-bbf6-4a76f8665763,Monzo,is very good bank account number one in the world Monzo,5,Positive,Positive,Positive,Positive,Positive
b06380e8-e0c7-4cd9-be7b-236a612d39fc,Monzo,"My first deposit, very happy 😊.",5,Positive,Positive,Positive,Positive,Positive
e96a298a-889b-42a8-a0d6-4dd128c2fde5,Monzo,Love all the perks that come with account and it's so easy to manage my money better,5,Positive,Positive,Positive,Positive,Positive
011d6317-6d1c-4f76-ab54-a51f1fd83bdb,Monzo,"Poor customer service. On hold for 1hour, no one responds. Chat support is worse. No one replies for days. Ordered a card in 2022, still on the way",2,Negative,Negative,Negative,Negative,Negative
ddfe88d8-2fbe-42ef-a8c5-8b7eaa96d635,Monzo,excellent app,5,Positive,Positive,Positive,Positive,Positive
1adedb6d-b335-4bae-96b0-e3cd8a943dda,Monzo,Great online bank love it,5,Positive,Positive,Positive,Positive,Positive
8e217c4c-9de9-4fa3-b1cd-c20628f47cbe,Monzo,best bank app ever,5,Positive,Positive,Positive,Positive,Positive
8a51e0a5-7698-49d4-b832-1f0672810690,Monzo,Monzo has internal regulation issues for all people that never used Monzo and mistakenly put a wrong address where the banking card to be sent. You have to confirm like an old customer your bill on that address otherwise they will your personal informations which is a vulnerability. You don't know what they will do with your personal data. Plus you will never ever have that account. On Monese I was not able to change my address without any other requires like Monzo. The Co has serious problems,1,Negative,Negative,Negative,Negative,Negative
99173998-35a1-48e3-b7c2-fc49b72aaac3,Monzo,"They say that they accept national identity cards. However, in reality, it is not true, and after the verification and submitting my sensitive personal data, Monzo notified that they cannot accept the national identity card. Such a level of service shows total disrespect to potential customers",1,Negative,Neutral,Negative,Negative,Negative
731d1d81-e5a1-46ed-bbd8-c30d30012d8a,Monzo,"Monzo, man so easy to use.",5,Positive,Positive,Positive,Positive,Positive
4fdbfd27-93b6-431f-bb8f-841592d7d82f,Monzo,Would not recommend this app to anyone keep you're money safe this is not at all safe I have proof check my discord,1,Negative,Positive,Negative,Positive,Negative
c28cd64e-225c-4b06-8e2c-3a48213d671b,Monzo,Oh wow!! I love this app.,5,Positive,Positive,Positive,Positive,Positive
8d983ce3-fd6a-4b42-9754-be6d80f937a5,Monzo,The in app help is as useful as a punctured condom. I can't confirm my identity in the app because the identity confirmation system doesn't work and I can't report the identity confirmation not working because I need to confirm my identity to do that. After a week of emailing help staff I'm still unable to use my account. Other than that the app and Monzo itself have been great to use for the past 5 years.,2,Negative,Positive,Negative,Positive,Negative
86747b13-5022-4c9b-b086-454a27969e3f,Monzo,Good 👍 very happy with the app,5,Positive,Positive,Positive,Positive,Positive
76fd8be7-0221-4d8e-9c61-f0546e6e10b7,Monzo,Love the app,5,Positive,Positive,Positive,Positive,Positive
b655f153-ada7-42cd-b59b-90ef0c49d279,Monzo,Really like Monzo Bank. Far better than any high street bank. Clear easy to follow app with useful features. Has feature to get wages early on a Thursday.,5,Positive,Positive,Positive,Positive,Positive
12beda2f-580d-4a5c-85e2-f36e90eca5b7,Monzo,amazing,5,Positive,Positive,Positive,Positive,Positive
0b77b2f4-ba14-46fa-96a1-f5d4a721c823,Monzo,"super easy to use, I can add my cards to my other accounts, but with Monzo, it's so much easier and works so much better. still safe and secure but considerably less hoops to jump through to get the same results.",5,Positive,Positive,Positive,Positive,Positive
32ca533f-bb44-4d8e-abef-63cdb1a587a2,Monzo,Great service and always coming up with ways of making the financial world easier.,5,Positive,Positive,Positive,Positive,Positive
ce2c4e6d-1a37-4412-85d8-54966bace352,Monzo,"Updated review. Whatever went wrong for many months appears to now be a thing of the past. App works quickly and does everyone I need. However, as of September 24 I've stopped getting notifications of Monzo Flex choices. Will have to check out the settings!",5,Positive,Negative,Negative,Negative,Positive
b270cfca-1dff-43ef-8a95-f89f69140146,Monzo,i have uploaded many documents .it's showing that error ..please upload again we can't match ..if I'm not using surname in my Id then how i will do..😔 very bad app,1,Negative,Negative,Negative,Negative,Negative
f225ed99-0775-4b68-8633-652c2177a371,Monzo,Cant Update on Pixel 8 Pro,1,Negative,Neutral,Negative,Negative,Negative
257be6de-7d84-4bca-abc9-76f990fce598,Monzo,"Do not download it. Not worth it. 5k are on hold on the account I opened. Not letting me transfer it to my account, or to other account. Customer service sucks. Not answering email, phone calls or in the chat. DON'T WASTE YOUR TIME WITH MONZO!!!",1,Negative,Negative,Negative,Negative,Negative
02646901-4f82-4df0-a0b0-651176e74179,Monzo,Brilliant app. Easy to use. They add new things. Very happy with it.,5,Positive,Positive,Positive,Positive,Positive
c19482ae-9d58-41db-9819-57e084656c8e,Monzo,Easy to use app,5,Positive,Positive,Positive,Positive,Positive
1f46cb1e-960a-4ea7-9857-aba84bbfc06a,Monzo,Shockingly bad 👎 😑,1,Negative,Negative,Negative,Positive,Negative
de510ac7-b91a-4d09-9063-a393e616a7c7,Monzo,Cheta cheta,5,Positive,Neutral,Neutral,Positive,Positive
a0b8996c-144e-4c5f-9541-c586a21e813a,Monzo,brilliant bank,5,Positive,Positive,Positive,Positive,Positive
afc74151-abaf-4f23-bb6a-8ef6eb1594ba,Monzo,Better than top banks..! 10/10,5,Positive,Positive,Positive,Positive,Positive
258d869d-ef78-4675-91bb-7c40d319f457,Monzo,I'm just getting started but I will update as I go.,4,Positive,Neutral,Neutral,Negative,Positive
d72e32d8-d5eb-43e3-b00f-56b9bebf88ad,Monzo,Great choice,5,Positive,Positive,Positive,Positive,Positive
38524776-748d-4d93-8afa-84466522ea45,Monzo,good stuff 👏 👍,5,Positive,Positive,Positive,Positive,Positive
5f21ce11-cc74-4f1b-b4f4-19b148574770,Monzo,Easy to use app. Very happy,4,Positive,Positive,Positive,Positive,Positive
d89dfde2-8342-43df-a18f-e12e05f68d14,Monzo,Poor customer service support experience,2,Negative,Negative,Negative,Negative,Negative
181c2d46-dabc-4307-9aba-5bc15e574e00,Monzo,"love Monzo, it's much easier than high street banks",5,Positive,Positive,Positive,Positive,Positive
87a05a96-6826-49ad-8fb3-fcabd15655dc,Monzo,The app itself is ok and the bank account is fine until something goes wrong. Customer service is appalling. I am currently paying £17/month for an account with no payment card and no way of speaking to anyone to resolve this. Useless! Chose Starling or Revolut instead,1,Negative,Negative,Negative,Negative,Negative
4ccb5e21-68d2-4a5f-8a21-213ba990c415,Monzo,My account is frozen right here at rent time due to..... This was monzo response!!!!!!!!!!!!!!!!!!!!!! As a regulated financial services company we are required to periodically review all accounts and ensure we are in compliance with the requirements we have to follow. Typically these reviews happen in the background without affecting the user - but at times the can result in your account becoming frozen....... This is very upsetting!!!,1,Negative,Negative,Negative,Negative,Negative
7ee0fe53-6c36-4f9a-976f-d641faa8c627,Monzo,"love Monzo,so easy,and convenient to bank with...",5,Positive,Positive,Positive,Positive,Positive
9c6fe9c2-c6b4-4eaa-a5a7-a7d20d79e7c3,Monzo,"I love Monzo. It's a quick and easy to do everything - my favourite thing is using the split the bill function, which is genius and so easy. That is what Monzo always is, it's making everything easy and I'm so glad I switched to them",5,Positive,Positive,Positive,Positive,Positive
87585bb2-32fb-4faf-8f32-ccff53ea64d5,Monzo,"Hiya, I have been having issues with the app, where if I change to my business account and try to switch back to my personal account I can't because of some kind of bug. Can somebody please help, I have already uninstalled and reinstalled the monzo app. I posted this in Feb last year. I had to buy a new device. Still I am very upset that an online bank is so hard to reach! I have no contact about this issue, and no response on here. Guess I'll start looking else where.",1,Negative,Negative,Negative,Negative,Negative
346d578c-48fe-4637-9216-5659e7691153,Monzo,Been with them a while would highly recommend them..,5,Positive,Positive,Positive,Positive,Positive
4d2de05e-6fde-40ea-a71a-9fbae5eeed5c,Monzo,"HORRIBLE!!!!! Would HIGHLY NOT recommend!!!! Unless you like not being able to access your money. I trusted them like an idiot and was unable to pay my rent because of it! Oh yea.... the best part, customer support is NON EXISTENT!!! they MIGHT get back to you in a few DAYS!!!",1,Negative,Positive,Negative,Negative,Negative
684a4af6-15d0-47b5-a774-3262e3301536,Monzo,Love this app,5,Positive,Positive,Positive,Positive,Positive
c27bb7f6-881e-4276-a6aa-fb6180171017,Monzo,"loving this bank, makes keeping track of my money so easy. love the paid early function too👍😁",5,Positive,Positive,Positive,Positive,Positive
5d8982eb-c6a4-40f1-8951-c1bef22ec3dd,Monzo,Modern,4,Positive,Neutral,Neutral,Positive,Positive
ca6b4622-0daf-4452-8001-be864e57fc24,Monzo,"highly reccomend this brilliant banking app. excellent features, brilliant customer service. no problems at all.. perfect !!",5,Positive,Positive,Positive,Positive,Positive
d846814b-db82-4cf5-901f-9bc11103fe88,Monzo,not very open to people with mental health issues being targeted,3,Neutral,Neutral,Negative,Negative,Negative
2bfa7834-4870-4218-abef-0211c71c8fda,Monzo,"Seamless, secure and easy to use. I Love this bank! It just works!",5,Positive,Positive,Positive,Positive,Positive
16b5efd0-8e0e-4dd0-966a-e1c4fb9e50d5,Monzo,Easiest banking Ive ever used,5,Positive,Positive,Positive,Positive,Positive
464d7717-8a08-44fc-b4cd-dc55b5ec6d79,Monzo,"transfers take much longer than implied & you should be able to view your card. plus, too many ""additives"". Update next day I am STILL waiting on my money! My GAS money! And no options to correct the situation",1,Negative,Negative,Negative,Negative,Negative
d703d26c-678d-45a6-92d1-3ccb95267b8c,Monzo,Great app! My friend showed this to me and I gotta say This is so much easier with your balance and your own separate pots to store rainy day money in i love it!,4,Positive,Positive,Positive,Positive,Positive
876ea0a8-2f39-47e2-b036-f37a5ad2c197,Monzo,Amazing bank,5,Positive,Positive,Positive,Positive,Positive
3b0586e8-dfed-454e-9ff4-9b95afe12407,Monzo,"fantastic online bank with great ideas on helping you to save money, love the pots and savings.",5,Positive,Positive,Positive,Positive,Positive
5c349176-67d6-4d5c-889d-d64c59bb57d8,Monzo,"Awesome app, my Best feature is been able to get paid earlier, Great banking app 🥰",5,Positive,Positive,Positive,Positive,Positive
6109cfe8-4f4d-4b8e-b045-80d1ab783d6a,Monzo,greaatttt,5,Positive,Neutral,Negative,Positive,Positive
a888a333-7e7e-4cf4-ba9d-05f524dd784b,Monzo,"It's a great app. It offers decent savings options and has been great for overseas spending in different currencies for a while. It has added investment options recently, too. Very user-friendly.",5,Positive,Positive,Positive,Positive,Positive
26c3743d-1c16-44c5-8c4f-798c36b3c6f6,Monzo,just getting into. love setting goals!,4,Positive,Positive,Positive,Positive,Positive
3727d071-b857-43f7-a000-135a8021e96f,Monzo,"Good service, simple. Great interface.",5,Positive,Positive,Positive,Positive,Positive
8bfa8b8c-98f7-4dcb-9bc7-670280f6433d,Monzo,Quick and easy,4,Positive,Positive,Positive,Positive,Positive
5a23fca1-b370-47d5-ac12-ea813525b937,Monzo,Great on line banking love the pots,5,Positive,Positive,Positive,Positive,Positive
3ad5054b-3063-4aa9-8699-eba95a8a13f8,Monzo,"The App is clean and really easy to use and the interface and the features are really good. If you can please add the feature to ahare the receipt after a bank transfer. For Ex. sending money to a 3rd party bank. Since we cannot take screenshots of the transactions due to app policies, it is handy to have a feature like to share the a transaction details. I can do this on my other Bank app... ☺️",4,Positive,Positive,Positive,Positive,Positive
f04deb62-6021-4a4a-995f-a53b94c2427b,Monzo,Monzo does not have its customers as a priority. I had an extremely stressful situation with my money and the bank did not support me in any way. There are plenty of competitiors with better services and if you value your experience as a customer I think you deserve better,1,Negative,Positive,Negative,Positive,Negative
1e85e775-e7bf-4050-9b0d-51ffc57ae56d,Monzo,"Be careful, thought this was a good company to do business with. Over the past 3 weeks this bank has approved 14 international transactions most of which being from Africa, without so much as even a confirmation call or email. When I attempt to dispute these fraudulent transactions, Monzo then proceeded to close my account without additional cause. Be warned... Do no business with this company, they'll take your money and close your account. I'm out $400+ with no recourse",1,Negative,Negative,Negative,Negative,Negative
a11b433f-766b-4412-b35c-4197dbdda8a8,Monzo,best banking,5,Positive,Positive,Positive,Positive,Positive
81e2a293-3082-4bb5-8cc0-95bd3451b7f0,Monzo,Customer service is the worst I have used. Cannot speak with a human.,1,Negative,Negative,Negative,Negative,Negative
dae9e61f-542e-473c-a1f8-bbf64ac800c3,Monzo,I love this app. I've been with the bank quite a few years and wouldn't be without this app. Brilliant.,5,Positive,Positive,Positive,Positive,Positive
3882eca7-870b-4a8a-b948-8ed2c7beecff,Monzo,"Great bank and great app. Great for using abroad. i did, and so far, no problems. I like the fact that you get notified when your card is used and money comes in and goes out. so easy to use and so many features. still haven't had time to check it all out myself.",5,Positive,Positive,Positive,Positive,Positive
d98afa46-6e37-4215-8c94-c3ff46cc5de2,Monzo,Top class banking,5,Positive,Positive,Positive,Positive,Positive
318e4663-b5e6-4d9c-b9c3-a87074177ab4,Monzo,Just for the fact they don't take a birth certificate as proof of ID they want everything else but the birth certificate. Seriously its stupid what happens if people don't have a passport or a provisional? So just for that you guys get a 1 star.,1,Negative,Negative,Negative,Negative,Negative
584ea142-6f6b-4767-89d5-146201ef6a8e,Monzo,"Shockingly poor, misses account got blocked just for transferring money , 6.5 months pregnant and no access to funds the lady on the phone couldn't be less helpful and just could not be arsed",1,Negative,Negative,Negative,Negative,Negative
2314bf21-0f70-4264-91a8-1cbc33602951,Monzo,brilliant app best bank,5,Positive,Positive,Positive,Positive,Positive
63a27de0-e127-4ffa-b2cf-1f03ca3fe635,Monzo,Good app for abroad but savings wise the intrest rate compared to other places like money box is just going down and down start on 5% now going to around 3.8% where money box offer just over 5%,2,Negative,Positive,Negative,Positive,Positive
3b1c3c65-b7f4-4064-ae4e-b3d13cacbb95,Monzo,"it was great. My only problem is that I'm signed out of other devices when I login to another/online. Also, would you mind making an option to lock a savings pot until the goal is reached instead of just the date? Thank you",5,Positive,Positive,Positive,Positive,Positive
55a41272-1f3f-45d7-a6b6-fee6a5ee3d77,Monzo,"Very good online banking, easy and safe, i almost got scammed by vinted but they did dispute and return my money, totally recommend",5,Positive,Positive,Positive,Positive,Positive
20ce9b9e-01b4-415a-b0ff-695617a682de,Monzo,Constantly stops updating,1,Negative,Negative,Negative,Negative,Negative
3951fd46-e1ec-4dae-88dc-39bcd8a1ed5d,Monzo,"They didn't let me wife to make bank account, they gave no reason",4,Positive,Negative,Negative,Negative,Negative
7bef0b5a-1254-434b-a032-3832a2deefce,Monzo,it's good I love it 😀,5,Positive,Positive,Positive,Positive,Positive
ad529d33-1d06-47e6-8a34-427d8ca5822a,Monzo,I am banking with Monzo since June 2018. Great,5,Positive,Positive,Positive,Positive,Positive
125d6292-55c6-4c4b-bbe1-a627837e8e58,Monzo,Terrible registration process. Compared to Revolut their sign up process is very glitschy & after 12 hours I am still waiting with no updates. Silly questions asked about whether I've been a politician! Poor.,1,Negative,Negative,Negative,Negative,Negative
d01a6be2-e93d-4f87-b6b5-4510841a5dd0,Monzo,.84 update. Where has the settings cog gone from the top right corner of the screen for the accounts?,1,Negative,Positive,Neutral,Neutral,Neutral
34439868-d65a-410a-b0b9-b75b43baf213,Monzo,I love Monzo Plus. I manage all my household accounts with pots.,5,Positive,Positive,Positive,Positive,Positive
610500f8-7322-4a9c-bc19-cd4813647644,Monzo,Great bank I love to use Monzo,5,Positive,Positive,Positive,Positive,Positive
43633421-3b5d-44fd-940a-bac4271dd1f5,Monzo,"Would be good to switch currency, and sort out split bills in the original currency for my tab",4,Positive,Positive,Neutral,Positive,Positive
52bd54e8-b74f-4bc9-b66e-1c1b78354491,Monzo,Socking trying to get on for 10 days still can't get access,1,Negative,Neutral,Negative,Negative,Negative
e775d7f7-5eff-4d57-822f-a711f8a1bd73,Monzo,Bad app don't download. This app still has my husband's account locked and all he asked for was for the dispute to be cancelled but they keep making him wait and when someone does get back to him they tell him to wait some more. This app is very unprofessional and IS NOT A NORMAL BANKING APP PLEASE DONT DOWNLOAD THE APP YOU WILL NEVER GET A HOLD OF TECH SUPPORT AND THEY DONT EVEN OFFER YOU ANY REWARDS OR ANYTHING ITS JUST A NORMAL SCAM APP THAT IS TRYING TO PASS OFF AS A BANK APP. NOT WORTH IT,1,Negative,Negative,Negative,Negative,Negative
5bde5eed-b140-4bd7-9a50-621e266078d1,Monzo,"Monzo is so easy to use, very convenient no dramas, perfect for me.",5,Positive,Positive,Positive,Positive,Positive
d2e9ff69-ff40-4317-8d17-c5471cece118,Monzo,awesome use it all the time now don't use my santander anymore monzo blows them out the water,5,Positive,Positive,Positive,Positive,Positive
dbb5ccd9-3a0a-40b0-a43f-66c9cab1cc66,Monzo,awesome app,5,Positive,Positive,Positive,Positive,Positive
316c51a3-8fb5-4384-98c9-a89a8f69b84b,Monzo,easily the best bank for business and personal.,5,Positive,Positive,Positive,Positive,Positive
94425dcb-b4d4-48fe-83b8-ff0810e71cef,Monzo,Love using Monzo,5,Positive,Positive,Positive,Positive,Positive
6a80b9d3-056c-4f91-8310-b776876d8e06,Monzo,Very good bank and app easy to use good interest rate,5,Positive,Positive,Positive,Positive,Positive
c2bbdf24-1eaf-4779-8d32-604aac1e5a56,Monzo,"I'm frequently surprisingly impressed. Been with since the start, and now use for all my banking. Just tried recieving money with the QR code ... took less time to send QR and receive money than you can say ""sort code and account number"" (this is no exaggeration - i had the code up, iphone user not on Monzo scanned it, transferred via Apple pay, ding in my account).",5,Positive,Positive,Positive,Negative,Positive
b55210e0-5c9a-4e20-aa13-06f5e0957140,Monzo,Being able to get paid a day earlier is amazing.,5,Positive,Positive,Positive,Positive,Positive
f4b608e7-d762-49d2-ac11-eccb2993f624,Monzo,"Great Bank. never had any issues, easy to sort your money into separate pots for bills etc, Great rate of interest and Max is definitely worth it for the benefits you get. goodbye highstreet banks",5,Positive,Positive,Positive,Positive,Positive
418db0bd-8408-4eac-8d89-bd710d1815cf,Monzo,This app was encouraged and referred to me by one of your clients and I would like to apply for your service,4,Positive,Positive,Positive,Positive,Positive
06f79f6e-719f-4c6c-9035-97e814db92d6,Monzo,love it,5,Positive,Positive,Positive,Positive,Positive
620d3517-f34e-4af3-91bb-2346745bc839,Monzo,Best bank ever,5,Positive,Positive,Positive,Positive,Positive
b4811c2e-4210-4060-92bd-4d0278c5491e,Monzo,WELL DONE 👍✅,5,Positive,Positive,Positive,Positive,Positive
dfa2cf8e-44f7-4504-b000-96d41157b5f9,Monzo,Great bank and app east to use never had a problem,5,Positive,Positive,Positive,Positive,Positive
e269236e-b262-41d2-9fd7-19242d850ad5,Monzo,"Top tier banking app! maybe not for everyone, but I love all the bells and whistles it comes with.",5,Positive,Positive,Positive,Positive,Positive
1495c7fb-b576-4ebd-94aa-34df344173ff,Monzo,Great app easy to use. Can get cashback offers and also get paid at 4pm the day before payday if you get paid by BACS,5,Positive,Positive,Positive,Positive,Positive
1ef8f10b-1bde-467e-b3a2-88a9893e092a,Monzo,Monzo is a great bank and app is simple to use with added benefits like having somewhere to store your money and transferring is simple to use 10/10,5,Positive,Positive,Positive,Positive,Positive
4f19b568-4ce6-4793-b778-a4c9d9c3f759,Monzo,Excellent service with convenience that far out paces it's competitors.,5,Positive,Positive,Positive,Positive,Positive
2ecd555d-cf7b-4244-b84d-987bf9194381,Monzo,best bank I've ever used,5,Positive,Positive,Positive,Positive,Positive
2cbe5b52-153b-4cb8-b221-277c3f7c2147,Monzo,brilliant bank,4,Positive,Positive,Positive,Positive,Positive
d4efc990-62c9-4e4b-a130-49af24599886,Monzo,"Generally good but beware: an easy access savings account here means the money will be free in a day or two. With others it's here now. Sort it out, Monzo. I don't have this agro with either of my other two banks.",3,Neutral,Positive,Negative,Positive,Positive
fcc45492-c9e5-490a-b6c4-9760000f6b7c,Monzo,"Worst service ever. Only excuses on their side. Do not accept Monzo Flex when they offer it, because they don't have your back in case things don't go well.",1,Negative,Negative,Negative,Negative,Negative
ede80ae2-240f-49b8-b10a-4212f6f7b192,Monzo,"I love Monzo, From the Beautiful Coral Card, to the ease of setting up my direct deposit within the app. Monzo has so many helpful features that set them apart from other similar apps ie Cash App,Venmo and even PayPal. Monzo allows you to send money to your friends. The Monzo app also allows you to Set up multiple Saving goals, so you can save up money easy!!! I love MONZO",5,Positive,Positive,Positive,Positive,Positive
3b6239a7-0200-4a3a-9fad-bee1055facd1,Monzo,Run away from this bank. They are absolutely useless whenever you need help or need to dispute a transaction. Never have I expected such appalling customer service and lack of assistance with my money.,1,Negative,Negative,Negative,Negative,Negative
5f680515-10d9-46dd-acdc-36a7388c089d,Monzo,brilliant,5,Positive,Positive,Positive,Positive,Positive
b9d82a62-59a4-4aa5-bc62-f83898a78984,Monzo,This the worst app ever invented you can never talk to a human. You call the number on the card for customer service and it just ring. I used the chat on the app they haven't responded yet. I wouldn't recommend this app to my worst enemy.,1,Negative,Negative,Negative,Negative,Negative
c691ccb3-8eb0-4ead-94bf-25f26e68dfe7,Monzo,New to me,3,Neutral,Neutral,Neutral,Positive,Positive
a04cc68e-6181-4b43-a465-7fa0af36aa5f,Monzo,They are easy to use,5,Positive,Positive,Positive,Positive,Positive
23bb9d49-8f8d-4750-87b8-70f4b75420a4,Monzo,Best thing since sliced bread.,5,Positive,Positive,Positive,Positive,Positive
a69c8c58-93b0-4720-9c7c-1a5037a645c8,Monzo,Excellent bank and service,5,Positive,Positive,Positive,Positive,Positive
32666f47-ffa8-4c0c-a01e-79d0b068f352,Monzo,This is probably the best account that I have had. my wages go in the day before it tells me when and how much in total is coming out for my bills. the cost of the cover for my car phone and travel is great,5,Positive,Positive,Positive,Positive,Positive
27c5c7a1-eb95-4675-92a6-db7d3214d9ad,Monzo,"wonderful banking app, my first and forever bank I think",5,Positive,Positive,Positive,Positive,Positive
f37301e6-fd7a-46ae-b2cf-09ead600b020,Monzo,"Never had an issue with Monzo. I love getting paid early. Working out how much I spend on Petrol, takeaways, bills etc is all done for me to make budgeting easy. love it",5,Positive,Positive,Positive,Positive,Positive
8f19f084-1c70-4a77-9332-3510aadd7943,Monzo,Highly recommended to everyone who wants to have an atm account.,5,Positive,Positive,Positive,Positive,Positive
410cc501-d6e9-4720-be4f-248fcf5ada1e,Monzo,Nice bank app enjoy,5,Positive,Positive,Positive,Positive,Positive
6c3d479d-de4d-4d3c-a02e-1b4609d8f496,Monzo,Good but needs improvement... Please add international money transfers with WISE or your own company. Please pay us interest on our savings...,4,Positive,Positive,Positive,Positive,Positive
958af529-d276-4c46-87c2-40bb0323b65c,Monzo,I really love this app so easy to use. Glad I choose it.,5,Positive,Positive,Positive,Positive,Positive
0aec8558-b79a-4cab-b16a-3f001dd996d1,Monzo,They don't solve the issue and problem only give rejection without any reason,1,Negative,Negative,Negative,Negative,Negative
ac81dd65-77a1-4e33-8d72-698d3eca2645,Monzo,"""Unfortunately we can't offer you a monzo account"" after spending 30 min applying for an account and reading terms. Such a joke",1,Negative,Negative,Negative,Negative,Negative
3786cf5c-80ab-4971-baa9-494685a37aee,Monzo,very good very nice,5,Positive,Positive,Positive,Positive,Positive
24803525-6567-41b9-871c-471d2404cd1c,Monzo,"love love love, how banking should be",5,Positive,Positive,Positive,Positive,Positive
ff698133-f7cd-4a28-bdd7-2db4985bdfd1,Monzo,How do I change my home address & the postcode app will not let me change for me what do you suggest.,4,Positive,Neutral,Negative,Negative,Neutral
592ac6b2-e406-4b76-b159-5a207df29304,Monzo,so far great,5,Positive,Positive,Positive,Positive,Positive
dc7e77fc-6880-4437-8e90-8cd73fec2403,Monzo,It's really insidious that this app asks me for a review as soon as I request my salary a day early. It gets one star for that.,1,Negative,Neutral,Negative,Positive,Negative
d6d2c7ea-ff91-442a-ae19-48e6ee4b4433,Monzo,wicked bank account,5,Positive,Negative,Negative,Positive,Negative
9bf4063b-2b0b-4c0f-a04e-2246c901e0ad,Monzo,Been writing in the chat and no reply going on 5 days now,1,Negative,Negative,Negative,Negative,Negative
32a6ae33-0446-485b-a69e-ac1b8d6b6eb8,Monzo,Would give the app 5 star. However I'm still seething from the fact they never let me and my girlfriend open a joint account together.,3,Neutral,Neutral,Negative,Negative,Positive
3fec5a46-1684-4306-bd87-83d85c84a7a0,Monzo,this is a bank with great value. I have never regretted choosing Monzo.,5,Positive,Positive,Positive,Positive,Positive
9b9d28d4-420b-4688-a773-cba9213bf609,Monzo,"Makes incredibly loud and abrasive sounds when interacting with the app that cannot be turned off. This is a banking app, not a gacha game. Even scam games have sound settings! Either remove them or add an option to disable. How am I supposed to use this for transactions when it's pings like a slot machine? Incredibly unprofessional.",2,Negative,Negative,Negative,Negative,Negative
353a6f2c-9f42-4105-a97c-b7cd810bc142,Monzo,"Actually horrible service. They didn't let me open an account, I came into the UK with a visa and they didn't accept me. They also didn't tell me why they couldn't open an account for me which is very stupid in my opinion. Horrible customer service too,they didn't let me know what went wrong so I could set it straight. Terrible service",1,Negative,Negative,Negative,Negative,Negative
e7c711f1-e047-4111-ae11-0c68bd98963d,Monzo,I love this bank is the best bank in the world,5,Positive,Positive,Positive,Positive,Positive
1e26b1fb-2de3-4b38-83b4-9e1848123297,Monzo,Customer service is bad. Didn't help me verify my google wallet pay and I could hear music in the background of the call.,1,Negative,Negative,Negative,Negative,Negative
8b67ba99-a2eb-4334-aa53-093907de689a,Monzo,better than the traditional banking apps . quick and easy use .,5,Positive,Positive,Positive,Positive,Positive
bc21a5b9-aef6-4239-b012-c426e3cd2f84,Monzo,Poor,1,Negative,Negative,Negative,Negative,Negative
91c9d02f-0558-479a-9bee-4c4901161b95,Monzo,Love this bank everything is easy and quick dispute settlements. Can't go wrong with Monzo,5,Positive,Positive,Positive,Positive,Positive
c0a4cd25-1a4d-4ffd-831c-e696cf060f20,Monzo,Declined account despite a very good credit score,1,Negative,Negative,Neutral,Negative,Negative
27cd72c8-4f47-4341-b2e9-0048bd308b6c,Monzo,The best banking experience I have ever had with online definitely will recommend Never had an issues fingers crossed it stays like that and I haven't jinxed myself,5,Positive,Positive,Positive,Positive,Positive
e44363b3-ab80-4140-b61d-28439c91909f,Monzo,I loveeeee Monzo,5,Positive,Neutral,Positive,Positive,Positive
8ef11f3b-462b-4a8e-9f35-50c073bc631a,Monzo,Where has the spending summary gone? UI gets worse with every update.,2,Negative,Negative,Negative,Negative,Negative
d5dd9414-ef11-4227-8715-75fd6a0c460b,Monzo,Excellent!,5,Positive,Positive,Positive,Positive,Positive
5e4a5339-b6dc-4c73-8a60-f0f756cbdc34,Monzo,quick efficient and easy to use.,5,Positive,Positive,Positive,Positive,Positive
f11680c5-f840-49a8-981f-5fe41d301d4d,Monzo,"Beware of this banking app, this is the worst banking service I have ever experienced. It's all good when you put the money in, but if you need to withdraw it for some reason, the withold the money alledging ""fraud prevention"" even if you send all the documentation they request and go through all the proof of identity systems they put in place. When I try to dispute it, the person in their chat system (there is no other way to contact them) says that I'll receive a response ""within days""",1,Negative,Negative,Negative,Negative,Negative
dfd22c25-b87c-4b85-a529-8c40dcf65ef3,Monzo,Awesome,5,Positive,Positive,Positive,Positive,Positive
dabdf9da-b1ca-4732-8c8d-e6420944b909,Monzo,"Am yet to get my card, and I was blocked by Monzo without giving audience and helping me out. Am new in UK, and I wish to open savings account with monzo",1,Negative,Positive,Negative,Negative,Negative
96419fa5-e7db-4461-9275-d601a97a316e,Monzo,brilliant,5,Positive,Positive,Positive,Positive,Positive
c0ebbaa5-b8a3-4432-81b4-2f59081e336f,Monzo,"Absurd charge to replace faulty card. Withdrew funds, closed account, deleted app. Switching to Starling.",1,Negative,Negative,Negative,Negative,Negative
448bb077-2a0c-4098-94af-4b066e31b607,Monzo,So good and nice experience,5,Positive,Positive,Positive,Positive,Positive
5a064ccb-7139-49a2-a992-310bfe385fe3,Monzo,best bank I've ever used help me every time I need it there customer support is brilliant,5,Positive,Positive,Positive,Positive,Positive
382a5aec-6cce-45ad-8d56-1276fb95d711,Starling,Happy as i can speak to someone if i have a problem.,5,Positive,Positive,Positive,Positive,Positive
7d108e3f-95fc-455a-ba5b-c01e369f3919,Starling,Seamless App,5,Positive,Neutral,Neutral,Positive,Positive
87d606dc-9561-4588-9978-14f7589f6d3d,Starling,"really easy to use, secure and stress free.",5,Positive,Positive,Positive,Positive,Positive
2a69e1f1-865d-44cc-a87b-4a3a38204267,Starling,"easy to use, I love that I can compartmentalise my account.",5,Positive,Positive,Positive,Positive,Positive
3eab878c-8d76-4e5e-afc1-293899655779,Starling,Very intuitive so easy to use .,5,Positive,Positive,Positive,Positive,Positive
ed570a17-5462-4617-83b1-3c471aa27928,Starling,"Works well, but options to organise your finances and have different ways to visualise it are limited",3,Neutral,Negative,Neutral,Positive,Positive
a5b7cefb-5b3d-4a11-bf28-a72a85022a9e,Starling,I like being able to keep track of spending.,5,Positive,Positive,Positive,Positive,Positive
68666191-2404-422c-8a52-a05299dba98c,Starling,excellent app,5,Positive,Positive,Positive,Positive,Positive
f331d500-a4cb-42a3-968f-e204bd7cf8de,Starling,"Easy to use, no issues to note. Almost instant communication when opening account and whilst I haven't been with them long I'm impressed so far.",5,Positive,Positive,Positive,Positive,Positive
3be9605e-2508-46cc-89b1-2a008a7a265f,Starling,brilliant,5,Positive,Positive,Positive,Positive,Positive
52785070-1c07-47ea-9053-3492d0f3fac7,Starling,"*Absolutely terrible*. I use this bank for daily spending and subscriptions as I am in college I don't even have much money but still they decided to' review ' my account. Bear in mind its been over a month and all they say is that ""we can't elaborate any further"" so I have no idea why they have done it or what i could do. DO NOT GET. TRUST ME IVE BEEN WITHOUT MKNEY FOR A MONTH. YOU MAY THINK THAT I AM JUST A ONE CASE SCENARIO BUT THERE SEEMS TO BE A PATTERN OF POOR CUSTOMER SERVICE.",1,Negative,Negative,Negative,Negative,Negative
deb95c01-d6aa-4110-bcbe-06fbc4270a35,Starling,"smooth, intuitive. love it.",5,Positive,Positive,Positive,Positive,Positive
6d495169-eb23-4a5c-bf1b-2986ddbc39ce,Starling,ease of use for business MTD,5,Positive,Positive,Neutral,Positive,Positive
afe9c948-7291-41cf-b9aa-a3a53c037170,Starling,the support this bank gives you is amazing,5,Positive,Positive,Positive,Positive,Positive
c9f81831-74d0-4a7e-933a-4223a507a427,Starling,"Very good app, easy to use.",5,Positive,Positive,Positive,Positive,Positive
aae1f252-d5ee-4fe2-8a58-1c0b817ec84f,Starling,easy and simple,5,Positive,Positive,Positive,Positive,Positive
0829569e-57ab-4a91-a36f-cc4e7aa76c7d,Starling,"I am Dutch. That means short, straightforward en clear (business) agreements. Starlingbank meets this perfectly. Professional, fast, international approach, clear reporting. And quick responses to questions. Happy Chappy with it.",5,Positive,Positive,Positive,Positive,Positive
f2e79cfe-d997-4000-b54d-1b343e085ccb,Starling,Fast and efficient,5,Positive,Positive,Positive,Positive,Positive
9361a812-a329-4afd-8264-b0745f481d8f,Starling,brilliant,5,Positive,Positive,Positive,Positive,Positive
5b0086a7-4224-4870-aff2-78d353c5c476,Starling,Very easy and straightforward to use. I love the spaces and virtual cards too.,5,Positive,Positive,Positive,Positive,Positive
8af38276-16e6-4b50-a9ff-0e0edfe57bbf,Starling,Brilliant,5,Positive,Positive,Positive,Positive,Positive
69811db0-04bd-447b-b489-93e5e6aa70b4,Starling,won't let me open an account...😠,1,Negative,Neutral,Negative,Negative,Negative
e9f7c3fd-4aa6-4ca4-b684-ef2685da3c64,Starling,Any issues is dealt with very promptly. Excellent,5,Positive,Positive,Positive,Positive,Positive
62d860b1-974c-4bf8-aafb-57da80b3812c,Starling,excellent,5,Positive,Positive,Positive,Positive,Positive
9692d5bd-8db5-4f0b-be18-a0376241d4e9,Starling,Great service and easy to use,5,Positive,Positive,Positive,Positive,Positive
eafbc052-3422-4da0-850a-abf50b3f3107,Starling,History transactions isn't full,5,Positive,Neutral,Neutral,Positive,Positive
98b388a2-8b2e-4c35-8a28-1e113004124e,Starling,I am very happy with the bank and app.,5,Positive,Positive,Positive,Positive,Positive
99c34450-4f67-4839-b018-69c2b01cd5aa,Starling,easy to use any problems quickly resolved with great customer service.,5,Positive,Positive,Positive,Positive,Positive
cde6e000-db25-4621-9edd-fb94bb96bef1,Starling,Very good all-rounder easy to use..interest rates could be a little more competitive,4,Positive,Positive,Positive,Positive,Positive
174f63e4-4152-4714-a680-6bcb0e4432d1,Starling,works well once you get used to the interface,4,Positive,Positive,Positive,Positive,Positive
846745f7-0948-4940-a97d-dbcd1703ed1b,Starling,I think it's as intuitive as a banking app can reasonably be.,5,Positive,Neutral,Positive,Positive,Positive
a83a00d0-f5a4-4c2d-af39-8e80fd3ada4b,Starling,Outstanding support!,5,Positive,Positive,Positive,Positive,Positive
7543769b-9f7a-4c68-a921-879c3ab49af4,Starling,Easy to understand and use. All information readily available.,5,Positive,Positive,Positive,Positive,Positive
5b4305b0-cebf-4b9f-bd46-db9ac94a5f06,Starling,Easy to use and does everything I need.,5,Positive,Positive,Positive,Positive,Positive
4c39f1c4-04bc-4079-b04a-201843f07cb3,Starling,WARNING starling will report you to cifas for fraud even if you not doing fraud because I did not confirm my ID iam who I say I'm starling think I'm not now I got my soiltors involved don't join this bank,1,Negative,Negative,Negative,Positive,Negative
415ff3bf-4b1d-4b39-acb8-c4d4e8d2e3bd,Starling,"banking made easy,simple",5,Positive,Neutral,Positive,Positive,Positive
01256b86-72bf-4f6f-aced-5f31bfaac989,Starling,"Great app, easy to use. Syncs with Xero for free, hence perfect for my small business needs!",5,Positive,Positive,Positive,Positive,Positive
c4b3c16a-81d7-43c3-8113-7ab738ad8987,Starling,So glad that I switched to Starling. Their service has been excellent so far.,5,Positive,Positive,Positive,Positive,Positive
a1cd5961-37ad-45b8-9dca-c6a9ca46c3f9,Starling,this is the 1st ever bank did not open me account. plus no reason was provided. throw the app in the bin.,1,Negative,Negative,Negative,Negative,Negative
0fb420f4-4fff-460f-83ba-97e6a5045e4d,Starling,The app does everything I need it to do easily and without a fuss. Great job,5,Positive,Negative,Positive,Positive,Positive
e5cb76d1-9482-4a50-8f24-3a761b7ac7d0,Starling,So well designed and easy to use,5,Positive,Positive,Positive,Positive,Positive
99d84437-3184-489b-8c56-48f0abf513e0,Starling,"We have never had any problems . we now have 3 accounts . app is smooth. regular decent updates. I couldn't go back to "" analogue"" banking now.",5,Positive,Positive,Positive,Positive,Positive
62f470a2-d678-430a-9db3-c9477388dd4b,Starling,been with them since 2023 easy to use and fun account. perfect for travel,5,Positive,Positive,Positive,Positive,Positive
d08330ae-0d16-419a-baa8-2b439e7bbb24,Starling,never had an issue with this app,5,Positive,Neutral,Neutral,Positive,Positive
c65fea64-cb69-461a-b001-506891819d17,Starling,"Great start to my banking journey with Starling, not put a foot wrong....excellent service and app.",5,Positive,Positive,Positive,Positive,Positive
3d3fe70f-5c79-40c2-ad31-e159b36a7666,Starling,Really like Starling although it is a very automated service there are still humans we can get in touch with. Most things work really well and overall it's an excellent service 👌,4,Positive,Positive,Positive,Positive,Positive
ce0f792f-10ba-4a89-817f-a883ee6f0786,Starling,Easy set up. Spaces for under 16s with their own card. Savings spaces with easy withdrawal. Accepted everywhere. It's a fantastic bank.,5,Positive,Positive,Positive,Positive,Positive
3242b36a-6976-4595-b324-281b3c192c9a,Starling,Easy peasy,5,Positive,Positive,Positive,Positive,Positive
11832fab-e879-4086-933d-b8dab76d3625,Starling,using the app is easy and fast.,5,Positive,Positive,Positive,Positive,Positive
f1c5f034-de86-480e-bb13-ed944753eabb,Starling,so slick,5,Positive,Neutral,Neutral,Positive,Positive
633581d7-5fd9-45eb-b1c8-9493e643394f,Starling,"Payments are processed so fast, they show up even before the UI has refreshed and updated on other banking apps. Extremely impressed. Hope they keep adding new features - I think it would be great to see the ""Balance remaining in account"" after each transaction.",4,Positive,Positive,Positive,Positive,Positive
ae944011-f545-402a-84af-0108ded1a236,Starling,Just started using it and so far very easy to use with great functionality. After a year... very easy to use and doing everything I want it to do. very pleased. It's been about 16 months now and still very happy with the app. All so easy.,5,Positive,Positive,Positive,Positive,Positive
cc2a6dd3-1509-47ba-87f2-32be9474739e,Starling,"As a small business using the VAT package, the recent change to their accounting add on has generated hours and hours of extra work by not porting over data from previous version. Very disappointing",1,Negative,Negative,Negative,Negative,Negative
f8fffe29-635b-42c0-9695-6d1d3bef8625,Starling,very nice mobile banking ans easy to use. I like it,5,Positive,Positive,Positive,Positive,Positive
8784dd13-6fa9-4020-bcd2-2215506b0489,Starling,Exceptional customer service,5,Positive,Neutral,Positive,Positive,Positive
01782ce4-bc5d-4a7c-b8c1-aab1bce64c6b,Starling,the staff has been nothing but helpful and supportive always willing to go the extra mile to help me being dyslexic I find think hard understanding the staff always helped me understand what's happening and what to expect before the conversation ends thanks you 😊😊,5,Positive,Positive,Positive,Positive,Positive
8261313f-7e9e-44a3-89fb-8ed21fb45386,Starling,Perfect!,5,Positive,Positive,Positive,Positive,Positive
19242db2-125b-487a-85ad-d15054861107,Starling,"great online banking app, I actually have more control over bills, my money and payments, than ever before. The clear and precise charts showing you where your money is spent ect, is a brilliant tool. AND I really must Applaud their customer service team, I have had extremely positive interactions with them, and they have gone above and beyond for me. Im very greatful to all those working with and for Starling. Thank you (5⭐)",5,Positive,Positive,Positive,Positive,Positive
8821c843-86fd-4071-8bbe-bd0afecf3696,Starling,The best banking app I've used by a long chalk.,5,Positive,Positive,Positive,Positive,Positive
f08c1158-1602-4e5b-9757-10d92efcf79c,Starling,excellent excellent thanks,5,Positive,Positive,Positive,Positive,Positive
420fa74a-9596-48e3-8ad7-8447fc951564,Starling,the app is amazing however I lose track of how much money I spend and my card then declines I feel like there should be a bit that says how much money is left on your spending limit.,3,Neutral,Positive,Positive,Positive,Positive
acc9f174-f59c-41fd-9a7b-19ff1746419b,Starling,maybe one of the easiest bank apps to use out there.,5,Positive,Positive,Positive,Positive,Positive
c3b93347-eca2-4f30-81ab-6d600055929a,Starling,user friendly and quick,5,Positive,Positive,Positive,Positive,Positive
8ece1bc4-6d63-46f6-90e1-39ca39c02c68,Starling,awesome app easy to use,5,Positive,Positive,Positive,Positive,Positive
785c7b1b-319e-404e-b7b6-d7ab94789542,Starling,Amazing 👏,5,Positive,Positive,Positive,Positive,Positive
c48914d1-e566-4c7e-994b-9b5dad4dc876,Starling,Simple to use,5,Positive,Neutral,Positive,Positive,Positive
afd80e36-98fd-4b62-9ad7-7a2e46a46a71,Starling,"Superb, streamlined banking. I am so thrilled I was accepted by Starling to have a current and savings account with them. Managing my finances is so much smoother now.",5,Positive,Positive,Positive,Positive,Positive
3f538170-2211-4fdd-a468-acd820eafd32,Starling,currently the app is not starting. I have updated to the latest version. I am on Google pixel 9. it opens and then closes straight away.,2,Negative,Positive,Negative,Negative,Negative
408452a3-32ca-485d-9609-9c3bba109848,Starling,simply excellent,5,Positive,Positive,Positive,Positive,Positive
b45f8a4d-617b-4dbc-9d11-23de80a7ae4a,Starling,So easy to use. A joy,5,Positive,Positive,Positive,Positive,Positive
09f2ed17-cd17-4d7c-8644-7e5c2fc5df76,Starling,"Used starling for years now and initially switched for ethical reasons but now they use ""AI"" so cannot claim to be ethical. I'll be looking to switch",1,Negative,Positive,Negative,Negative,Negative
37400c38-60c0-492d-b3c3-603e4d93d583,Starling,User friendly.,5,Positive,Positive,Positive,Positive,Positive
182824d6-4aac-46f2-a834-b82bee66f2bd,Starling,Easy to use.,5,Positive,Positive,Positive,Positive,Positive
1e436113-eaeb-4e45-b60a-d5b01097ae79,Starling,"So convenient, easy to use and great service 👍",5,Positive,Positive,Positive,Positive,Positive
a1b062e3-5be9-4555-b21a-f884486332a6,Starling,has the best experience with starling,5,Positive,Positive,Positive,Positive,Positive
6b8523da-0d5d-4dce-b109-8cc77f009dea,Starling,only problem some car insurance companies would not accept starling but appart from that no other issues very easy to use,4,Positive,Neutral,Negative,Positive,Positive
e59ce4cf-7eba-47f5-9a69-3157bef4e05e,Starling,easy peasy,5,Positive,Positive,Positive,Positive,Positive
015a84a6-5222-47f1-97a0-214a49773d34,Starling,I love how simple Starling is. I might move my personal account too 🤗,5,Positive,Positive,Positive,Positive,Positive
79a7b67c-a1a4-4cd4-b9bc-54c2535c5d70,Starling,I love starling so much,5,Positive,Positive,Positive,Positive,Positive
e59d7d2e-6a6c-46d7-9ae2-a8bcfc241b90,Starling,very good and easy,5,Positive,Positive,Positive,Positive,Positive
61729733-eb85-4ff9-b4fb-ead5caf7a815,Starling,very easy to use and informative re transactions,5,Positive,Positive,Positive,Positive,Positive
a206caf4-d2f3-4651-9011-8ffc6c42b0c9,Starling,this is an incredible app ngl,5,Positive,Neutral,Positive,Positive,Positive
3b787788-a8eb-416c-8690-8332d85c2548,Starling,Excellent,5,Positive,Positive,Positive,Positive,Positive
e9b98da1-65ac-4a90-93cf-3a9ffca11a47,Starling,"Using it for the last 3+ years, it's been one of the best apps I've used so far.",5,Positive,Positive,Positive,Positive,Positive
598d5c30-59b5-4cc2-9768-445531d78e3e,Starling,brilliant fast efficient and effective.5 star's,5,Positive,Positive,Positive,Positive,Positive
880216bd-f7fa-4002-9f92-ebc055077d6b,Starling,"easy to use, suitable for older people",5,Positive,Positive,Positive,Positive,Positive
1eeccd76-79ca-4673-9f95-c25d17e631ec,Starling,best mobile bank,5,Positive,Positive,Positive,Positive,Positive
ada0bd6c-de40-4ea8-bc71-25ce3636a1d2,Starling,Would highly recommend,5,Positive,Positive,Positive,Positive,Positive
8b7de617-52c5-477f-9bc9-cbff88c41f1e,Starling,Simple and easy and can always talk to a human. They do the personal touch where the big banks cannot.,5,Positive,Positive,Positive,Positive,Positive
eea0b18e-e144-4a15-b541-9422d875aceb,Starling,I am enjoying the App. I'm discovering the easy ways to achieve savings for my goals in life.,5,Positive,Positive,Positive,Positive,Positive
1509cc70-dac8-470c-8c74-536c242a1bd9,Starling,Best banking app I've used so easy to get on with,5,Positive,Positive,Positive,Positive,Positive
ca91ace2-2b81-4e47-b5f6-433b404c3a1a,Starling,excellent service......,5,Positive,Positive,Positive,Positive,Positive
587e8a05-d682-4361-a38e-268671b86ab7,Starling,By far the best out there i would highly recommend.,5,Positive,Positive,Positive,Positive,Positive
77cb4be9-09d2-4669-adc5-fcbae99b81c2,Starling,easy to use,5,Positive,Positive,Positive,Positive,Positive
553044ff-7d3e-44e0-a4de-0fff8cc641a0,Starling,"No stress, very effective to chat with customer service",5,Positive,Negative,Positive,Positive,Positive
4e5a23c2-f0be-4f28-85df-dab80802c7c8,Starling,lovely team,5,Positive,Positive,Positive,Positive,Positive
4bae6da7-d384-402b-ae3c-11213421731f,Starling,excellent app very informative easy to use,5,Positive,Positive,Positive,Positive,Positive
63675f9c-54e3-44b6-8b6f-726161175dac,Starling,"I've had accounts with Barclays, NatWest & HSBC in the past & they've been a joke compared to Starting. There's no annoying phone options or speaking to someone from another country. Every time I've had a problem, it's been sorted out promptly & the Customer Service staff are brilliant. If you're looking for a simple online bank account, I think Starling does it very well.",5,Positive,Positive,Negative,Negative,Positive
cce6166c-5a14-4146-8fbb-333eb3115736,Starling,always good service,5,Positive,Positive,Positive,Positive,Positive
efaa26c0-5b83-4b58-954e-82f6423cb3e7,Starling,"I'm really happy with Starling Bank for my business operations, and their mobile app is super easy to use too.",5,Positive,Positive,Positive,Positive,Positive
19801eaa-a8c9-4ecd-b19d-d30fcd3547cd,Starling,User friendly banking app. I would recommend to anybody who asked for online banking.,5,Positive,Positive,Positive,Positive,Positive
de75cbbc-f08d-4770-a3ad-9439fb17a922,Starling,"so far, so good. I've just started using it, so time will tell.",5,Positive,Positive,Positive,Positive,Positive
9537d4a0-bce7-48a3-9987-6b6c3af2b2d7,Starling,"I've been using Starling for a while with no issues. It seems they have sensible limits, and on the whole the app just works.",5,Positive,Negative,Positive,Positive,Positive
6e5e7c63-9332-4550-aa5d-39598723b22e,Starling,great app works well 🙌,5,Positive,Positive,Positive,Positive,Positive
260a657a-b5f1-43f8-93a3-f51027224fe9,Starling,Easy and simple to use app. I've never had any issues.,5,Positive,Positive,Positive,Positive,Positive
d01a051c-2473-4d21-a302-5ae806273f46,Starling,easy to use and convenient fee rate,5,Positive,Positive,Positive,Positive,Positive
00b9e99c-3014-494d-adf2-c4ec3e21bd7e,Starling,"moved from a competitor, really good app and has more bank functionality and easier to use. glad I swapped bank providers.",5,Positive,Positive,Positive,Positive,Positive
5b67f97f-374b-431c-aae2-b94a1870a827,Starling,easy,5,Positive,Positive,Positive,Positive,Positive
b5aecf9b-288d-4e75-9699-614a29bfecde,Starling,very good online banking,5,Positive,Positive,Positive,Positive,Positive
024f4cf7-7169-4ec0-bea8-27adbf999b83,Starling,efficiency,5,Positive,Positive,Neutral,Positive,Positive
16afae16-6c18-48e9-b00d-b016a4b76761,Starling,"Good banking, easy site to use",5,Positive,Positive,Positive,Positive,Positive
58249ef1-214e-4f84-9d12-2ac2280f44e5,Starling,Brilliant service,5,Positive,Positive,Positive,Positive,Positive
0b0c545e-bca7-4a66-b242-3cd7ff915f2e,Starling,Everything works good and fast. Well informed.,5,Positive,Positive,Positive,Positive,Positive
75c7ac82-ca6d-4a74-aa4a-0221210a070d,Starling,"very easy to use, new to it so will get to know it better given time",5,Positive,Positive,Positive,Positive,Positive
d432fbae-129b-4042-ba28-6cae202a0688,Starling,got this a few years ago for turkey and aice then it's never failed it's got no charge for using abroad brilliant app and bank,5,Positive,Positive,Positive,Positive,Positive
6fbc88cf-8cc3-47dd-9799-86d4a59d492a,Starling,everything is smooth,5,Positive,Neutral,Positive,Positive,Positive
2f1202f1-7abc-4ec8-b5f9-40fda88885ad,Starling,"brilliant app, very easy to use",5,Positive,Positive,Positive,Positive,Positive
b95d8435-8b9e-4486-b3d7-fd1b8152a041,Starling,Extremely user friendly,5,Positive,Positive,Positive,Positive,Positive
d46e896f-0b40-46f5-9d47-e5bca8643d33,Starling,Excellent Service very reliable,5,Positive,Positive,Positive,Positive,Positive
cc46affa-8535-48d8-bbe6-34a739c2945a,Starling,Easy to follow,5,Positive,Positive,Positive,Positive,Positive
3758e2d2-2190-4574-89cc-d2a83c5b20c7,Starling,Wants me to update. I cant,1,Negative,Neutral,Negative,Negative,Negative
2f183702-2f51-4b5c-9c62-4c88def4ff50,Starling,brilliant simple to use app,5,Positive,Positive,Positive,Positive,Positive
c1e8265c-8b36-41ca-9e8b-f526b5704ae4,Starling,perfect app,5,Positive,Positive,Positive,Positive,Positive
762716d8-2a0a-4f6c-9952-56ceb1a2bebc,Starling,Love the banking app. so easy to use and love the features of spaces,5,Positive,Positive,Positive,Positive,Positive
aab349be-adb8-4e60-a3c2-bf334f995d18,Starling,great very easy to use,5,Positive,Positive,Positive,Positive,Positive
89efdf0a-e3c0-40c7-91c3-5a0fca48d03c,Starling,Stop with the forced updates its so unnecessary especially when you are on android 13,1,Negative,Negative,Negative,Negative,Negative
b0a03dd6-3195-426a-add4-154152c44fed,Starling,payment send over even if it's high amount without any issue. Monzo was problem,5,Positive,Negative,Neutral,Positive,Positive
a6eb151b-9f9d-47f3-ad5a-020dfab07ff5,Starling,so easy to use. don't know what the customer support is like as haven't needed it.,5,Positive,Positive,Negative,Positive,Positive
b881a890-416a-4669-82d0-a8b05a617b41,Starling,I would give 5 stars for this app if it wasn't for glitches linking to my bank account and updating my balance and loading of receipts.,5,Positive,Neutral,Negative,Negative,Positive
65e847f9-7335-4238-81ca-69049f2b6d37,Starling,"The app is so easy to use, love my pots, insights into spending & groups, savings options, brilliant for holidays as no fees when using or withdrawing from account.",5,Positive,Positive,Positive,Positive,Positive
75b00fa3-4184-47ba-a134-6e225bcf17fa,Starling,"deleted my account after only 2 months. how many recordings do you people need? app doesn't save my password and won't let me change it without a video. no need to make everything so complicated. given how often things are hacked, people might want to be more wary of how much data businesses hold on you. I recommend Monzo, it's much better, still need an initial video which is annoying but the bank itself is so easy and not frustrating like this one. just wanted to move some money 🤦",1,Negative,Positive,Negative,Negative,Negative
c49d3fdf-f325-4404-a744-aa24c212ef73,Starling,"super easy to use, simple interface compared to other apps",5,Positive,Positive,Positive,Positive,Positive
7dc13688-8650-4132-8443-ce952b700b1f,Starling,easy to use,5,Positive,Positive,Positive,Positive,Positive
4a8c64df-1688-4e85-939f-0c530a3c81e7,Starling,past 2 years using this card going abroad no problems and take money out no charges and only last year going to srilanka card didn't work in cash machine in srilanka,3,Neutral,Negative,Neutral,Negative,Positive
454b1dd0-12ba-4962-8ba3-c6e436864f89,Starling,"Almost faultless, easy to use, and the thumbprint authentication actually works!",4,Positive,Positive,Positive,Positive,Positive
1f512b52-b50e-4eba-afa4-18382af309ed,Starling,excellent. I have been with starling for the last 7 year and i wouldn't change to any other bank. They are amazing when dealing with issues fast and efficient. The app is very well laid out and easy to use.,5,Positive,Positive,Positive,Positive,Positive
a3641258-a56d-4391-b52e-a1103ecc3dde,Starling,"very straightforward and easy to use, love it when going abroad, no additional charges",5,Positive,Positive,Positive,Positive,Positive
8913c10d-7691-429d-bf47-0f53a80eca05,Starling,works perfectly,5,Positive,Positive,Positive,Positive,Positive
c847f470-500e-4205-8d69-d457aa139e21,Starling,"perfect app thanks for everything you do, great success keep going good luck 👍",5,Positive,Positive,Positive,Positive,Positive
8f5b26dc-54e0-4ecf-9f21-1db38b192c55,Starling,"starling are the dogs danglies, such an easy process from opening the business account to using the account I highly recommend starling for business or personal use",5,Positive,Positive,Positive,Positive,Positive
21fbf7e6-a4a2-4e8c-bd8e-5877f8274bd6,Starling,very easy to use. nice layout,5,Positive,Positive,Positive,Positive,Positive
8e50fa00-e322-4d6a-9956-49d4343f5a54,Starling,rubbish bank and they closed my account without any Good Valid Reasons..,1,Negative,Negative,Negative,Negative,Negative
ee1758bc-d69e-46c2-a0e2-59ce4d76b3f0,Starling,all very good and intuitive so far,5,Positive,Positive,Positive,Positive,Positive
75ccbc6c-440e-4454-9d78-1a2ce384a1a5,Starling,not letting me update,1,Negative,Neutral,Negative,Negative,Negative
5cc9a34c-1576-4847-b20b-4b03ce10af02,Starling,It just works well,5,Positive,Positive,Positive,Positive,Positive
db23636b-2fcb-432b-85f6-ec35209f5649,Starling,"Really great bank. The bank staff are great, but you rarely need to talk to them because the app is so good. they're really, really good for international payment. highly recommended.",5,Positive,Positive,Positive,Positive,Positive
43e56dce-cfd6-4cb1-ba5b-a16a6267972a,Starling,very nice app,5,Positive,Positive,Positive,Positive,Positive
79f01282-e302-4149-9fa7-695951d02fdb,Starling,Great flexible banking app. I have a card I can use abroad without paying any fees. I have a card I can use when out with a limit so great for keeping an eye on spending. I have created a digital card for EV charge payments. I have an ISA which has a better interest rate than the high street banks. I can move money around easily. The app works easily and I can make payments or have payments made to me. overall it's just a great online bank with a great app.,5,Positive,Positive,Positive,Positive,Positive
5c4aee8e-85ff-48a1-ba6f-b2f05349e9a4,Starling,"Tried opening up an account as other family members are using this bank. However for no reason whatsoever the app has refused my application and won't give any details or reason to why, so it was a complete waste of time and effort and I wouldn't recommend anyone else wasting their time to be refused by Ai and my Phone blocked by Starling",1,Negative,Negative,Negative,Negative,Negative
c7e42881-4b6f-4028-ba4d-f0fad8861ecf,Starling,"The best app, fast, simple. Highly recommend! ❤️",5,Positive,Positive,Positive,Positive,Positive
cc7bef29-ea42-4fa4-887b-5abcc0561db3,Starling,so easy to use and love the spaces option,5,Positive,Positive,Positive,Positive,Positive
d1d414a5-cc50-42e3-8c03-97bff4fb54e2,Starling,"Many helpful features, including creating notes for each individual payments and having separate virtual spaces for the card. It would be great if there's feature to highlight several payments from the same source/payee and create bulk receipts for them. Also, creating a QR code for payments could be a convenient way that other bank apps offer.",5,Positive,Positive,Positive,Positive,Positive
03f416b1-1899-4665-a24e-d26fd4fbf557,Starling,Brilliant App and thoughtfully designed. Great customer service too. Thanks team!,5,Positive,Positive,Positive,Positive,Positive
11adc7ac-10c3-4cc8-9d03-f30bc76c2b31,Starling,"very good, easy to use, interface clean and uncomplicated. I like that it doesn't have loads of graphics or colours so easy find what you're looking for when on the run. Spaces are very helpful, categories good and the notes function is incredibly helpful when filing yearly accounts.",5,Positive,Positive,Positive,Positive,Positive
355a971c-d2a3-495d-8fd6-e639041334a6,Starling,"Great App, so easy to use.",5,Positive,Positive,Positive,Positive,Positive
79ef8894-b5cf-4f96-b9bb-60b766e32fe8,Starling,great bank and app easy to use.,5,Positive,Positive,Positive,Positive,Positive
74b9cdf0-3276-4dd9-a9ed-0d6d58d2ba19,Starling,Decent banking system. Easy enough to navigate. Some good features to organise yourself or your business.,4,Positive,Positive,Positive,Positive,Positive
5a6561d5-4484-4229-9a55-9aa3bfa6a4ae,Starling,User friendly intuitive with very helpful features,5,Positive,Positive,Positive,Positive,Positive
37789290-5af5-4123-9055-2e355f858b25,Starling,really pleased with the customer service,5,Positive,Positive,Positive,Positive,Positive
12c11b47-813f-4d12-9e01-e0d5a1b09596,Starling,easy to use account,5,Positive,Positive,Positive,Positive,Positive
616ef29c-b665-4299-b9cb-7e731cd29277,Starling,"I think the app is great, easy to use, you can find what you need quickly, even when you are not particularly it savy.",5,Positive,Positive,Positive,Positive,Positive
49e04f00-8a4e-4cdb-b65f-7811884a37aa,Starling,Fast easy,5,Positive,Positive,Neutral,Positive,Positive
eb8c5daa-6df0-43ec-9c8f-1ade8c9d15c2,Starling,"I'm super impressed with Starling bank so far, have only been with them a short while so still learning all about using your spaces. Which I've found very useful and will definitely be using. They were easy to get hold off if you have any problems, they helpful when I had a query an it took no time to get thourgh to customer services agent and were very friendly and took thier time with you. The app is brilliant laid out easily for you to use and see. Thanks Starling",5,Positive,Positive,Positive,Positive,Positive
b4e4d46c-371f-4cbc-8791-a9ec3ef3e39c,Starling,better then monza,5,Positive,Positive,Neutral,Positive,Positive
ac2c6a65-f8c3-43bb-a58e-f678cb1eebf5,Starling,easy to navigate and to manage payments,5,Positive,Positive,Positive,Positive,Positive
2832f5c0-595a-4006-aca4-1211d509a123,Starling,All fine by me .,5,Positive,Positive,Positive,Positive,Positive
a48f0305-f441-4bc1-bfdd-e95630e89780,Starling,Best bank,5,Positive,Positive,Positive,Positive,Positive
48b6b3b3-bb8e-475d-a594-1c7395d69df7,Starling,"absolutely brilliant bank, so easy to use, highly recommend 🙂",5,Positive,Positive,Positive,Positive,Positive
212bc7f9-b850-4ce8-89f7-901f7de85cd3,Starling,best apps,5,Positive,Positive,Positive,Positive,Positive
57be5fa8-7b4d-4e34-b2b7-ae08de57afeb,Starling,Quick and reasonably intuitive to use.,4,Positive,Neutral,Positive,Positive,Positive
8020b442-4cd3-4a97-a170-bf6f92c90c8e,Starling,Never had an issue with it,4,Positive,Neutral,Neutral,Positive,Positive
139ba279-fc1b-4122-944b-d270cc8e2d5b,Starling,functional,3,Neutral,Neutral,Neutral,Positive,Positive
e7b6f9c5-4102-463b-ab06-b261769edde4,Starling,Easy to use and intuitive. Great customer service is well,5,Positive,Positive,Positive,Positive,Positive
1d74499a-1754-4f1c-84bb-90282a086c65,Starling,"App update descriptions carry a childish story about singers and drummers, rather than listing update facts. Spaces in the app are frustrating to use, try adding notes to your money movements, you'll spend ages doing it. Try feedback improvements to Starling, they, just ignore you. I guess they are busy making up little stories about singers and drummers! Response to below: I have fed back through the app again. Let's if I'm ignored again. 1 year later.. yes ignored again !",2,Negative,Negative,Negative,Neutral,Negative
6c456c3a-5895-430f-8acf-8930ecf00eb0,Starling,love love love Starling so easy when you have a problem the chat function is very efficient.,5,Positive,Positive,Positive,Positive,Positive
1fbf6c10-296b-4fdf-b848-881f306d1750,Starling,Did not find the site easy to use.,4,Positive,Positive,Negative,Positive,Neutral
a4e2c058-5220-4c4f-b724-70d431869492,Starling,excellent no problems and easy to use,5,Positive,Positive,Positive,Positive,Positive
02da0116-3916-42c8-967b-39db0aeff879,Starling,only reason its not a five star is because no saving account,5,Positive,Negative,Negative,Negative,Negative
5d76319a-2f5e-40b7-8a83-ca290403f6f7,Starling,Love using Starling. Well designed and helps me manage money well!,5,Positive,Positive,Positive,Positive,Positive
833dd775-35b2-419b-b0db-12e3f041fb6d,Starling,amazing. very modern compared to other banking apps,5,Positive,Positive,Positive,Positive,Positive
3c00c019-5755-4fef-b154-41196d41b9d5,Starling,top class app and easy to use.,5,Positive,Positive,Positive,Positive,Positive
a7ce592a-3454-41e2-be67-297d5f974ce5,Starling,All very smooth and uncomplicated transactions. Definitely user friendly.,5,Positive,Positive,Positive,Positive,Positive
985c5117-b35e-4c52-913c-24da99dc745d,Starling,easy to use,5,Positive,Positive,Positive,Positive,Positive
c098dd29-f257-441d-8595-f13e1ad31677,Starling,"Great App and very easy to use, transfer payments etc. Although it would be helpful to be able to see the card details including CVV number for some online payments.",5,Positive,Positive,Positive,Positive,Positive
c23bbb0b-ce82-4174-87d8-26e8c3d91cc8,Starling,brilliant,5,Positive,Positive,Positive,Positive,Positive
fe6b3bac-a556-4ab1-aa90-7f3e4aab3bc4,Starling,brilliant bank app,5,Positive,Positive,Positive,Positive,Positive
7ea61d94-642a-40d4-91b5-ab9ad22c7e70,Starling,great bank with an easy to use app!!,5,Positive,Positive,Positive,Positive,Positive
5c61d59c-14e0-4f5d-aa96-3329c0e9c153,Starling,all okay,5,Positive,Positive,Positive,Positive,Positive
a30eaa4d-9311-44fa-ac74-efe34fe3488c,Starling,The best app.,5,Positive,Positive,Positive,Positive,Positive
2fbb4ae4-88d9-49b2-9c56-b871db8e88b9,Starling,stop asking to update the app,1,Negative,Negative,Negative,Negative,Negative
9c4027a1-066d-42cb-8af9-7f453c86fd8a,Starling,"Never met a spiteful bank that once you've left them in the past, will never let you join again. good luck surviving with that model. in response to the reply. the article provides no real justification. it's but temporary, it's long term and deliberate or incompetent. No other financial institution that I have used has such a ""bug""",1,Negative,Negative,Negative,Positive,Negative
e53e6ff0-5258-4afc-9754-b71ee2ce2d9e,Starling,excellent app,5,Positive,Positive,Positive,Positive,Positive
588b9813-ded6-40c3-bdba-2d7e7a1a76e7,Starling,simple but needs easier access to a call centre,4,Positive,Positive,Neutral,Positive,Positive
33eb30ee-3c94-475e-b422-a42e6563495b,Starling,such an easy and clear way to conduct banking.,5,Positive,Positive,Positive,Positive,Positive
61e60bdd-3ee9-4a86-831d-8ffac23ff1ab,Starling,very easy banking and bonus is fee free transactions and payments even abroad.,5,Positive,Positive,Positive,Positive,Positive
25845019-912b-4c25-b94e-0118c4c3f58f,Starling,"I really do love this App ,it has a positive effect on my saving and helps me plan ,future plans",5,Positive,Positive,Positive,Positive,Positive
d934e9b9-3038-48cb-a7a9-de4d6ace6959,Starling,It's an excellent app. Easy to use and very quick. I'm impressed with the bank too.,5,Positive,Positive,Positive,Positive,Positive
b661e413-45e5-4e6b-860c-17bdd6dbe764,Starling,"Absolutely the best banking app I've ever used. Misplaced my card, not lost, just misplaced. Usually I would have to cancel card and wait for replacement. Not with this puppy, just logged on and turn off contactless, chip and pin and ATM til I find my card. Instant transactions, text messages alerting me of account activity. No more checking to see if invoices paid. Instant ability to cancel fraudulent transactions. Longest rating I've even given, but 1st class banking app. TSC",5,Positive,Neutral,Positive,Positive,Positive
dcf3563c-db19-46ef-9287-e1cbc2754d10,Starling,much better,4,Positive,Positive,Positive,Positive,Positive
1070b686-f5af-48dc-b286-f2f70a9e3a92,Starling,good app and the bank is bang on work abroad fine no charge top quality 👌,5,Positive,Positive,Positive,Positive,Positive
e0c2aefe-113d-45ef-8859-6edcf4b2b5bc,Starling,"brilliant, kids spaces amazing",5,Positive,Positive,Positive,Positive,Positive
acb397b5-98cf-41d0-838b-824ec18ee3a8,Starling,"Brilliant bank. Very good for going abroad too. Don't need to take money now, just converts to the rate at the day which is usually better then the bureau.",5,Positive,Positive,Positive,Positive,Positive
21744e26-4b82-473b-bbd9-3380905daf3f,Starling,The best banking app I've had,5,Positive,Positive,Positive,Positive,Positive
23a68f1d-b1d4-464f-bd8f-7d596887831a,Starling,"Tried to set up business account and got rejected with no reason. They make you jump through a number of hoops like sending industry body certifications, contracts (new business I might want an banking account before setting up contracts..), ""tell me what your plans are with AI"". 10 years experience in the field and the business arm of Starling don't even have the ability to assess this as they can't access LinkedIn open profiles. Opened an account with Monzo instead, 100x easier and faster.",1,Negative,Positive,Negative,Negative,Negative
ed5bd6d1-b052-43a3-a6a1-f4743162932a,Starling,excellent,5,Positive,Positive,Positive,Positive,Positive
d2c44e2c-4690-4987-86b0-15e91877731d,Starling,"The app is pretty easy to get on with, but customer service and communication is poor",3,Neutral,Negative,Negative,Positive,Neutral
99e6a809-cde0-42c2-a0de-645ccfc5d8e7,Starling,Not sure about the new colours and branding but very convenient and easy to use app!,5,Positive,Positive,Positive,Positive,Positive
215ab404-d5ea-4f8e-939b-e4d6b6c36c84,Starling,I am very happy with Starling. it's app functionality compares more favourably than other financial apps I use. I have had a couple of gripes but minor ones.,5,Positive,Positive,Positive,Positive,Positive
d6c99028-ed3f-4738-bb06-89876622decd,Starling,Brilliant account. We use it for travel and I love that my son has his own card and account that I can manage from my main account.,5,Positive,Positive,Positive,Positive,Positive
d42c9360-345d-4334-8dab-d6e583332dd7,Starling,better than straight forward......love it,5,Positive,Positive,Positive,Positive,Positive
333cb3f9-5fe6-4849-a518-a0e5e6d9732e,Starling,amazing,5,Positive,Positive,Positive,Positive,Positive
664aae9f-1fc0-487a-917c-d8e5a4527418,Starling,Good overall. Pleased with this app,5,Positive,Positive,Positive,Positive,Positive
ef0c7d84-4987-491e-8290-1d06e5f5bae1,Starling,Great banking experience,5,Positive,Positive,Positive,Positive,Positive
eaad4a7f-c395-4565-ac74-4693553cb4a1,Starling,excellent and easy to use,5,Positive,Positive,Positive,Positive,Positive
d7425b30-d9c7-413c-8d09-5364f641802f,Starling,great and only gutted I didn't move sooner,5,Positive,Positive,Positive,Positive,Positive
086eabc9-4b86-41b2-b78d-114cbba3a2b8,Starling,easy to use,5,Positive,Positive,Positive,Positive,Positive
c5fd6653-5ac9-4a41-85ec-9787db828d59,Starling,easy-to-use!,5,Positive,Neutral,Positive,Positive,Positive
0f715e46-9801-459f-a901-83c314cf1cfd,Starling,fast,5,Positive,Neutral,Neutral,Positive,Positive
ed01f203-f4c8-4a80-a188-1fa9ef12650b,Starling,Excellent Bank & Easy To Use App 10/10,5,Positive,Positive,Positive,Positive,Positive
64ce4ab1-425d-4c88-9278-99eaf7756e05,Starling,"Great, very good service and app is good",5,Positive,Positive,Positive,Positive,Positive
ead1f1bf-79f8-4a0d-af14-b1c26cac2c55,Starling,"straight forward always have really good help when needed with anything , I love how you can have different saving pots on here too straight forward to transfer to and from would recommend",5,Positive,Positive,Positive,Positive,Positive
56e74bfb-c7e9-47fd-b2c9-ca4f1bf26bae,Starling,Horrible.,1,Negative,Negative,Negative,Negative,Negative
11381141-6454-4405-b10b-77e085e0e96f,Starling,Very easy and intuitive to use.,5,Positive,Positive,Positive,Positive,Positive
e93ecc01-fe38-4f11-98bd-4497c57ead9f,Starling,its a no worries bank. it just works.,5,Positive,Negative,Positive,Positive,Positive
2b0f1bec-ec01-4473-b570-5adb8a1abd4e,Starling,"the best experience for using it abroad, no fuss and everything is clear in transaction . Absolutely recommend to others too . I don't thing there is a match for it too.",5,Positive,Positive,Positive,Positive,Positive
40e94ae6-fb40-4284-ae4d-a4ebe24f2d73,Starling,Good easy to use,5,Positive,Positive,Positive,Positive,Positive
1010a1bb-25a4-41b9-a142-8bfceee3ed7c,Starling,Generally app works well. Pretty happy with it 🐱 got a new phone to keep using it. still happy with app.,5,Positive,Positive,Positive,Positive,Positive
a3d68457-39a6-4f1b-bc89-6b9bf1122b31,Starling,just learning how to use it,4,Positive,Neutral,Neutral,Positive,Positive
cb6e1ba7-681c-48c8-a295-20a89a4bdc45,Starling,no headaches,5,Positive,Negative,Neutral,Positive,Positive
0011cb25-3584-4f0c-93ed-9a9b6cb24715,Starling,good but sometimes unnecessary processes,4,Positive,Positive,Negative,Positive,Positive
d5b38d4c-4b7a-4f35-8b2a-d14ca93a7786,Starling,spaces are a brilliant way of keeping track of the spending we want to watch,5,Positive,Positive,Positive,Positive,Positive
7f1a3614-e6ce-41a7-80b0-807684bf90b1,Starling,"the best banking experience I've ever had. First time I've felt in control of my money with the spaces, the bill's space is a game changer, and notifications. The app is easy to use and I had no problems using it abroad.",5,Positive,Positive,Positive,Positive,Positive
78f09a8e-4b14-4a67-b8ee-1519db15f0c8,Starling,perfect in every way,5,Positive,Positive,Positive,Positive,Positive
3b90a12f-3e96-4c47-83fc-95903d01a4a2,Starling,"Refused to open an account for my new business. Perhaps they have a valid reason, but since they refused to provide any detail or information about why they took this decision, I can't know.",1,Negative,Negative,Negative,Negative,Negative
8458e283-d124-4e5d-8b44-b114b25446c0,Starling,"great way of banking , hassle free , fast and secure , love it , easy to access , user friendly",5,Positive,Positive,Positive,Positive,Positive
f85f099d-7730-47b3-9091-78931aaf4560,Starling,Excellent. Intuitive and useful app that makes functions easy. Standing order and direct debit reminders are very useful too.,5,Positive,Positive,Positive,Positive,Positive
14522b09-7940-409a-a7f3-d560d6dde160,Starling,Lovely,5,Positive,Positive,Positive,Positive,Positive
12917028-5e80-43ac-96fa-a1adcf41baae,Starling,this app is so easy to use and is very reliable,5,Positive,Positive,Positive,Positive,Positive
6edb78aa-e1e3-4023-96c6-bc7fb5ddead2,Starling,safe and clear instructions easy to use.,5,Positive,Positive,Positive,Positive,Positive
440a8990-5c3a-41e7-aac1-80d180132beb,Starling,easy to use,5,Positive,Positive,Positive,Positive,Positive
103c6d59-a158-4c83-b6a6-becea86a09a8,Starling,Great. very user friendly,5,Positive,Positive,Positive,Positive,Positive
f0de90cf-4c21-4277-a471-329b39fb9765,Starling,just so easy !,5,Positive,Positive,Positive,Positive,Positive
c72a27ce-cd2c-41ad-95b2-4040598023df,Starling,"Okay, but not as clear and intuitively presented as some other banking apps. If you use the bookkeeping app it's a bit primitive compared to others and has very limited choice of spending categories.",4,Positive,Negative,Negative,Positive,Neutral
b9c91a5a-9ce6-41a5-8acd-0e90e0149ba2,Starling,so easy to use,5,Positive,Positive,Positive,Positive,Positive
375b037b-2fdc-40f7-baab-f2b9f01913a0,Starling,"So easy to use and pay in local currency which instantly shows in your account. Used all over the world, brilliant",5,Positive,Positive,Positive,Positive,Positive
c1c86513-4a8f-4e09-b864-eb2e20da7e1e,Starling,good so far,5,Positive,Positive,Positive,Positive,Positive
63eb1a88-6347-4134-b535-23f63a5cd18e,Starling,Best online bank,5,Positive,Positive,Positive,Positive,Positive
ece4feac-4c9a-435a-8165-baa80ba93462,Starling,"very easy to use. transfer money, pay bills, get help. would highly recommend it.",5,Positive,Positive,Positive,Positive,Positive
f56b34e6-99f8-4a86-937a-20dc340e6d56,Starling,Easy to use and pleased so far with it 👍,5,Positive,Positive,Positive,Positive,Positive
86c23c97-3f96-4735-86f9-409dc513783d,Starling,"so easy to use, secure and straightforward",5,Positive,Positive,Positive,Positive,Positive
0f8ab86a-1fbc-48e6-9878-e5f647f64240,Starling,transformed the way I manage my banking. Excellent organisation and review tools that are easy to use and navigate. I don't see why all banks don't have this.,5,Positive,Positive,Positive,Positive,Positive
2bfcc177-2038-40b4-8e37-a15ab2aa43d6,Starling,"terrible customer service, inflexible, sluggish onboarding.",1,Negative,Negative,Negative,Negative,Negative
f419aa23-2874-484d-b9fd-7a604ab4fab6,Starling,Great app awesome 👌,5,Positive,Positive,Positive,Positive,Positive
07f7c6a3-17c0-447d-b980-e0a9a505f7e3,Starling,very efficient,5,Positive,Positive,Positive,Positive,Positive
a023bc1f-0f32-425e-a459-fb6a5d6d3d47,Starling,excellent.,5,Positive,Positive,Positive,Positive,Positive
189602fe-7c4c-498e-a68d-e5af4a140ac7,Starling,Brilliant bank in every way.,5,Positive,Positive,Positive,Positive,Positive
86333077-5145-4db8-8257-4d662cec34ac,Starling,Easy to use.,5,Positive,Positive,Positive,Positive,Positive
510f25e2-0e3b-4c75-9e68-9284279179a9,Starling,I tell everyone about Starling and how good it is,5,Positive,Positive,Positive,Positive,Positive
820f6460-22d8-42e6-8def-43894f287a93,Starling,Excellent app. Easy to use.,5,Positive,Positive,Positive,Positive,Positive
f22bce09-7abb-4f78-9b26-ea44aed1e78c,Starling,"Honestly so easy to use, as banks are closing branches the fact i can deposit money at any post office is a lifesaver. edit: couldn't have recommended starling enough until I had my account closed and when I tried to find out why I was told they couldn't tell me, simply being sent the terms and conditions I can only assume i have lost my account because I cant afford to get a passport and my provisional license expired, being nearly blind i never renewed that one",3,Neutral,Positive,Positive,Negative,Positive
c3056a9b-868e-40d0-9516-28bdd216e671,Starling,More fool them😄,1,Negative,Negative,Neutral,Positive,Negative
f89a90fa-0e45-452a-99ab-f665f4678f5a,Starling,excellent bank app,5,Positive,Positive,Positive,Positive,Positive
4d8fd9de-aeac-41e5-98a1-4ea7a160c6df,Starling,very easy to navigate,5,Positive,Positive,Positive,Positive,Positive
de3ddc77-8a4d-45c8-8538-d8fd4b089c39,Starling,pretty smooth,5,Positive,Positive,Positive,Positive,Positive
95c7ccd0-f7c7-426c-9a7a-4eb747456d50,Starling,A seamless modern experience with everything I need for my new start up. would recommend Starling and this app,5,Positive,Positive,Positive,Positive,Positive
5adf81b2-1e12-48e0-bfd5-744bd895d0de,Starling,"DO NOT USE THIS BANK!! Someone accidentally sent me money and disputed it, okay yes fair enough they want there money back but they have to give information. they haven't given any information for 3months and there account is unrestricted but mine is unrestricted when I have done nothing wrong. starling cant give a time either. Customer service is useless with this bank. AVOID USING THIS BANK!!",1,Negative,Negative,Negative,Negative,Negative
f2f2e47b-d7e3-4456-97ef-c5daadb3680d,Starling,First class bank,5,Positive,Neutral,Positive,Positive,Positive
d19b0669-cc80-4c78-8238-e5c84c39c258,Starling,professional well organised bank,5,Positive,Positive,Positive,Positive,Positive
8a4ca29a-9fe0-4378-bd46-0663516b0418,Starling,excellent banking app,5,Positive,Positive,Positive,Positive,Positive
0b1daa2f-b5ec-43a7-af38-320ef0ac4ce6,Starling,"Very easy to use, does everything I need it to, changing the password is a little irritating but other than that it's spot on. I love using spaces to put money aside and the app makes it easy to connect spaces to bills so you can budget easily.",5,Positive,Positive,Positive,Positive,Positive
ffe5b11a-6a5e-4023-a97f-0f42e474ecd9,Starling,"solid app, with a nice interface and useful features",5,Positive,Positive,Positive,Positive,Positive
dcf00255-2c38-41d4-86c3-78b63c11137e,Starling,"Everything is so straightforward and simple, lots of useful features. Nothing seems to be too much trouble EXCELLENT!",5,Positive,Positive,Positive,Positive,Positive
7d95a2e3-c003-4147-a02e-299abdd4dbd2,Starling,"absolutely fantastic, transactions are very quick and the bank app is very easy to use .",5,Positive,Positive,Positive,Positive,Positive
fad29729-bb53-4477-b952-783e655d0c5f,Starling,love it easy and straight forward fast transfers even abroad would highly recommend,5,Positive,Positive,Positive,Positive,Positive
9a4a04dc-bb97-491b-b903-5ebaee42fb41,Starling,So easy to make international payments and cheaper than credit card,5,Positive,Positive,Positive,Positive,Positive
549e0f92-87b7-4754-bcff-5d5b4512371d,Starling,Trash service,1,Negative,Neutral,Negative,Positive,Negative
1209fb35-4efb-48ad-9b81-32291225a10a,Starling,A great banking app and I would recommend it to anyone for easy access banking.,5,Positive,Positive,Positive,Positive,Positive
f19eb95d-7dca-4926-8673-07130213d1a1,Starling,"Said they had everything they needed to verify opening an account. 2 days later they ask for proof of address and offer UK driving license. I take that option, next day they say that is an anacceptable form of proof and to pick from the list, UK driving license is an option.",1,Negative,Neutral,Neutral,Negative,Negative
72292e47-df50-481f-8851-f96690939dcc,Starling,"Not one bad thing to say about Starling? app is so easy to navigate , customer service is great , I would recommend anyone looking for a new or ( 2nd ) bank account to switch !",5,Positive,Positive,Positive,Positive,Positive
78a47dd9-48d8-4d06-a6ef-7bb1bde1dc9d,Starling,easy and flexible,5,Positive,Positive,Positive,Positive,Positive
5e374b7d-c792-49cb-9e72-4d6ffa0db562,Starling,love it,5,Positive,Positive,Positive,Positive,Positive
96fc6640-995b-425c-8769-f574da31b974,Starling,"Starling has refused to open a business account for my newly formed business, without any given reason. Throughout the process, they asked some unlogical questions (they asked me to share with them a recent bank statement!!). Even when I contacted customer service, they're useless.....",1,Negative,Neutral,Negative,Negative,Negative
9c5f4b79-a52b-427a-8a41-8b7649a9ced8,Starling,"Easy to use, very secure. Great banking app",5,Positive,Positive,Positive,Positive,Positive
70137634-f6ac-48d9-bf00-e484913ec3a9,Starling,very easy to use,5,Positive,Positive,Positive,Positive,Positive
a33f399f-29e9-4404-b933-a0642f07795d,Starling,So easy to use,5,Positive,Positive,Positive,Positive,Positive
5108c034-9a26-4776-9753-c3e95f157c43,Starling,Easy to use and safe,5,Positive,Positive,Positive,Positive,Positive
75ae8f9c-7d13-4714-949a-4ad81ab8f123,Starling,"A largely positive experience so far, but could benefit from the use of biometric confirmation for the creation of new payees.",4,Positive,Positive,Positive,Positive,Positive
033326b6-ae16-4319-be86-ef73b27d7d52,Starling,"really easy to use, the spaces are great to help save for things",5,Positive,Positive,Positive,Positive,Positive
a06a9afa-54cd-4a94-b438-f29ff2bc2141,Starling,Absolutely brilliant online Bank. Very helpful online helpful chat line. Also great being able to have saving pots away from main account,5,Positive,Positive,Positive,Positive,Positive
3215ebe3-a2eb-454b-b422-2b7c1d88afd8,Starling,"update : bank is great however new app update makes it impossible to know what your balance was historically. so if I want to know my balance last week, no way to tell.. The app gives instant notifications when sending and recieving money. The security features are sensible but not too intrusive, everything is well laid out and fully functional and customer support is great. It has features such as saving pots and in app cheque clearance. I can't think of anything that could be better.",3,Neutral,Positive,Positive,Negative,Positive
bf8fd67d-26da-47c5-8920-58aa617f065c,Starling,Love it! I'd say switching to Starling has been life-changing for managing mine and my family's finances. We're so much better organised and find we save much better now too.,5,Positive,Positive,Positive,Positive,Positive
d1f2e5d6-1001-4d52-b2b3-73cbfc82e1f6,Starling,good to use very helpful,5,Positive,Positive,Positive,Positive,Positive
69724dfa-ad36-476c-b85c-605b5c07d9e6,Starling,"Absolutely useless for a New Business account... Terrible experience. gliitchy app, failure to provide enough options.. Late Saturady night I received an email from a, no doubt, cheap overseas ""help desk"" asking several ridiculously stupid questions... confirming a total lack of basic comprehension. ie wanting three months of trading accounts etc. Sooo dumb. Anyway, now with Monza. simple, fast and straightforward. They appear, at least, to understand the basic concept of a new account.",1,Negative,Negative,Negative,Negative,Negative
280552eb-da3e-49c8-97b6-bb6fba3910e9,Starling,very user friendly,4,Positive,Positive,Positive,Positive,Positive
9721323a-a26b-4a17-824b-6c95d7bdb427,Starling,excellent service,5,Positive,Positive,Positive,Positive,Positive
5ab6da3b-3bf2-4974-a03f-ef367886f01d,Starling,great service,5,Positive,Positive,Positive,Positive,Positive
f34593fa-c1bf-4f79-8259-0c9b67c26e2a,Starling,easy,5,Positive,Positive,Positive,Positive,Positive
8f0564c7-9455-420b-8e8f-367dfab39191,Starling,easy,5,Positive,Positive,Positive,Positive,Positive
ccf559ad-29b3-49b6-98d3-8d456c8a1387,Starling,Perfect online banking. Especially good for people that travel. Really informative yet easy to use banking app.,5,Positive,Positive,Positive,Positive,Positive
854057e9-8e08-46e8-b9e7-ae0e4898040c,Starling,"Excellent, more than happy with this service",5,Positive,Positive,Positive,Positive,Positive
d1681803-2c98-4d26-a860-b9bead35d620,Starling,easy to get use app,4,Positive,Positive,Positive,Positive,Positive
93964788-c505-4b16-a0ed-89cfe8c417d1,Starling,works perfectly as it should,5,Positive,Positive,Positive,Positive,Positive
9bf594a1-8993-43ce-a2ff-6be67b6b525b,Starling,great app easy and simple,5,Positive,Positive,Positive,Positive,Positive
39f3a8a8-e2f3-4e39-b320-3ab1a3771cb7,Starling,Best mobile banking app going by far better than the mainstream ones,5,Positive,Positive,Positive,Positive,Positive
f741fc81-97f5-4bd4-9c6c-5fafaeb3542f,Starling,Simple to use,5,Positive,Neutral,Positive,Positive,Positive
71d27433-36db-4eb2-8159-de5273d789e2,Starling,very responsive,4,Positive,Positive,Positive,Positive,Positive
75751e3a-1021-4eba-b9d1-521eef46adc5,Starling,Great banking system easy to use,5,Positive,Positive,Positive,Positive,Positive
13c0dc7d-cf7b-4f8b-a56c-fe1cb6de6503,Starling,"This account is great for organising money, you can set up multiple pouches for savings etc and really easy to navigate.",5,Positive,Positive,Positive,Positive,Positive
b545ba1d-4e03-496c-87ae-d2f30c6edf9e,Starling,"Excellent App, easy to use and a great bank to be with.",5,Positive,Positive,Positive,Positive,Positive
cc6cc40a-7673-44f3-a40b-67cd829d3d1c,Starling,it's a great account does everything I need it to. easy to use and gives good information,5,Positive,Positive,Positive,Positive,Positive
4e0afa8e-ae1f-4b15-9ead-159af3131fa7,Starling,"I don't normally make good decisions, so swapping to Starling was nice.",5,Positive,Positive,Positive,Positive,Positive
416122a6-0eb3-4dca-ac61-e764495bc74d,Starling,very good so far,5,Positive,Positive,Positive,Positive,Positive
ace9a01d-98fe-4edf-ad03-e5d79193bc70,Starling,very easy to use love that you can split and have a money to pay bills or money for your holiday I think this is a good idea.,5,Positive,Positive,Positive,Positive,Positive
6f513b5e-4936-4903-b1a7-d25230c3d68c,Starling,"Great app, so much better than other banks apps I have used.",5,Positive,Positive,Positive,Positive,Positive
3941f87e-12ed-4b46-a34b-543b36aed7e5,Starling,Great banking app. It's useful it has plenty of spending categories so you can easily track your budget. New look is also bright and stylish,5,Positive,Positive,Positive,Positive,Positive
a8331c24-c6b1-42f3-8336-b532c91fc73d,Starling,excellent product,5,Positive,Positive,Positive,Positive,Positive
00c9ab88-1243-477c-99b7-6108dd5c3e0e,Starling,fantastic app and super good bank,5,Positive,Positive,Positive,Positive,Positive
12e4bd43-1436-4de7-a43b-38864fef7ba2,Starling,"I had an account years and years ago which I closed but thought I would give it another try since it's been years but found out at moment you can't open a new account if you closed a previous one which seems strange to me, just to add this was a year ago I left review and still cant open new account. Also got new number in that, seems i have been blocked completely now. Shambles",1,Negative,Negative,Negative,Negative,Negative
e7979eeb-90c1-4893-903a-6c33d136d769,Starling,Still excellent again,5,Positive,Positive,Positive,Positive,Positive
75058bcd-8fef-45f8-a402-14d34e54f1c2,Starling,"so easy to use, move money intp spaces.",5,Positive,Positive,Positive,Positive,Positive
3bfa04e2-5160-4bb7-82b4-65b0eb556877,Starling,Nice and easy to deal with,5,Positive,Positive,Positive,Positive,Positive
c8dd8671-eaef-4cca-8ac5-5a0979a75db6,Starling,1 of the best online banking apps available,5,Positive,Positive,Positive,Positive,Positive
876b45f2-4b68-48d9-9161-3189f7fb0eba,Starling,"Great, easy to use app. Highly recommend.",5,Positive,Positive,Positive,Positive,Positive
d0b190a9-97d7-4226-8a2f-2d5b0a637e85,Starling,Must easier than the Nationwide app.,5,Positive,Positive,Positive,Positive,Positive
9680cdb3-3a01-4d6b-9d6a-491ecc470721,Starling,"Average experience, homescreen poor compared to other banks....should show all accounts, including savings/pockets on homescreen so can wasily scroll between them. Reply to developer.....thank you for the prompt reply, but I was talking about savings/pockets...there is no option to scroll across, you have to go to a different part of the app. 8th October: no response to my follow up comment on Starlings response above 23/10/25: notified changes to the home screen, have not happened",2,Negative,Negative,Negative,Positive,Negative
e80efdc2-288c-4804-862c-d8336176025b,Starling,good bank easy app spot on customer service .,5,Positive,Positive,Positive,Positive,Positive
dbe6fcc3-17d4-4c20-9ca2-4f3201d4089c,Starling,easy to use. cheap international payments.,5,Positive,Positive,Positive,Positive,Positive
1e210219-7f1d-472a-9850-2686bc91fe4e,Starling,"Absolutely brilliant bank,as far as I am concerned the best, A few years on and still the best bank by far. I have with Starling for about 8 years now and they are still as impressive as in the beginning, 5* from me.",5,Positive,Positive,Positive,Positive,Positive
8ca7fbf2-a051-42d6-8b60-a8ed0cc607f4,Starling,It works well,5,Positive,Positive,Positive,Positive,Positive
5e4990cc-8ef0-4e4d-a490-b1e5e9f54131,Starling,can you tell me why you need to use HMS (Huawei Mobile Services) to track my location an gather analytics for ads etc when your using Google & Amazon for real time monitoring. Would you like to attach a rope aswell 🤔,1,Negative,Positive,Neutral,Positive,Negative
bb7e8a78-8c7c-48be-937f-2711b24967db,Starling,Keeps failing and needing updates constantly.,1,Negative,Negative,Negative,Negative,Negative
a8a259c3-6f10-4539-a9ca-8be4e25df1ca,Starling,Really easy to use and fast.,5,Positive,Positive,Positive,Positive,Positive
d6dd0aaf-e1d9-4a2d-905a-8e1b4c15fe48,Starling,so easy to use,5,Positive,Positive,Positive,Positive,Positive
1f3121e0-02ad-4a19-92d7-6f67c909fcca,Starling,Masterly approach to online banking. Useful home and abroad,5,Positive,Positive,Positive,Positive,Positive
6f46d157-6889-4bd4-96e5-4ce457de0965,Starling,"Secure, easy to use.",5,Positive,Positive,Positive,Positive,Positive
4bdaa178-79f8-4ddc-bf8e-669ab34d2a8b,Starling,would be better if it let me overdraft regardless,4,Positive,Positive,Neutral,Positive,Neutral
0362ff9a-721d-4f68-ad9e-2daabdbf7fab,Starling,no fuss. easy to use.,5,Positive,Positive,Positive,Positive,Positive
3429a394-d4b3-43c0-a53d-55f888ccce8c,Starling,Easy to use,5,Positive,Positive,Positive,Positive,Positive
92141790-46e0-450f-92c9-fe23389e108c,Starling,"its fine. the new update has made the font quite hard to read - it says you can customise layout but you cant. its also removed the ability to customise the app icon, which was a nice touch",3,Neutral,Positive,Neutral,Negative,Neutral
3b9bdb73-cc44-4b50-9c1b-cfbc87f6408a,Starling,moved from metro bank after the recent negative balance error they had. I was stranded with no money to access for 9 hours. I recommend Starling because its customer service and app features are light years away from metro bank legit,5,Positive,Negative,Negative,Negative,Negative
9092c849-5967-4b31-89f2-ce9abb47ff5f,Starling,5 Stars from me for the following reasons. Easy to use and good communication service. Quickly resolves any issues and problems. Thank you.,5,Positive,Positive,Positive,Positive,Positive
e0f4beeb-73a7-48c3-b8cc-88e0c6fd54dc,Starling,"easy to use, great graphics, categories",5,Positive,Positive,Positive,Positive,Positive
b73ae0dd-61a4-4126-8579-8f03210408be,Starling,Fantastic app and bank but you've really screwed up the logo/branding in the app and Google wallet. Especially the latter: it hurts my eyes looking at it. Awful.,5,Positive,Negative,Negative,Positive,Positive
a64ae57c-8eda-451a-8c75-cd9284646ee5,Starling,Happy with Starling thanks😊,5,Positive,Positive,Positive,Positive,Positive
4345bf35-14d9-4684-a341-712199cdde73,Starling,Amazingly efficient and so easy to use I love my new starling account.,5,Positive,Positive,Positive,Positive,Positive
5e9725a8-59c2-45e1-a58a-b0c9ec4d6f6d,Starling,"easy to use , some new ideas",5,Positive,Positive,Positive,Positive,Positive
3b61dd40-d64c-46ba-9472-0f06afe26797,Starling,fantastic,5,Positive,Positive,Positive,Positive,Positive
a5c47abc-d763-4c2c-8b75-44fd16951b11,Starling,"Whoever thought about the new design, you have an awful taste. This was totally unnecessary. Please please please let them see this review. Even my 5 year old nephew would come with better design than this generic font and color. Honestly who in their right mind approved this abomination. If -5 star was possible i would give this -10. what a show, probably got bonus for this awful decision.",1,Negative,Positive,Negative,Negative,Negative
9241869d-4e9a-4ee3-91d2-09ba4ebf6fae,Starling,"A nice banking app. Unfortunately, they no longer pay interest.",3,Neutral,Positive,Negative,Neutral,Neutral
16df4076-9b02-487d-be50-a042beb0c771,Starling,It's just so easy and so safe,5,Positive,Positive,Positive,Positive,Positive
67199847-e93d-4de3-9efb-84f58107e2bf,Starling,the app is very easy to use and never had any bother making payments from it.,5,Positive,Positive,Positive,Positive,Positive
c04ae207-ac1b-477b-b5b4-155cc2532908,Starling,"10.25 Update: Bank is good. New app design is bad, especially the super generic looking ""S"" app icon change. It basically Smartys app icon. Old logo was far more professional and unique.",3,Neutral,Positive,Negative,Negative,Neutral
51ba7525-3f80-465e-b158-1cbcca0255bc,Starling,stolen theft threat harmful,5,Positive,Negative,Negative,Positive,Negative
76bd154e-a477-494d-810c-dcf53fb0b4e4,Starling,Easy to install and easy to use. User friendly for a golden oldie. like the logo,5,Positive,Positive,Positive,Positive,Positive
fc0b0e68-1a61-4c05-9ceb-a72c94ba90be,Starling,"I have heard good things about Starling, and used to have an account with them for use with my fitbit which I have since retired. I was keen to open a new account with them, but I am told that they do not accept returning customers. How ridiculous! I want to give you my money but, because I had an account 4 years ago, I'm not eligible? I can't find any way to request that my data be deleted (possible GDPR violation? right to be forgotten?) so I can't even remove myself to reapply from scratch.",2,Negative,Negative,Negative,Negative,Negative
3a0d5481-b8c5-4d0d-b892-99ac84e59024,Starling,"fantastic, easy to use highly recommend.",5,Positive,Positive,Positive,Positive,Positive
81e36c46-8d87-4c93-a0b0-0938d9d15bda,Starling,A nice app,5,Positive,Positive,Positive,Positive,Positive
485b954c-c09f-4ae8-90b7-c257911660b4,Starling,"It's a basically serviceable app, you can tell at the low levels of the business there are people that care. Then there's the other things; They removed the ""We plant 1 tree when someone opens an account, 2 trees when it's a referral"", they went from letting you select all icons at all times of year to Pride only in July, they force-changed the app icon. It seems too good to be true in some ways, and then proves it in others.",3,Neutral,Positive,Neutral,Negative,Neutral
ad77d4fa-74e0-4332-b7ae-a009f5092fdb,Starling,"I did prefer old look.ive always found it easy to understand and navigate,and I am technically challenged sometimes.",5,Positive,Positive,Positive,Positive,Positive
f73e2cc0-82c7-41a5-ba80-2fa8d4be9398,Starling,"Best Bank App , simple and straightforward, no adds , no floating offers, no too many menu",4,Positive,Negative,Positive,Positive,Positive
97da1fa0-d152-43e1-8b90-a58308b4f51b,Starling,Why this app overcoming other app to show message when it's already installed and updated.,1,Negative,Neutral,Neutral,Negative,Negative
fcab515d-d640-4e2b-9a09-3ed5fbc2c7cb,Starling,Easy to use and move money from my First Direct to here and vice versa.,5,Positive,Positive,Positive,Positive,Positive
5d01c519-245e-414b-9b81-62147b195b85,Starling,best banking app I've used so far and I've tried loads,5,Positive,Positive,Positive,Positive,Positive
e65a7204-7b80-4526-b6f9-987fdeb2892c,Starling,Easy to use,5,Positive,Positive,Positive,Positive,Positive
a1392f30-43e9-4bec-9657-2e7e4ef1ead3,Starling,excellent app,5,Positive,Positive,Positive,Positive,Positive
fadbf586-6882-4516-a19e-c34d8b7a8913,Starling,easy to use and imformative,5,Positive,Positive,Positive,Positive,Positive
1cf42fb4-0d14-4dd2-a84e-e55779ef7180,Starling,very quick and easy to use love it!!,5,Positive,Positive,Positive,Positive,Positive
534e2329-8cf1-4d41-9a74-e36e1a0869c6,Starling,extremely easy to use banking and app plus bonuses of transaction free fees and good saving interest accounts. highly recommend,5,Positive,Positive,Positive,Positive,Positive
e3d07ebe-ddda-4e2c-a9d0-7aefd01900bc,Starling,great personal online banking - needs more features. e.g. Add business suite functionality to mobile app. Also why can't business invoices be sent via my own email account??,4,Positive,Positive,Positive,Negative,Positive
f9774f6d-0237-43a6-9a33-58d3d45153d6,Starling,very good and secured,4,Positive,Positive,Positive,Positive,Positive
f526618a-c736-43e6-a6b1-f5a5b1c8ec5d,Starling,easy to use and find information,5,Positive,Positive,Positive,Positive,Positive
c98eb46b-4104-4dd7-b02c-a4746f1dc10c,Starling,Removing personalisation options with a ugly rebrand is bad. With the current political climate I can only assume the removal of all LGBTQ icons is very intentional.,2,Negative,Negative,Negative,Negative,Negative
aee40689-0d9f-44d2-9114-9fa8600cca86,Starling,Easy to use. Accepted everywhere your bank card is.,5,Positive,Positive,Positive,Positive,Positive
393a7ec4-6df1-4c12-9380-26b737de3480,Starling,"I've used starling as my business bank for 5 years. never had an issue, easy and clear to use.",5,Positive,Positive,Positive,Positive,Positive
0855467e-b574-4d5d-82cc-b64d62f3611f,Starling,straight forward clean nice set up,5,Positive,Positive,Positive,Positive,Positive
82f9f0b8-df39-4342-9970-051fe0640001,Starling,excellent service,5,Positive,Positive,Positive,Positive,Positive
90bd7916-888e-48d5-b60d-ea5e25b5e27d,Starling,great features and tracking the business outgoings.,5,Positive,Positive,Positive,Positive,Positive
63c123b7-bc69-4a8c-b8c8-1add9582823f,Starling,exceptional banking service,5,Positive,Neutral,Positive,Positive,Positive
cfb18758-17c6-4031-800b-120207140f4d,Starling,simple and ethical what more could you want.,5,Positive,Positive,Positive,Positive,Positive
8d749434-fbc1-4637-ae78-85e3fefd71cb,Starling,Very reliable and trustworthy customer support services,5,Positive,Positive,Positive,Positive,Positive
e98dc838-a9cb-48aa-a03b-52eefa0e2fa9,Starling,Excellent app,5,Positive,Positive,Positive,Positive,Positive
e0d4827e-94f0-4147-8e00-082f4da7d281,Starling,wow it's so amazing bank I really appreciate. thanks our teams,5,Positive,Positive,Positive,Positive,Positive
90ad9832-db7f-4bce-aab7-dc9216e8fc8d,Starling,quick and easy with no fuss,5,Positive,Positive,Positive,Positive,Positive
d93baa40-8325-48ea-b5ab-a31655d0d47f,Starling,superb support,5,Positive,Positive,Positive,Positive,Positive
ddc2e74e-af6e-42d9-bc75-b5b63e9eb53f,Starling,clear and easy to use.,5,Positive,Positive,Positive,Positive,Positive
6ed612ca-8cc1-4f48-8bbc-a79ff1bafd4a,Starling,Efficient,5,Positive,Positive,Positive,Positive,Positive
c516722b-cde8-4915-b04a-e10aaa80a30b,Starling,rubbish bank won't help you when Yr money goes missing payments come up declined then takes ur money then you get nothing ni help,1,Negative,Negative,Negative,Negative,Negative
f6e44420-3afb-406f-ad5c-7fb2daeab0a7,Starling,"You shouldn't have made the change as of a recent update, that prevents us from using the app while we have a VPN turned on. Worst update so far, and I was very happy as a customer of starling, but not anymore. Edit: VPNs will affect nothing for the user experience, simply not allow starling to track IP and thus location of the user of the app. Not shady of you guys to no longer allow VPN use while using your app.",1,Negative,Negative,Negative,Negative,Negative
4180cfaf-f8fe-4788-9fc1-0ed807ca3815,Starling,Always works and transfers are done immediately.,5,Positive,Neutral,Neutral,Positive,Positive
7b425a12-4b1b-4d62-bb81-d10b48bbb458,Starling,love this bank easy to use and gives good rates for abroad,5,Positive,Positive,Positive,Positive,Positive
86fe6f3d-7ba4-4e11-a880-5006a36af95b,Starling,Very complicated,1,Negative,Neutral,Neutral,Negative,Negative
9e71920d-8acd-4cb0-a87a-8427fa96d4b1,Starling,app is very easy to use,5,Positive,Positive,Positive,Positive,Positive
ba5c523b-a42b-418d-af22-459a41c4f7c1,Starling,"Been with starling for quite some time now. Only complaint is not being able to purchase crypto. However, I think that's more of UK legislation problem than the bank itself. Other than that, great.",5,Positive,Positive,Negative,Positive,Positive
856fe591-7c6a-47ce-a6e1-5e6a4019ac44,Starling,"It's not as good as Monobank, but it is still one of the best on the UK market.",4,Positive,Positive,Positive,Positive,Positive
5269a67a-d123-4de5-83a3-e2894767ecf3,Starling,Very efficient and reliable service.,5,Positive,Positive,Positive,Positive,Positive
f03b0803-3801-40ef-b6f8-1ed89ed91c7a,Starling,great app and bank account. highly recommend ( only request is to have more international payment currency options - but can use other services for this ),5,Positive,Positive,Positive,Positive,Positive
dcf5afa5-39a8-4ea7-a95c-b7e933ee3bab,Starling,Efficient and easy to use,5,Positive,Positive,Positive,Positive,Positive
ac0b1785-4495-4b79-9924-e176eb732eac,Starling,Honestly after being targeted when I was with barclays I switched to Starling and well what can I say it's been brilliant and I defo rate this 100% and 5 stars,5,Positive,Positive,Positive,Positive,Positive
e49c3225-21ee-4968-a557-254c35bd8747,Starling,easy to use app. excellent service,5,Positive,Positive,Positive,Positive,Positive
70588de0-982a-4815-979a-424e8315f5c5,Starling,Best banking app I've ever used,5,Positive,Positive,Positive,Positive,Positive
1570c935-d990-408c-8899-e83edd32617c,Starling,An excellent banking experience!,5,Positive,Positive,Positive,Positive,Positive
3cc5427f-69e9-4d97-8ceb-c9e76be2249c,Starling,Excellent Bank with an excellent app!,5,Positive,Positive,Positive,Positive,Positive
02247020-cc41-46ad-91a8-646886277169,Starling,Excellent,5,Positive,Positive,Positive,Positive,Positive
0bdf95d4-2a7c-439b-bfff-9ded9a861a68,Starling,"Went to open a bank account with them, despite filling things out sending documentation and everything, they turned around and said I had been denied with a very vague explanation that wouldn't help anyone.",1,Negative,Negative,Negative,Negative,Negative
6aca8484-2c82-4695-a59b-c066a49369cc,Starling,"excellent, simple to use, uncluttered, good functionality",5,Positive,Positive,Positive,Positive,Positive
0f5470e1-59fa-40e7-861c-181bf57296ba,Starling,excellent UI design and simplicity of use.,5,Positive,Positive,Positive,Positive,Positive
9246f93e-0b8f-4315-9b74-d1187f94fb8d,Starling,best banking app,5,Positive,Positive,Positive,Positive,Positive
f010d3be-caf0-4320-8de4-3ea012f5fca0,Starling,great app suits me fine,5,Positive,Positive,Positive,Positive,Positive
6b863e9d-1253-4ce0-84a5-cc537132f5a2,Starling,Great service,5,Positive,Positive,Positive,Positive,Positive
6340ad19-b802-4a97-9ecb-3e9911e0994a,Starling,Happy banking A++++,5,Positive,Positive,Positive,Positive,Positive
f59a4f4e-9357-4004-bf57-e51d4ab7371b,Starling,great service,5,Positive,Positive,Positive,Positive,Positive
b1f0ffe1-68f2-4c95-909c-20b3ee513d94,Starling,"fantastic Application, quite seamless.",5,Positive,Positive,Positive,Positive,Positive
81d5d0b8-6d9d-4dd8-a812-5d8e75a2fc98,Starling,good interface and easy to use helps me manage my money,4,Positive,Positive,Positive,Positive,Positive
335b9ea3-6037-420c-87a9-68072de2908e,Starling,Easy to use never any issues,5,Positive,Positive,Positive,Positive,Positive
16aff559-f241-485e-81b5-44ebb82c725a,Starling,Everything good,5,Positive,Positive,Positive,Positive,Positive
4ebd40f6-2243-4de2-92ee-8b633cfc0793,Starling,I personally don't find the app totally logical but this may be because I don't use it too regularly,4,Positive,Neutral,Negative,Positive,Positive
2861c81a-f7c5-4bfb-83bc-b9ad1e30af86,Starling,bait and switch on rates (now 0%),1,Negative,Neutral,Neutral,Positive,Negative
7da3f7c1-4da6-4712-b2f7-899e448fe016,Starling,Great app. Great UI and easy to navigate,5,Positive,Positive,Positive,Positive,Positive
4f11e436-acc8-4949-acb9-9bf11c5212f8,Starling,Best thing I've used,5,Positive,Positive,Positive,Positive,Positive
8730aa0c-a52d-42b2-aa72-b16440fc4aab,Starling,"very clean and simply laid out app, great user interface",5,Positive,Positive,Positive,Positive,Positive
ba347e76-285b-46d1-b567-fa75c557d1a3,Starling,I gain a strange sense of enjoyment using this app. Great bank... So far.,5,Positive,Positive,Positive,Positive,Positive
96edc580-e418-4928-9eef-20e1d6363389,Starling,Quick and straight forward. Very pleased would recommend,5,Positive,Positive,Positive,Positive,Positive
4047ebb1-339c-49c5-89b9-0f778e71eda3,Starling,"Always excellent service, app easy to use",5,Positive,Positive,Positive,Positive,Positive
c59d4fce-892c-4104-83e2-be7df5fe2f05,Starling,love starling bank. brilliant and would recommend to everyone,5,Positive,Positive,Positive,Positive,Positive
7ebf0206-2e8e-4327-895f-c9495824fc40,Starling,Great and easy to use ;-) Still loving this card :-) still loving it ❤️,5,Positive,Positive,Positive,Positive,Positive
34cf8d1d-b2b9-4f6d-8168-1ff266464b7c,Starling,easiest fastest app,5,Positive,Positive,Positive,Positive,Positive
331b4d1e-2889-4a06-bba7-42d848ba8211,Starling,"It is so easy to use, well laid out, and the spaces feature is a great way to put money aside for a rainy day.",5,Positive,Positive,Positive,Positive,Positive
dff2583a-851d-46f7-9292-d904d643eac6,Starling,An excellent experience in all respects. So glad that I moved from one of the big banks years ago and only wish that I had done so sooner.,5,Positive,Positive,Positive,Positive,Positive
053693b8-e81c-4e7a-9b12-766f6c195fd9,Starling,Really good for ahd afflicted,5,Positive,Positive,Positive,Positive,Positive
48301132-42f0-4355-b164-190b49c3db2f,Starling,easy to use,5,Positive,Positive,Positive,Positive,Positive
fb075492-eb45-4aac-91c4-c63f68882a4d,Starling,"brilliant,up to date app and bank never had any issues",5,Positive,Neutral,Positive,Positive,Positive
b823ccaf-ec31-4381-af85-657161bb541f,Starling,"Easy to use, quick responses on line and by mail makes travelling abroad easy. Use of connected card is great. New savings account option works well and is competitive.",5,Positive,Positive,Positive,Positive,Positive
105fbd7c-e011-4ed9-b4bc-04b16aa5d6fc,Starling,OK on phone. Not on ipad.,3,Neutral,Positive,Neutral,Positive,Neutral
f834477d-b550-4418-a0ec-247bac81b27f,Starling,Easy to use,5,Positive,Positive,Positive,Positive,Positive
5fed7ed5-7bc9-4e21-8284-b6469562f959,Starling,Fantastic banking app. Everything you could need in one bank. Highly recommend - which I have done numerous times.,5,Positive,Positive,Positive,Positive,Positive
db7fcceb-f280-4ac7-b568-7ce5d45b9b0f,Starling,fantastic app to use really easy to use and secure,5,Positive,Positive,Positive,Positive,Positive
996fd3a7-cb47-4fb0-96c6-1411366b165f,Starling,Great functionality and design,5,Positive,Positive,Positive,Positive,Positive
2994d9eb-6502-4dcf-a2fe-11bb4277aa6d,Starling,brilliant online banking!!!,5,Positive,Positive,Positive,Positive,Positive
22989381-82f0-45b6-bba3-6c04b9fe0d76,Starling,Easy on line operation,5,Positive,Positive,Positive,Positive,Positive
9c3aa740-a279-4c8b-81d6-f66bbe4d7419,Starling,Do not use this bank. Totally embarrassed in front of the whole restaurant and then told it was my fault. Where is 'the customer is always right' and then told they don't want to deal with it. Totally unacceptable. Zero stars not available.,1,Negative,Negative,Negative,Negative,Negative
5a602e1a-ab88-4c09-9bde-ec9fb641d1cc,Starling,Starling is my go-to banking app for everyday spending.. It is so easy to use and the savings accounts are convenient and have reasonable interest rates.,5,Positive,Positive,Positive,Positive,Positive
82833dee-58cc-4e58-88fe-3366e6db47dc,Starling,"Great banking app, easy to navigate especially with kids and savings being attached with your main account",5,Positive,Positive,Positive,Positive,Positive
81ec8158-470b-41a4-847b-00003424417f,Starling,"really great banking app ,easy to use and set up .",5,Positive,Positive,Positive,Positive,Positive
6fc31c38-df7b-4b12-a698-97044d474305,Starling,great fast services,5,Positive,Positive,Positive,Positive,Positive
7c247b3b-73f0-4128-9f03-ab72efcc10bd,Starling,"good bank easy to navigate through app and good interest, I've not dealt with customer services yet as I've had no trouble Touch wood .",5,Positive,Positive,Positive,Positive,Positive
ce2eb23e-b143-42e7-9bfb-e66991415c37,Starling,Good safety and easy to use. No glitches even on android. Continues to be a breeze to use..,5,Positive,Positive,Positive,Positive,Positive
22839f44-fe78-4d44-8b40-cbf2628b85cf,Starling,Excellent Service,5,Positive,Positive,Positive,Positive,Positive
3b2c1f20-1c57-49e8-9b0f-93e7014cefc6,Starling,My card details were leaked/hacked and Starling were supportive and responsive. I don't use it so much but it's good to know they are on the ball.,5,Positive,Positive,Neutral,Positive,Positive
cb4ffd52-d0a8-41e1-8809-76c8f16c2b84,Starling,Excellent,5,Positive,Positive,Positive,Positive,Positive
72f1ef9f-c23c-4a89-be80-72d871ad91b5,Starling,easy to manage,5,Positive,Positive,Neutral,Positive,Positive
b3bb7e31-42aa-4760-8775-ac8c48d122a2,Starling,recommended to all my family!,5,Positive,Positive,Positive,Positive,Positive
65189c64-5c4c-4fd2-966f-ea015e84061a,Starling,Best banking app around,5,Positive,Positive,Positive,Positive,Positive
d5aa3a62-f1a2-4f53-b1a1-62833f2bb03a,Starling,best bank to use,5,Positive,Positive,Positive,Positive,Positive
97c2bc54-b048-46c0-84b1-ac48b6de8d50,Starling,easy to use and great analysis tools,5,Positive,Positive,Positive,Positive,Positive
0eb1177e-cb74-4eb7-8a15-f4fe9cc45d46,Starling,excellent,5,Positive,Positive,Positive,Positive,Positive
2c028f16-1c72-4480-b256-5b187c794448,Starling,really helps me work with out money,5,Positive,Positive,Positive,Positive,Positive
76ce8ec2-fe2c-4b1c-b368-f882159e7f56,Starling,brilliant bank! so easy to use!,5,Positive,Positive,Positive,Positive,Positive
3aff72bf-c407-490b-bb2b-de39420c3fff,Starling,Great service and system. Does everything one expects in a tech based bank!,5,Positive,Positive,Positive,Positive,Positive
38e2a8d3-2196-4f16-b7c7-3cb42f620ec4,Starling,Really easy to use. Intuitive and helpful,5,Positive,Positive,Positive,Positive,Positive
1fcfa922-e35e-4958-9ab1-09469e371f77,Starling,fantastic bank had it for a while but only recently started using it as my main bank because one of the other popular online banks was completely un safe to use.,5,Positive,Positive,Positive,Positive,Positive
c77a9025-486c-40a2-a3b2-da39470fa335,Starling,"Great app, no complaints with it. although there is one area for improvement it's the way of logging in on a new device rather than having to do a short video how to say my name and the login code where is a simple verification code would be easier. if you guys implement that you will get your five stars.",4,Positive,Positive,Positive,Negative,Positive
ef8b5272-7af6-422e-8c1c-51367f45aa87,Starling,Excellent service 👏,5,Positive,Positive,Positive,Positive,Positive
e2b8db1d-635c-4d5e-ac3f-6fb55886a3b1,Starling,fantastic card great for travelling etc. great app 👍,5,Positive,Positive,Positive,Positive,Positive
f9a635ef-9cbf-40d2-a31d-4b7a5adb097e,Starling,perfect,5,Positive,Positive,Positive,Positive,Positive
030d2bd2-8e7a-4d24-8871-be094c21548d,Starling,My application was refused without explanation. I would have accepeted refusal more gratifyingly if I was allowed insight into why and what could be done to remedy the rejection.,1,Negative,Negative,Negative,Negative,Negative
86183fe9-8933-4ddd-ac21-71ded6e84a28,Starling,fast,5,Positive,Neutral,Neutral,Positive,Positive
4897021b-35c5-4398-92d9-f6f541d34266,Starling,So easy to use.,5,Positive,Positive,Positive,Positive,Positive
f818845e-0c74-4d2b-91b2-3842af1772ce,Starling,excellent Bank and app,5,Positive,Positive,Positive,Positive,Positive
41be2b76-b6a2-45eb-a999-66e5b71e7029,Starling,Top Notch,5,Positive,Positive,Positive,Positive,Positive
e9c81a05-69d5-4e76-99f4-1ec0947eed00,Starling,very supportive during recent crisis,5,Positive,Negative,Positive,Positive,Positive
9bb0ce29-a5bb-445b-b886-4d626915ea80,Starling,Easy to navigate platform. Very competent staff. Good system for financial transactions,5,Positive,Positive,Positive,Positive,Positive
4e0d127d-655d-4c77-a9d5-da6a9f24fb9e,Starling,super easy and efficient and secure .best bank app have had yet,5,Positive,Positive,Positive,Positive,Positive
ecec3d32-324f-4f78-86e4-85430cf9a5f7,Starling,"simple, quick and reliable",5,Positive,Neutral,Positive,Positive,Positive
7d16ba52-761d-497a-9d29-09775e193859,Starling,fantastic app,5,Positive,Positive,Positive,Positive,Positive
915617ce-84f8-4ffb-a7ce-210387f1ee7c,Starling,wonderful. easy & effective.,5,Positive,Positive,Positive,Positive,Positive
b4228e9e-5207-47fe-b638-1a24bd802b4d,Starling,"I had to go via Help to find how to make a payment. Then it did not recognise the recipient details... eventually by removing the 'Mrs' as on her bank account, I got 'partial match' with option to skip - it worked, and payment made. Thank you.",4,Positive,Positive,Neutral,Positive,Positive
31182c33-61d3-42ce-90ad-ad9490cae7a0,Starling,Does what it says on the tin. Fast and slick. High confidence in the app.,5,Positive,Positive,Positive,Positive,Positive
15b00935-e91f-40bb-a9e8-063dbe86d05b,Starling,all good and easy banking,5,Positive,Positive,Positive,Positive,Positive
75eaecaf-1ed6-442d-adf8-ec1448c71425,Starling,"EDIT: My initial 2.5* review back in 2022, the app used to keep crashing upon opening & Wouldn't login. === UPDATE === As of July 2025 (and for the last 18+months) this app is fantastic! Faaaaar better than my Barclays app! Love the multiple 'Spaces' I can create & linking of virtual 'Digital Cards', and it's overall ease of use. Recommended to so many Individuals and Business Owners since. Keep up the great work! 👍",5,Positive,Positive,Positive,Positive,Positive
53bb2818-3fa0-46fc-8cfc-a32a73800a47,Starling,excellent,5,Positive,Positive,Positive,Positive,Positive
b25c694b-7279-4f46-8f62-a3b5b0e55965,Starling,very easy to use,5,Positive,Positive,Positive,Positive,Positive
42e09b4c-47bf-442a-b6f4-7c9c934a30ed,Starling,Both an excellent app and an excellent bank.,5,Positive,Positive,Positive,Positive,Positive
ecea2a97-3c55-4473-bd3a-aaeeff1c4ff2,Starling,"I moved from First Direct to Starling and have never looked back. Awesome app and banking services. Works with my Curve account, so what's not to like.",5,Positive,Negative,Positive,Positive,Positive
3b59e9f2-6c55-4001-aeca-6a4258d17442,Starling,excellent,5,Positive,Positive,Positive,Positive,Positive
ddc41519-853f-4755-8f4e-a7305b6d3d4b,Starling,"Very efficient, but not that intuitive to my mind.",5,Positive,Positive,Negative,Positive,Positive
9a73643e-b10e-4800-9345-b2bd73b3ed23,Starling,Very easy to use and navigate. Not a bad rate of interest.,5,Positive,Positive,Positive,Positive,Positive
4417edc9-63d9-4e0c-98e7-885c63c39e02,Starling,very easy to use,4,Positive,Positive,Positive,Positive,Positive
08aaa249-e5f1-4589-8750-9eb5c30dc959,Starling,"Best Banking experience. I have used almost all banking apps, I would say the Starling Banks app is best, classy, not cluttered. The service is top notch, savings Pots are too good. depositing cheques and money is seamless. I would like to see investment options in future with starling so that I can keep all my finances in one place.",5,Positive,Positive,Positive,Positive,Positive
faf1becb-15a8-434e-83d7-22b4e897909a,Starling,brilliant Banking I have been in this bank from the start and seen it grow and grow. is got saving accounts built in and easy budgeting and accounting built-in. it's great,5,Positive,Positive,Positive,Positive,Positive
27cc5a0c-78b3-4caa-affa-abd47715023f,Starling,Never any problems. perfect for me.,5,Positive,Negative,Positive,Positive,Positive
6d182353-e9e6-40a5-b771-f4e4ec7482c8,Starling,Great app and great provider,5,Positive,Positive,Positive,Positive,Positive
29e37a2a-f72e-4306-8485-37e2b4954e25,Starling,user friendly interface. customer service is. second to none. eease of use? Perfect and financial security taken very seriously. A1 banking app highly recommended 👌,5,Positive,Positive,Positive,Positive,Positive
dd7efdb8-e030-4dfe-b0d0-5367ae46fda9,Starling,really easy to use,5,Positive,Positive,Positive,Positive,Positive
95824b02-ce57-4810-966a-62fe7092f4fe,Starling,brilliant,5,Positive,Positive,Positive,Positive,Positive
e7c18249-472e-493b-8fd1-366dbb55d52a,Starling,Love the app my Mrs and kids use it too we really like it,5,Positive,Positive,Positive,Positive,Positive
31dcb51d-314d-4af5-9bf9-1823ae95c181,Starling,"Very easy to use, First class customer service.",5,Positive,Positive,Positive,Positive,Positive
f62f4bd3-dd10-403a-a879-8e4fd5d7ad21,Starling,so easy to control your cash,5,Positive,Positive,Neutral,Positive,Positive
cde92509-318a-4895-a460-948fb37a7a97,Starling,Easy to use,5,Positive,Positive,Positive,Positive,Positive
5af2650e-6a2b-40e9-87e0-21699f37d7ab,Starling,"excellent app, intuitive, great UX and easy to use 👍",5,Positive,Positive,Positive,Positive,Positive
5dbaa6c3-f3e1-4219-a502-3c83e83d16bb,Starling,Superb app and customer service back up. Easy withdrawals and deposits at the post office. You can even photograph cheques to cash them!,5,Positive,Positive,Positive,Positive,Positive
e75a9af0-a2c1-49a2-a33f-6810897d5df9,Starling,nice,5,Positive,Positive,Positive,Positive,Positive
b19e9e5a-d2ae-40f1-9fdf-6e6ca6b1540e,Starling,Brilliant and so easy to use,5,Positive,Positive,Positive,Positive,Positive
9c120e1b-b188-4d5e-9ff6-0692d1b44a96,Starling,best bank ever,5,Positive,Positive,Positive,Positive,Positive
147e8d9b-bfc9-4f5f-ae79-87a8e6bc8def,Starling,Love the spaces but wish it could be on savings too.,4,Positive,Positive,Positive,Positive,Positive
8b280ccc-536d-4f07-8dea-45114a31a0c9,Starling,"Starling is great. I am always recommending it to people. The spaces is a really great way for me to manage my business expenses. Update July 2025 Starling have informed me they are now closing my account, not given a reason. It's a shame because I have been a very loyal customer. They have done it to a few people I know aswell, it's very inconvenient!! So I have gone from a 5 to a 3 star for this reason.",3,Neutral,Positive,Positive,Negative,Positive
453e8d44-a55b-4058-9c19-61a4a8e09f8b,Starling,excellent app for banking,5,Positive,Positive,Positive,Positive,Positive
1e03e123-d7fe-4281-8b63-7a0082f5184e,Starling,excellent,5,Positive,Positive,Positive,Positive,Positive
f4cbf0ad-8aa7-44f1-b4f2-f5029a85c427,Starling,Starling is easy to use. It isn't my main account as I prefer accounts with better interest and savings options but I find it excellent for managing my children's accounts.,4,Positive,Positive,Positive,Positive,Positive
1963bb0b-9153-48b6-8363-d11412796cb3,Starling,Difficult to use on phone,4,Positive,Negative,Negative,Negative,Negative
8a9dc34f-00a8-4d8a-ab57-3a557c19dfb3,Starling,Easy to use and easy to use services,5,Positive,Positive,Positive,Positive,Positive
8446fd89-1960-445c-952b-8499e3748852,Starling,convenient and easy to use,5,Positive,Positive,Positive,Positive,Positive
4b5a5170-dd09-40dc-9852-5ea30ff91835,Starling,A wonderful app to use for Banking online.,5,Positive,Positive,Positive,Positive,Positive
c4b2b4df-eb5d-4a8f-83f4-e6aef2185386,Starling,good always,5,Positive,Positive,Positive,Positive,Positive
51bad581-6cd0-4cfb-af9d-7bebe86f94b4,Starling,excellent bank and very helpful if you have a problem,5,Positive,Positive,Positive,Positive,Positive
52966237-2e48-423c-9755-5388a15cccc7,Starling,"fantastic bank, easy to use app, enables you to keep on top of your money",5,Positive,Positive,Positive,Positive,Positive
4d5b562e-de06-44b5-8748-a034e1844297,Starling,So easy to use.,5,Positive,Positive,Positive,Positive,Positive
e68c3357-84fc-47d4-9a8a-eb63c6e6e5eb,Starling,good so far. so guys do not muck around with it. if it works don't fix it. and I should know !,4,Positive,Positive,Positive,Positive,Positive
114ca0bd-039b-4afa-abb5-a14aa50ea6b0,Starling,"Easy to navigate, help if needed is easy to access, staff are great in customer support, ive recommended starling to lots of family and friends :) Much better than other banks I've had accounts previously.",5,Positive,Positive,Positive,Positive,Positive
24a0b376-f840-4a88-90ee-0af3a3e40065,Starling,Great love the app,5,Positive,Positive,Positive,Positive,Positive
2a09f65f-5797-4a86-9aaa-5356ae15d969,Starling,very easy to understand and use,5,Positive,Positive,Positive,Positive,Positive
fcd463ac-1988-4dd1-ba7b-16e906d14ebb,Starling,"A very refreshing outlook to Banking, not to mention a absolutely brilliant customer service",5,Positive,Positive,Positive,Positive,Positive
52e98a3b-86eb-4b5e-82be-2c7f7ca0ec12,Starling,brilliant,5,Positive,Positive,Positive,Positive,Positive
e2b62769-00af-4e89-9bb6-3af699005ade,Starling,very good app. very easy to run.,5,Positive,Positive,Positive,Positive,Positive
b68fdab8-faaa-447d-8349-55a8a4acef15,Starling,very easy to use and was able to make my deposit without paying for parking.,5,Positive,Positive,Positive,Positive,Positive
e866872d-898a-41ca-9ea9-a5bcacff4f2d,Starling,good all round service and security,5,Positive,Positive,Positive,Positive,Positive
c5f4b114-d1d8-4368-9918-a1421392c64c,Starling,easy to use,5,Positive,Positive,Positive,Positive,Positive
feb8c505-6a79-4b98-a927-8c889497e9f8,Starling,It does everything you need. All very easy to find.,5,Positive,Positive,Positive,Positive,Positive
c7fd1207-d39e-4c9d-a726-87e944ef78d0,Starling,excellent in every way,5,Positive,Positive,Positive,Positive,Positive
5f437229-3d1d-4961-a8a5-b8b45b2d4472,Starling,excellent,5,Positive,Positive,Positive,Positive,Positive
5d3f6f51-9bd5-4d21-9d48-6cb1140cb011,Starling,"Great bank, easy to use, brilliant abroad.",5,Positive,Positive,Positive,Positive,Positive
3e41e01c-e230-4444-b0d0-4431695cb67a,Starling,Excellent banking app. The slickest I have ever used. Well refined.,5,Positive,Positive,Positive,Positive,Positive
b8faec60-ea7d-4d37-a37f-10e3fef8209a,Starling,very good service,5,Positive,Positive,Positive,Positive,Positive
51e2e718-dace-4dfe-b8f5-148ab6f5e971,Starling,very easy to use,5,Positive,Positive,Positive,Positive,Positive
65ce6fec-15ce-48cc-a9b5-95acf703406e,Starling,straight forward to use,5,Positive,Positive,Neutral,Positive,Positive
989ed094-5c97-4340-9c8b-c3a8108a65d2,Starling,"Excellent app, the FX rates are as good as I have found for when I am travelling. Knowing my money is regulated by the UK gives great peace of mind. So many small features that make my banking experience smooth. I ❤️ starling.",5,Positive,Positive,Positive,Positive,Positive
f1eaad6c-5c27-4f64-8b52-eeb789a61e29,Starling,"brilliant, easy.",5,Positive,Positive,Positive,Positive,Positive
e1b0c394-2458-4c9f-a755-5719f92e45c2,Starling,"Best bank ever , never had an issue been with them for years and recommend to anyone considering moving .",5,Positive,Positive,Positive,Positive,Positive
341184ef-9daf-4afe-a01a-0f2a5ecce922,Starling,"Perfect banking experience, I would recommend Starling to anyone",5,Positive,Positive,Positive,Positive,Positive
29171e7c-fcad-40f7-a6e1-192ea344adbe,Starling,I love starling. makes banking so easy,5,Positive,Positive,Positive,Positive,Positive
773b4d8a-5058-4ee0-856d-a0b9c19c8757,Starling,"it is easy to use and it helps me to manage my money better, I would recommend it to others",5,Positive,Positive,Positive,Positive,Positive
38e2d8aa-889c-49f5-83d9-6fdf94cf6250,Starling,never had a problem,5,Positive,Positive,Neutral,Positive,Positive
c8b48bf5-7fae-4c97-b946-89c62b3be066,Starling,Excellent,5,Positive,Positive,Positive,Positive,Positive
62855980-8582-4718-9c8e-c8602c371c1a,Starling,Set up an account last year for myself so I could grant a space for my daughter and give her her own bank card. It's worked brilliantly. Signing up was easy. The app is great. I love being able to add notes to purchases and categorise them. This is modern banking. Love it!,5,Positive,Positive,Positive,Positive,Positive
a279515d-3d16-4173-9612-8d1a665cfd2f,Starling,so far so good,4,Positive,Positive,Positive,Positive,Positive
4b3111a2-992e-4924-83a8-301929e44c4c,Starling,on the scheduled payments section it would be helpful if they had like a sum total of your standing orders/direct debits.,5,Positive,Positive,Neutral,Positive,Neutral
fcd8328b-fdcd-4dd8-bda4-90646a9dd012,Starling,easy to use,5,Positive,Positive,Positive,Positive,Positive
c8a5ba2b-0631-4f10-b0c4-dd5e550c476b,Starling,works well!,5,Positive,Positive,Positive,Positive,Positive
995684e7-5a39-439c-a0cf-f93053dd546c,Starling,Exceptional service,5,Positive,Neutral,Positive,Positive,Positive
d0268cdb-39c8-4d83-a63d-d8643660c1da,Starling,very easy to use. Also very security conscious.,5,Positive,Positive,Positive,Positive,Positive
75c59b10-81de-4ac8-b3ca-cf0aaeeebadb,Starling,So easy and quick to use.,5,Positive,Positive,Positive,Positive,Positive
61cbf53f-d732-49a9-ad33-5b36e8984679,Starling,Very easy to use and quick to open. Alerts are timely. Love the spaces. Frankly puts my Bank of Scotland app to shame.,5,Positive,Positive,Positive,Positive,Positive
0e3cafc7-75e7-43f8-a4f8-79ab63e54cc5,Starling,"I use Starling for both work and business. The app is super easy to use, and I love that I can create spaces to save/spend on certain things. My only criticisms would be that you can't have cards for each of your pots in business accounts, which would be super useful, and that the ability to reorder spaces seems to have disappeared.",5,Positive,Positive,Positive,Positive,Positive
e2a01d5c-0325-4c2a-be06-e6059b6f8ab8,Starling,great app secure and easy to use,5,Positive,Positive,Positive,Positive,Positive
7a53848a-c309-446d-a542-b668a12b67d4,Starling,Easy to use and navigate,5,Positive,Positive,Positive,Positive,Positive
78e7d323-f8b8-40a4-85aa-9b52aee1e38c,Starling,I've been with them for years. Never had an issue.,5,Positive,Neutral,Positive,Positive,Positive
d57bf51a-784f-48e5-a6be-6166dd47a79b,Starling,excellent banking app,5,Positive,Positive,Positive,Positive,Positive
a29d4bfa-7373-4d7e-a89a-6956ea2dd57c,Starling,very easy to use.,4,Positive,Positive,Positive,Positive,Positive
6d87b387-532b-4c9c-956a-6e608b5efdd3,Starling,Excellent,5,Positive,Positive,Positive,Positive,Positive
d1bd8dba-684a-4cb3-8629-234b04574939,Starling,easy to use,5,Positive,Positive,Positive,Positive,Positive
58a547fb-4686-4127-a70f-d4fb068f1b27,Starling,"never had issues with the app, or starling as my primary banking. Everything is simple, very clear, and customer support has been excellent when I've needed them I've been using Starling for 3 years now",5,Positive,Positive,Positive,Positive,Positive
51877490-4f23-4d73-812a-2f691d54ee81,Starling,"I am so happy to have Starling accounts and use this app. I find it so convenient to bank online for personal and business transactions. The Starling app is always easy, smooth, straight forward, and keeps you informed, and updated about your finances. Definitely a 5 star service.",5,Positive,Positive,Positive,Positive,Positive
65d33f1f-2f33-4cc7-8ccb-9392b3800b0e,Starling,easy to use,5,Positive,Positive,Positive,Positive,Positive
8b75b137-5deb-4087-9bd1-57555c2f0348,Starling,Love Starling Bank. The app is one of the most user friendly and efficient on the market.,5,Positive,Positive,Positive,Positive,Positive
9c532add-88b8-420a-a7f9-90eef696ccb2,Starling,brilliant service,5,Positive,Positive,Positive,Positive,Positive
93e4f96c-9639-40c4-bede-6fdcf99f0d7c,Starling,"easy to use , very good 👍",5,Positive,Positive,Positive,Positive,Positive
a2e8ea19-b4d3-40b2-a18e-a7d9938bf0f4,Starling,"I really like Starling bank and the app. I would like to see more features like being able to generate statement or reports that show the total amount spent for each category. Also, perhaps being able to create your own categories or rename some of the existing categories provided. These will be a great improvement to the app, and beneficial to customers when budgeting. Update 10Jan2023 Can you add other categories e.g. Rental Income, Tax, Gas, Electricity, Water,Council Tax, Parking.",5,Positive,Positive,Positive,Positive,Positive
096f3b47-4af0-4dda-8e86-8f4385bb1cf7,Starling,"great app, simple to use",5,Positive,Positive,Positive,Positive,Positive
50ae4efc-41ea-4573-970c-4f513384f4a0,Starling,Easy and good for saving,5,Positive,Positive,Positive,Positive,Positive
0b21fff3-82f1-42c3-9ff8-bc76f1737bb6,Starling,simply the best bank app.,5,Positive,Positive,Positive,Positive,Positive
f9d54cbf-e732-47d0-9e87-4b1be98254ea,Starling,Total Quality,5,Positive,Neutral,Positive,Positive,Positive
6c0bc99c-a242-4815-81f6-425ee0f1d784,Starling,quick and easy to use,5,Positive,Positive,Positive,Positive,Positive
db8e2957-7667-4e8d-af5b-b7ddebe9fb12,Starling,"Superior Lets me login the way I want to, navigation pretty intuitive, makes it clear what is happening. Updated to give five stars as Starling's improvements to their app/account have been actual improvements unlike some of their competitors. Usability and practicality is obviously a priority.",5,Positive,Positive,Positive,Positive,Positive
36700c9f-f314-423f-ba6f-c87fdd011865,Starling,sorted,5,Positive,Neutral,Neutral,Positive,Positive
7a76a5fd-2533-4267-aedd-dbf54a40f4dc,Starling,very good bank haven't had no problems 😊 👌 👏 👍feel safe aswell,5,Positive,Positive,Positive,Positive,Positive
4ef49d0c-379f-4ddd-8360-bf97b7953c7e,Starling,"This business account provides a lot of relief, specially secure and easy reset",4,Positive,Positive,Positive,Positive,Positive
b8a3e1d9-0315-4a84-a6c4-ab16e0b03ef3,Starling,Excellent service and provides piece of mind and security,5,Positive,Positive,Positive,Positive,Positive
ffa8d221-0941-4550-8de5-9d9af82ac0d3,Starling,"Good UI, quick and simple",4,Positive,Positive,Positive,Positive,Positive
00bec0f1-9962-4e05-b299-89851f6342fc,Starling,Very easy to use 👌,5,Positive,Positive,Positive,Positive,Positive
0f06c2ba-cba0-4892-8afb-04d311989219,Starling,excellent,5,Positive,Positive,Positive,Positive,Positive
d22c2eaa-3a93-4c9a-a6c0-d5a6e3d7705c,Starling,It all works,5,Positive,Neutral,Positive,Positive,Positive
1e3786c6-4f5d-4558-87ee-f92a623ffbd3,Starling,Excellent bank! Really easy to use and keep track of my finances.,5,Positive,Positive,Positive,Positive,Positive
08504149-c15e-4917-80a8-9d2f84b6caf1,Starling,"Great easy to use, no stress banking 👍🏻",5,Positive,Positive,Positive,Positive,Positive
19c4f7d3-8665-4d40-91ef-f6213cfcf541,Starling,"so easy to use, love it!",5,Positive,Positive,Positive,Positive,Positive
37faadd1-bfc4-4517-9320-9802f5ca9c66,Starling,quite easy,4,Positive,Positive,Positive,Positive,Positive
d12c2206-a05e-47b4-8bf5-4432067f9e69,Starling,Great bank. User Friendly app.,5,Positive,Positive,Positive,Positive,Positive
dc51401b-217c-44b9-8e28-d9045f851867,Starling,"awful support, impossible to open an account",1,Negative,Negative,Negative,Negative,Negative
6fd8ad31-ca7b-4566-be86-d9cd7e28d1ac,Starling,Brilliant app. Easy to use. Very happy. Wish they'd stop fiddling with the layout every time they put out an update though; it's very irritating and makes the app look less appealing each time.,5,Positive,Positive,Positive,Positive,Positive
6c6fcdb5-eb09-4794-ab16-66a46c42f9cc,Starling,"Quick, efficient transactions, clear user interface.",5,Positive,Positive,Positive,Positive,Positive
e4ad19fe-5deb-4288-9c8d-cc3b61bf00ee,Starling,Great Online Banking,5,Positive,Positive,Positive,Positive,Positive
cf4377ce-1901-4a6f-95c2-a418e852f604,Starling,"I opened my account in 15 min, set up the app in 5 min and had a virtual debit card to add to my wallet until the physical card arrived, all within 24hrs!! I love the user friendly app and savings/bugeting tools. Contacted customer services twice, on both occasions all queries solved at first point of contact and staff were excellent, helpful, knowledgeable and polite. One request, please make spaces deletable! 100% recommend Starling to anyone 🩵",5,Positive,Positive,Positive,Positive,Positive
45a4c7e8-74d9-428e-a826-38c70158e922,Starling,Easy to use!,5,Positive,Positive,Positive,Positive,Positive
f043368c-388b-4f17-9e05-74c7392302b3,Starling,Nothing but praise for this bank . The spaces idea has proved to be brilliant as I saved for my recent holiday. I highly recommend this bank.,5,Positive,Positive,Positive,Positive,Positive
5cf4ccee-3f7a-4200-8534-d542f5f5bbc0,Starling,Like it. Works fine for me. Using for about 2 years and no issues. Security appears to be very good.,5,Positive,Positive,Positive,Positive,Positive
b5370c68-5f9a-4ff5-bde3-5b0f6c40a55f,Starling,I've been using Starling for years and have not been disappointed one bit.,5,Positive,Positive,Positive,Positive,Positive
32a8a95c-f516-4d00-ade6-4791777d03f1,Starling,"Happy Starling customer, the app works great, used the automatic switching service to close my old account and move all my old payments to my new account, super easy.",5,Positive,Positive,Positive,Positive,Positive
94386fc4-4eb7-488d-bc53-3e208c6c12f6,Starling,"Never had a problem with the app, all good!",5,Positive,Positive,Positive,Positive,Positive
e3c393a1-890f-4fd5-96e0-d841157dd3f8,Starling,brilliant no problem,5,Positive,Neutral,Positive,Positive,Positive
bd8e07f2-74d0-4dc6-bcdb-8e7cbcf2ba49,Starling,excellent on holiday at feunirola and at home,5,Positive,Positive,Positive,Positive,Positive
eb832de7-d113-41ea-9dbc-9fd3eecaf2e3,Starling,"I love this banking app. very easy to use, and the instant notifications are great",5,Positive,Positive,Positive,Positive,Positive
32ed7aea-4fa2-482c-8cdf-f8eb2fa27961,Starling,"really supportive, definitely recommend starling bank account",5,Positive,Positive,Positive,Positive,Positive
81ea3118-eb62-4e12-8634-0e3c0f3e6c4b,Starling,"Excellent, Simple.",5,Positive,Positive,Positive,Positive,Positive
998b276a-2c1c-44dc-bf97-bdeabaf8e93e,Starling,very easy to navigate app 👌,5,Positive,Positive,Positive,Positive,Positive
4b064757-5dee-4792-b19f-68d302dceeb5,Starling,Fast accurate Easy to use.,5,Positive,Positive,Positive,Positive,Positive
08f47b49-0afd-4bdf-ab43-3f85ce32f71a,Starling,pretty lit,5,Positive,Positive,Positive,Positive,Positive
2914bb41-7af1-45c1-9a45-82c6b7bec120,Starling,"really great bank, highly recommend it",5,Positive,Positive,Positive,Positive,Positive
31916fa2-492a-4f08-bd3e-7b5142371037,Starling,"shame they lost the usefulness of saving spaces by taking off interest. I can use any other saving account to do the same. and will probably move to that if the interest is higher. shame. I have fed back. Starling response does not fill the need of multiple saving spaces. Revolut offer this service and whilst I would have happily kept with Starling, sadly, I'll be moving over to Revolut to manage my different spaces. They offer interest for each space, much easier to manage at a glance.",3,Neutral,Positive,Negative,Negative,Negative
32633473-6d30-4183-ae7f-eed014b442cf,Starling,Really good. really quick. feels secure,5,Positive,Positive,Positive,Positive,Positive
65700b9b-1112-4fd2-96a9-4189e40e0678,Starling,"outstanding, absolutely perfect.",5,Positive,Positive,Positive,Positive,Positive
bb898731-3dec-46c8-a6de-264f6cf07cb5,Starling,"Excellent bank, very straightforward.",5,Positive,Positive,Positive,Positive,Positive
6ba964f0-4571-4d92-a251-b813b50e1b71,Starling,"excellent, I use this and monzo",5,Positive,Positive,Positive,Positive,Positive
27c10b0a-6dd9-40b8-a307-4159b775c373,Starling,brilliant bank and app,5,Positive,Positive,Positive,Positive,Positive
d6e96954-ae8f-40ce-a39f-d612a8236b0b,Starling,best online bank with good customer care services,5,Positive,Positive,Positive,Positive,Positive
0d0272c3-4d63-4923-aa4a-93e7175e1031,Starling,"I like the app most for the ability to add a note and the ease of using spaces. My only disappointment is that I cannot pay in more than £1000 a year as a personal account. It's very low. The other features are good too., including video security.",4,Positive,Positive,Positive,Positive,Positive
2743ba8a-354c-4af8-bad7-0d89d18d7595,Starling,quick and easy hassle free. Happy with Starling...,5,Positive,Positive,Positive,Positive,Positive
4268ed58-8cf2-4e9f-86e3-12ce8af092f9,Starling,Great bank so easy to use,5,Positive,Positive,Positive,Positive,Positive
2d635a81-7e1e-4a2a-9a79-e81f56a500b9,Starling,"brilliant app, so easy to use and manage my money",5,Positive,Positive,Positive,Positive,Positive
5ca0b46d-62de-49fb-b16f-4f809d19ffb0,Starling,exceptional,5,Positive,Neutral,Positive,Positive,Positive
eb911ea6-1b46-471f-ab70-4d451bfe45af,Starling,simple and efficient,5,Positive,Positive,Positive,Positive,Positive
684c2953-e9d2-4914-b4d9-7f97727432f8,Starling,really easy to use the app,5,Positive,Positive,Positive,Positive,Positive
0a3bff68-69c5-4800-9981-0c5a77ab8561,Starling,Pretty flipping good,5,Positive,Positive,Positive,Positive,Positive
c5a0d11d-ef70-471e-9583-33a7f4b62fcf,Starling,"absolutely fantastic! Easy to navigate, efficient and excellent communication.",5,Positive,Positive,Positive,Positive,Positive
dcf38980-d7eb-4c04-8d04-98cde5db4fa9,Starling,"Great card when abroad, but if you haven't used it for months and you're 66, it's very frustrating trying to remember how to transfer money from your pot, so you can spend it. I'm still not convinced it's going to work when we try at a restaurant tonight !!",4,Positive,Negative,Negative,Negative,Positive
b4f1e8ae-03c3-4982-b857-83e0628f63ae,Starling,very excellent,5,Positive,Positive,Positive,Positive,Positive
2983a323-ba0d-4f48-98b0-5f2c7bdcb1dd,Starling,"great app, easy to use.",5,Positive,Positive,Positive,Positive,Positive
5c1ce139-22ce-4558-98c3-31a3385ebe94,Starling,Ease of use. Simple.,5,Positive,Positive,Positive,Positive,Positive
84362a9c-4b5e-4bb0-a368-96066db2e50b,Starling,"so rare these days that any bank big or small gets the balance between security and ease of use, but Starling hots the nail on the head! I would recommend Starling to any small business. When it comes tax matters they have made it both 'user friendly' and easy for accountants to take the pressure off 'numerically challenged' customers like me!",5,Positive,Positive,Positive,Positive,Positive
b84dd8c7-5b9a-4681-8add-989c6fb3f8d2,Starling,"does everything you need for a onlin bank, always had a quick response with any issues and the app is stress free and lets me see a lot of info on it to help plan and save. what I'd expect really.",5,Positive,Positive,Positive,Positive,Positive
7a3cd105-8b3a-4a83-b5bf-060965574901,Starling,excellent easy bank to navigate,5,Positive,Positive,Positive,Positive,Positive
c7aaffed-d6b7-4644-a92a-0636238fdb42,Starling,"Best bank app I've used before, highly recommended",5,Positive,Positive,Positive,Positive,Positive
e1ea5d47-3b4b-4354-ba75-2d9dc07e5ef7,Starling,"shocking bank. question every transaction. refused to allow me to pay my children's school fees abroad without me providing a divorce agreement, maintenance agreement and a copy of my lease at home? just awful. avoid like the plague. I've gone back to Halifax who allow me to pay my ex husband and children without having to provide my bra size 😂",1,Negative,Positive,Negative,Negative,Negative
e7c0a6b5-7c20-464d-8529-11c0c673e270,Starling,As someone with ADHD. The spaces really help me to manage money better.,5,Positive,Positive,Positive,Positive,Positive
d5ec9bc9-4a6c-4e5b-bfe5-3252d50804c8,Starling,Never fails me. I love the spaces feature to help me budget.,5,Positive,Positive,Positive,Positive,Positive
5d4e88f8-9ae2-4f48-9c72-88df117634b7,Starling,so easy to use. highly recommend.,5,Positive,Positive,Positive,Positive,Positive
22c07bdb-0c40-4617-a215-ed26991ddd3f,Starling,very good service,5,Positive,Positive,Positive,Positive,Positive
c2df34ed-fe27-4512-81fd-a1b729131ec3,Starling,Excellent and efficient service,5,Positive,Positive,Positive,Positive,Positive
147c4d80-7438-483c-be69-c4328d3c62bc,Starling,Love it.,5,Positive,Positive,Positive,Positive,Positive
8fb73441-32da-40a7-934c-384ed08ab614,Starling,brilliant app and easy time navigate,5,Positive,Positive,Positive,Positive,Positive
c5524f18-a3e0-43d1-8273-2490ffa94e08,Starling,"Smooth easy process to open my Starling account. Once up and running I found the app was laid out well and straightforward to navigate. Love the saving spaces, I use them a lot, also like the upcoming direct debit / payments I have to make reminder. Been with Starling a few years now and would definitely recommend.",5,Positive,Positive,Positive,Positive,Positive
7ac8d625-0dbe-48b8-ad3e-9c8da6a31c29,Starling,"The app has very good UI. Simple, easy to use and an overall smooth experience.",5,Positive,Positive,Positive,Positive,Positive
b4f06571-7b94-4f68-a7a1-2b74cdada0cb,Starling,very easy to use,5,Positive,Positive,Positive,Positive,Positive
0f495bc0-17c4-4d5b-8b03-66ffe3efb43e,Starling,pukka pie,5,Positive,Positive,Neutral,Positive,Positive
7cb69042-43a3-4c50-ae98-ef0250ce1ba3,Starling,very easy to use and works with Garmin pay. been a life saver.,5,Positive,Positive,Positive,Positive,Positive
da63449d-e063-483f-b2e3-148733a28fae,Starling,very easy to use and very secure if you need help always someone at end of phone,5,Positive,Positive,Positive,Positive,Positive
32ec6f85-30f5-4de3-865a-1ea026c6a210,Starling,Easy to use app with a cool interface.,5,Positive,Positive,Positive,Positive,Positive
f6b29a9d-1723-4d6a-8821-27c6ab23da0b,Starling,Fast and good !!!,5,Positive,Positive,Positive,Positive,Positive
174b9726-c435-4f3a-835f-1e27e54d6060,Starling,"great bank, far better than the others",5,Positive,Positive,Positive,Positive,Positive
4bd14185-e45d-4b62-8829-b618810c561f,Starling,quick transfer payment 🙂,5,Positive,Neutral,Positive,Positive,Positive
2b70b93c-e601-4902-9b86-85c55e885122,Starling,very good online bank,5,Positive,Positive,Positive,Positive,Positive
e2521d0e-fa64-4ce0-806f-a73366f555d2,Starling,Great app to move money safely simple to load and simple to control,5,Positive,Positive,Positive,Positive,Positive
2166819f-b2dc-4b34-a957-53035f312598,Starling,"This app/bank is brilliant, I have never had any issues. It is so simple to use.",5,Positive,Positive,Positive,Positive,Positive
c1d63b6b-a3af-4299-a8bc-4e543cb3cdf8,Starling,easy to use,5,Positive,Positive,Positive,Positive,Positive
b459a8f2-60f2-4684-9587-86d394b0b77c,Starling,Very ready to set up account amdnkids prepaid account,5,Positive,Positive,Positive,Positive,Positive
6f9048e6-4022-4cdb-ad47-411897807eaa,Starling,"I've tried all the main banking apps over the years and none beat Starling for features, ease-of-use and reliability. It just works.",5,Positive,Neutral,Positive,Positive,Positive
1ed9ad7e-9e03-4cde-b0d9-37116a5281d5,Starling,Easy to use and understand.,5,Positive,Positive,Positive,Positive,Positive
bd889c3f-a3a6-4167-afeb-c6ea42e68e08,Starling,The best online account I have ever had. So simple to use.,5,Positive,Positive,Positive,Positive,Positive
fa057e75-c963-4654-a9d1-8f6a0e932e1a,Starling,Easy to use.,5,Positive,Positive,Positive,Positive,Positive
b70e8c43-cdc4-4ed8-b3d7-f0ad4039c017,Starling,"such a smooth and no nonsense bank. the app is clean, customer services is rapid. no bloated information unless you want it. why anyone uses big street banks anymore I have no idea.",5,Positive,Negative,Positive,Positive,Positive
601c8d6b-30bc-45ad-98e8-7bd7c9e00361,Starling,perfect for all banking needs 👍,5,Positive,Positive,Positive,Positive,Positive
78333b13-6fb7-4f88-ba95-5b7d0e4411bb,Starling,works extremely well especially with cross currency,5,Positive,Positive,Positive,Positive,Positive
3b5f3d96-af7a-4f1f-b127-6f13859f4c0a,Starling,"secure and quick, works well in USA",5,Positive,Positive,Positive,Positive,Positive
34de68aa-3331-4caf-a6b7-1838938f72d2,Starling,"Used to be a leader in banking apps. Spaces cant be deleted despite being never used. Transaction types, logos and locations are wrong.",2,Negative,Negative,Negative,Negative,Negative
38383ee3-c46b-43d1-8339-ae07d1ce6b92,Starling,The Starling Bank is one of the best online Banking Apps I have ever used. It has so many useful features. It's easy to setup and is very secure with regards to online payments. You can even create your own spaces to make saving easier. Five Stars.,5,Positive,Positive,Positive,Positive,Positive
ede872cc-8552-4a02-bf93-a089f70e850b,Starling,Great bank always fast with customer service have been using starling for years,5,Positive,Positive,Positive,Positive,Positive
18f50389-26ec-4dd4-9c11-a9a41f514ba2,Starling,works ok,5,Positive,Positive,Positive,Positive,Positive
ff5b0a74-cc92-4543-b3e8-0e3ee3c639bd,Starling,awesome app so easy to use and so far after about 5 years 100% reliable for me.,5,Positive,Positive,Positive,Positive,Positive
282e9e9a-a916-4b7c-84df-f41709561e6c,Starling,This is a great app loving starling cheers guys,5,Positive,Positive,Positive,Positive,Positive
92f5c3ff-3ac2-41f8-8858-55b871c98e96,Starling,awesome,5,Positive,Positive,Positive,Positive,Positive
f20e28f6-4939-409a-97d6-a049886333f1,Starling,nice,5,Positive,Positive,Positive,Positive,Positive
457bad36-5260-4f9c-9ac0-d70dedc8b73a,Starling,brilliant been using for years,5,Positive,Positive,Positive,Positive,Positive
f067b933-d8d2-479e-9ca7-72d7b0b2cf54,Starling,"Safe to transfer money in or out, easy to follow instructions, and always reliable. Thank you Starling",5,Positive,Positive,Positive,Positive,Positive
0d0c91b7-4046-44a9-a261-a3a142937e25,Starling,best app,5,Positive,Positive,Positive,Positive,Positive
5887077a-ccef-43a1-ba46-ea56a47b1015,Starling,very easy to navigate.,5,Positive,Positive,Positive,Positive,Positive
2e8495f1-4a6d-4efd-abd1-66215da47cc4,Starling,Excellent,5,Positive,Positive,Positive,Positive,Positive
d7498a8e-8254-40c8-be42-1d6f6c6b5c95,Starling,Decent,5,Positive,Neutral,Positive,Positive,Positive
db153802-a053-4e9a-975e-2f537493ea80,Starling,Excellent app. Very easy to navigate.,5,Positive,Positive,Positive,Positive,Positive
f96212a9-9397-4bc5-a7ab-1e03789af669,Starling,Great- easy to use,5,Positive,Positive,Positive,Positive,Positive
6a282198-916c-49db-99c3-658fa37ae594,Starling,super,4,Positive,Positive,Positive,Positive,Positive
88a1c729-bb2d-4d2b-9a59-0884507de9d7,Starling,doesnt allow you to send foreign currecy to local accounts. If you are paying a dollar or euro account locally the stupid app wont allow it.,1,Negative,Negative,Negative,Negative,Negative
243e0122-d42c-46ed-9f1d-cf0fccdd64d2,Starling,"Excellent app, instant notifications. Recommended",5,Positive,Positive,Positive,Positive,Positive
7fa60f37-4dcf-4f06-8a28-76591f7169f6,Starling,"Easy to use, some great features like picking your own pin number, freezing and unfreezing your card and having your balance update instantly is very handy. Only thing is the Kite account for kids can't be used on apple pay or android wallet,shame would of been perfect otherwise.",4,Positive,Positive,Positive,Positive,Positive
6cdf2e32-2350-4316-b08a-bcfb70c2a555,Starling,a fantastic online banking app,5,Positive,Positive,Positive,Positive,Positive
2f0fbff8-1a9c-441e-976f-ce8aa5d1b628,Starling,The app works effortlessly - pity about the service provided by the bank!,3,Neutral,Negative,Positive,Positive,Positive
a66864cf-cdde-4cf9-93a9-4bd80ef2094e,Starling,the best card for benefits users,5,Positive,Positive,Positive,Positive,Positive
205a4974-34bf-41c8-978f-17ddca8376c9,Starling,"When I update the 'new' update is a wk old EVERY TIME - leaving me vulnerable to hackers etc, on a bank app of all things.!! 'customer support' is a bluff - they send you round in circles but don't actually do anything but pass the buck to you to resolve & a different staff member each time who 'doesn't know about the situation'. & you reply claiming it's due to autoupdate.?? And asking me to RING & tell you what I said in this very post to tell the tech team.? why don't you just tell them.???",1,Negative,Positive,Negative,Negative,Negative
6a4e20ac-a51f-48b4-afaf-a659d1649d1e,Starling,as expected,5,Positive,Neutral,Neutral,Positive,Positive
a5912820-c505-4d20-a4ea-481de26fc644,Starling,crappie,1,Negative,Neutral,Neutral,Positive,Positive
3b62664c-db94-4415-8008-d71d2ab44db0,Starling,Paying my auto engineer,5,Positive,Neutral,Neutral,Positive,Positive
32513217-9e0f-4cd4-9e72-933e918f9c8f,Starling,easy to use,5,Positive,Positive,Positive,Positive,Positive
59860519-7ff0-42e7-9039-7a7f074ae454,Starling,Very straightforward. The 'help' is useful. I can also scan cheques.,5,Positive,Positive,Positive,Positive,Positive
7db2de0c-723e-471e-98e1-cd2ff1a59c20,Starling,easy to use,5,Positive,Positive,Positive,Positive,Positive
bd9913d3-3989-4996-8fc7-118a2f4fd5d3,Starling,"nice bank, unfortunately they don't pay anymore monthly interest rate, because they changed their policy last year and downgraded in inequality and service. still good bank, but I use it only for payment and not to store money.",4,Positive,Positive,Negative,Neutral,Positive
ca3b3630-1a12-4af3-bea0-6acd948864d6,Starling,Easy to use,5,Positive,Positive,Positive,Positive,Positive
e2905283-762a-44d0-909a-dd165c3caa34,Starling,So easy to use with a good range of functions and useful additions from time to time,5,Positive,Positive,Positive,Positive,Positive
47498f08-38d1-4cc9-92d2-83307af1e75e,Starling,very fast and efficient beats most banking apps,5,Positive,Positive,Positive,Positive,Positive
663611e6-851b-464f-bf09-ac9f3311180b,Starling,easy to use,5,Positive,Positive,Positive,Positive,Positive
12e3a47c-5ff2-4cc4-a9f8-34dcf9b26a44,Starling,good easy to use interface,4,Positive,Positive,Positive,Positive,Positive
84cde86a-b688-43f4-a534-9b43c890cad0,Starling,the best,5,Positive,Positive,Positive,Positive,Positive
6a973f4c-4f89-43bd-b00a-7f12c27328a1,Starling,awesome,5,Positive,Positive,Positive,Positive,Positive
84f462a3-4134-46b5-9e00-1da73ed8ae67,Starling,"I don't normally give anything five stars, but I honestly can't find any fault with this app - all the usual stuff, really: user friendly interface, looks nice, great functionality, stable... and I didn't really think I'd be saying this of a banking app, but quite fun to use! The important upshot is that all this stuff makes a big difference to my interactions with Starling, and therefore encourages me to continue to bank with them.",5,Positive,Positive,Positive,Positive,Positive
3e7b6e16-6492-4f70-b817-4b52c9061266,Starling,"no fuss, easy to use",5,Positive,Positive,Positive,Positive,Positive
9f858a51-6233-4a50-b120-17c093d4d189,Starling,Altogether a reliable and intuitive app. Although a recent app update occurred just prior to an attempted payment to a retailer. Which subsequently failed. A poorly executed rollout,5,Positive,Negative,Negative,Positive,Positive
8fe626c7-0707-4b5d-9d81-977ef75f480c,Starling,"Great app very clean, love the spaces feature only criticism I have is I preferred the old home screen layout. overall 10/10 for the app. would recommend.",5,Positive,Positive,Positive,Positive,Positive
8070a908-4a8a-430a-8cc4-1eba0c5fadd1,Starling,very easy to use,5,Positive,Positive,Positive,Positive,Positive
49921b52-b71b-4020-926c-4d5c78c67d3e,Starling,great accounts,5,Positive,Positive,Positive,Positive,Positive
4bfefffe-fe49-400b-bd1a-6f1b8035a163,Starling,easy to use payments are instant the interface is so user friendly and interactive better than monzo😅,5,Positive,Positive,Positive,Positive,Positive
c5123803-5543-4b15-8b85-bfefa8f386e0,Starling,best online bank,5,Positive,Positive,Positive,Positive,Positive
bd9f4907-21e0-4827-8cd9-d634f0bfdc5d,Starling,easy to use,5,Positive,Positive,Positive,Positive,Positive
3af06d5a-797f-4a2c-a2b3-3e0a660d706f,Starling,Great bank with great support.,5,Positive,Positive,Positive,Positive,Positive
3bcffede-6ea5-4f65-8333-0b7867af934f,Starling,Great bank and easy to use app hence 5*,5,Positive,Positive,Positive,Positive,Positive
1223ed87-7eed-42e0-b7d3-df377af5c27a,Starling,good bank and app. haven't had any problems with it.,4,Positive,Positive,Positive,Positive,Positive
5497fbf1-310f-400f-8c11-f4a4176c9540,Starling,easy and simple to use,4,Positive,Positive,Positive,Positive,Positive
aba693e1-3730-47d5-9b62-18c28886b0b5,Starling,super quick and easy to use,5,Positive,Positive,Positive,Positive,Positive
2e4dd14c-47e3-4a49-9314-e1d1ab46a9c9,Starling,best bank ever,5,Positive,Positive,Positive,Positive,Positive
1e4c243b-bab9-4df7-b39a-397ed53702f0,Starling,"Highly recommend starling. The app is far better than the big competitors eg. Barclays, Santander etc.",5,Positive,Positive,Positive,Positive,Positive
92776832-6fbe-43e0-b7bd-8058fa2d546c,Starling,"everything's clear, well thought out and easy to use.",5,Positive,Positive,Positive,Positive,Positive
5bf629db-cf12-4e14-b702-87706df81a9f,Starling,"Brilliant, never had any bother with anything! So easy. I struggle with a lot of technical stuff. But very easy from the beginning. Five stars for sure.",5,Positive,Positive,Positive,Positive,Positive
18d863e3-3c9a-47bb-ac92-57362e62e087,Starling,I enjoy using starling for my saving of money,5,Positive,Positive,Positive,Positive,Positive
8b6c35e0-d939-4509-b658-4aa314c74d75,Starling,"easy banking with starling Bank, using your card abroad is better doing with starling than other bank",5,Positive,Positive,Positive,Positive,Positive
ddfc8041-5ad0-4822-89d1-0a39308bd6e2,Starling,Easy to open an account user friendly format you can have multiple space for saving money for specific reasons which is great for budgeting and planning. over all a great experience.,5,Positive,Positive,Positive,Positive,Positive
d659332d-9f56-4fdb-bff0-2b97a032d63b,Starling,"The bank is great but it has a problem that when sending money it uses a password instead of a fingerprint, while a fingerprint is unique and there is no higher security than a fingerprint.",4,Positive,Negative,Negative,Positive,Positive
cfc5d3de-2159-4888-a7be-e741d838a707,Starling,brilliant,5,Positive,Positive,Positive,Positive,Positive
8fe8be21-08ff-4b49-ae58-aa53303ec501,Starling,easy to use. quick to access. excellent card control,5,Positive,Positive,Positive,Positive,Positive
a78be1d8-95f2-472b-bb3b-272263feaf62,Starling,excellent and easy to use,5,Positive,Positive,Positive,Positive,Positive
e15a5d20-0033-4b4b-8626-9f4c8cbf942c,Starling,Love my Starling app. It's more than just a bank account; it's my accountant and it helps me stick to a budget (not something I'm good at) with different spaces and cards for different expenses. Couldn't be without it,5,Positive,Positive,Positive,Positive,Positive
92d4ae77-c27a-4f65-a179-47b396f7ed48,Starling,fantastic banking,5,Positive,Positive,Positive,Positive,Positive
11eccada-339e-469c-9720-0133d98d53bf,Starling,100% recommended for any card holder wanting to use a card while on holiday. very reliable and safe to use,5,Positive,Positive,Positive,Positive,Positive
98417325-d939-47aa-a528-6f88faa26f86,Starling,very easy to use,5,Positive,Positive,Positive,Positive,Positive
44d4a8ec-ae38-4547-bd11-0102de36c100,Starling,"this crowd are dangerous! there's now what looks like several restrictions on my account. can't use my card online or at a pay point. yet it's ""working normally"", that's a form of fraud I won't be accepting. closing account asap!! don't say you weren't warned!!!",1,Negative,Negative,Negative,Negative,Negative
09f16996-5606-412a-b0b4-7f8928544dac,Starling,very easy to use.,5,Positive,Positive,Positive,Positive,Positive
c7111132-8c09-47e7-9472-264cc56a92c2,Starling,so easy and simple to use,5,Positive,Positive,Positive,Positive,Positive
e1d0f725-b630-41c8-b2e1-643cdd75ec03,Starling,excellent,5,Positive,Positive,Positive,Positive,Positive
ea26c4e5-db17-4b34-b6d6-e8937c570fd0,Starling,best bank by far 👌,5,Positive,Positive,Positive,Positive,Positive
e66f4189-6f96-47e6-9832-59d8771621ce,Starling,"Was a good app, for the past 3 months I keep getting 'unable to connect to Starling' despite removing and reinstalling and even changing phones.",1,Negative,Positive,Negative,Negative,Negative
e9f489e4-e003-4de9-a3fa-4b19ab815c56,Starling,Simple and easy to use!,5,Positive,Positive,Positive,Positive,Positive
19d89341-b1e3-43bb-9cbd-2c57746480e4,Starling,Always really helpful on the phone if YOU do have a problem! But I can't think of a time when had an issue,5,Positive,Positive,Positive,Positive,Positive
b9cf1466-a214-45a3-beb3-50b7575cd0b0,Starling,"I rated this, that should be enough.",5,Positive,Neutral,Positive,Positive,Positive
4bedc226-4b63-486e-ba1a-8e73593a0f3e,Starling,Great app easy to use highly recommended,5,Positive,Positive,Positive,Positive,Positive
aa7e164e-7d14-437a-b9e6-9130cd8eab11,Starling,easy and simple to use as I'm dyslexic .,5,Positive,Positive,Positive,Positive,Positive
9f8d8774-f86b-4e57-a98b-57cb28771f18,Starling,"easy to use, great option of using spaces to separate your spending from main account. Feel very safe using starling and very satisfied with their security measures & checks when transferring large sums of money from my account.",5,Positive,Positive,Positive,Positive,Positive
7b2b9e15-f1c4-4d15-9e28-0307931c1e00,Starling,I love Starling Bank so easy to use and a good interest payment for savings.,5,Positive,Positive,Positive,Positive,Positive
8f7ca142-b20e-4b5b-b36c-4b84c6865f1c,Starling,works perfectly 👌,5,Positive,Positive,Positive,Positive,Positive
f6d37caa-5739-44fa-a86b-d0c37620bd36,Starling,very convenient and secure,5,Positive,Positive,Positive,Positive,Positive
6e4aea6c-8f8b-42e7-bc39-a5612b9bed08,Starling,Easy to use. Good customer service.,5,Positive,Positive,Positive,Positive,Positive
80f0cb3d-21ea-4894-85e7-6b9624a48e81,Starling,"Love the app. User friendly and great for sole trading. The only thing I find inconvenient when sending payments, you can't select to pay from a space. I have specific spaces for i.e ""council tax"" which when paying out to my partner I first have to withdraw to my personal page, before sending. Makes the transaction page look messy and when it comes to doing taxes, it makes more work sifting through everything. Could it be updated? A simple drop down menu to select where to pay a payee from?",4,Positive,Positive,Neutral,Positive,Positive
302fc358-fd77-4112-a943-25039c6eea5c,Starling,never had any issues in around 5yrs ... brilliant customer service,5,Positive,Positive,Positive,Positive,Positive
5a81a393-b6e2-4dd5-9399-4d73f9550963,Starling,easy to use,5,Positive,Positive,Positive,Positive,Positive
987938ae-b578-419e-b564-6b92a016a1b2,Starling,awesome...,5,Positive,Neutral,Positive,Positive,Positive
e8e7de79-dacf-4dd5-81fe-dbd9c2768c20,Starling,Easy to navigate and use,4,Positive,Positive,Positive,Positive,Positive
4119fb09-ed73-444d-84d9-3b8a4ac67241,Starling,The best online banking in the world.,5,Positive,Positive,Positive,Positive,Positive
2939d5af-f8a4-4d3c-963c-5c1bc942a209,Starling,"Opening a bank account is tedious, I had an item in review but no notification from the app or starling itself which in 2025 is ridiculous. I then got refused and they specifically said they cannot tell you. Joke.",1,Negative,Negative,Negative,Negative,Negative
7404057a-4623-454d-92ba-b7551bf970b4,Starling,brilliant app brilliant bank,5,Positive,Positive,Positive,Positive,Positive
ce8d4ee6-17a1-4593-8333-735c722d6f7e,Starling,Loving it. very smooth,5,Positive,Positive,Positive,Positive,Positive
7982a100-323d-4dfc-9427-2560f4494954,Starling,very I used as a savings account ☺️,5,Positive,Neutral,Positive,Positive,Positive
189a351b-3c23-47d6-af1e-6c9fe75d9303,Starling,never had any problems at all,5,Positive,Positive,Neutral,Positive,Positive
3dae12dc-fb22-4f6e-9c4d-2a806b7c314a,Starling,I'm new to this app but find it easy to use and navigate,5,Positive,Positive,Positive,Positive,Positive
b5833dd8-ca9b-4bd2-9294-67168f6499db,Starling,best bank in the world 🌎 👌 🙌 period,5,Positive,Positive,Positive,Positive,Positive
871d0599-4604-4c46-8998-c8494b0a5306,Starling,Very easy to use and navigate.,5,Positive,Positive,Positive,Positive,Positive
bc0dbae3-0d77-4f82-a83b-22494447a3cf,Starling,very easy and efficient,5,Positive,Positive,Positive,Positive,Positive
b106c451-0382-4925-a767-3148d2d89a4c,Starling,very easy yo use,5,Positive,Positive,Positive,Positive,Positive
ed59ef26-c2fc-444e-b4c9-d340fd0503af,Starling,Excellent company and service,5,Positive,Positive,Positive,Positive,Positive
e47041c8-bb90-4965-8f56-e58ed6fa6ef6,Starling,Does the job. Easy interface,4,Positive,Positive,Positive,Positive,Positive
7d4fa269-cee6-4e8e-9291-288c6901e9d1,Starling,Very handy and easy to use.,5,Positive,Positive,Positive,Positive,Positive
8ec59ba3-4afc-40be-8a6e-1c4b896afeef,Starling,"The app, and the Bank, are really user friendly and easy to do business with.",5,Positive,Positive,Positive,Positive,Positive
b0eb6c68-b68a-4837-825b-cab2982c3227,Starling,clear concise banking app,5,Positive,Positive,Neutral,Positive,Positive
c23c9bbf-4db2-479b-a76d-0782d3c29fb6,Starling,"quick, uncluttered and practical …why can't more apps work like this?",5,Positive,Positive,Positive,Positive,Positive
77af3508-0eb5-4f1b-ad7f-a307e77d6893,Starling,good little online banking app easily transfer money between my main bank and starling.,5,Positive,Positive,Positive,Positive,Positive
0531ddd2-cae0-4cf6-839d-a2c360bff353,Starling,is the best 👌 👍,5,Positive,Positive,Positive,Positive,Positive
2e1cfde7-e00f-4286-88cf-b0ae97919e70,Starling,All very well laid out and Understandable. Clear view of my money. Great bank.,5,Positive,Positive,Positive,Positive,Positive
aa56a804-7bbd-4107-819f-bfae564bcf26,Starling,"One of the best app I have ever used, easy, fast and efficient.",5,Positive,Positive,Positive,Positive,Positive
88b06166-db12-4127-8e4b-d58678ed9f64,Starling,swift and efficient,5,Positive,Positive,Positive,Positive,Positive
5e5c7d87-839c-4fe5-ae43-65c701e163b8,Starling,banking made easy,5,Positive,Positive,Neutral,Positive,Positive
5171c672-6a1b-479f-a0b9-63e255d5c1d1,Starling,Great and easy to use!,5,Positive,Positive,Positive,Positive,Positive
31562355-8933-42b7-b972-d0783528ebc2,Starling,"Excellent service, No fuss and very easy to control your finances.",5,Positive,Positive,Positive,Positive,Positive
90f5abff-7152-43e2-a511-fbf0be55ec5b,Starling,lit experience,5,Positive,Neutral,Neutral,Positive,Positive
b4d2faf8-b63f-41cd-a54a-b3047ca1b81b,Starling,Works well. Simple.,5,Positive,Positive,Positive,Positive,Positive
0b60d2b4-d524-4504-9a9e-4999fbd0c4d9,Starling,nice,5,Positive,Positive,Positive,Positive,Positive
f18c4ec0-f3b9-49e6-a3aa-a933c6a77eaf,Starling,Easy to us. Support whenever I need it and the staff I've chatted with over the years have always been very support.,5,Positive,Positive,Positive,Positive,Positive
6c6aa7cb-2807-4ded-ab86-ea751a8bfc5e,Starling,class,5,Positive,Neutral,Neutral,Positive,Positive
d8a7e238-0baa-4d37-81d1-8ca377d2e086,Starling,"Excellent for budgeting and holidays, good saver returns as well!!",5,Positive,Positive,Positive,Positive,Positive
7abd3137-1e22-4341-beff-4c211d21a5e3,Starling,exellent app and bank.,5,Positive,Neutral,Neutral,Positive,Positive
9319c403-5ad8-4673-aa54-4956d357860d,Starling,Excellent banking app. Been with Starling fir over 2 years now. Just brilliant!,5,Positive,Positive,Positive,Positive,Positive
1fd5f3ee-2edf-44dc-a6f9-179304751d40,Starling,The scheduled top up to a pot to a managed limit for direct debits is a must for controlling your finances. Shame interest is not payable and no credit card. App works fine with all necessary alerts on spend and receipts.,5,Positive,Positive,Neutral,Positive,Positive
6a63f806-212e-4144-b5bb-85f7e4af3ab1,Starling,excellent service,5,Positive,Positive,Positive,Positive,Positive
bb0b27f3-f90e-4795-b53c-de72f3a21027,Starling,"really easy to set up, the app is really quick so much so I use it instead of my other bank account.",5,Positive,Positive,Positive,Positive,Positive
9c87d037-98e2-4ff4-9f0d-cf01c03e57a3,Starling,Quick and safe,4,Positive,Positive,Positive,Positive,Positive
6025fe3b-5f50-4fb1-a811-c0f208ca3821,Starling,Great app and easy to use,5,Positive,Positive,Positive,Positive,Positive
a6ce8b16-5b6a-4d2f-b487-59b91a7d2f73,Starling,easy to use and secure,5,Positive,Positive,Positive,Positive,Positive
9ff8f077-9b83-4287-858b-0cf442a7e69f,Starling,quick & easy to use.,5,Positive,Positive,Positive,Positive,Positive
fba4e35b-23a3-4411-802b-4039a52d9f2d,Starling,easy to use,5,Positive,Positive,Positive,Positive,Positive
1f4ffb88-345a-445e-bd5b-b69ca4cfc76f,Starling,very easy to use and great customer service.,5,Positive,Positive,Positive,Positive,Positive
b79e5afb-c9f5-40f4-8f49-9d59e7f41467,Starling,"well pleased, thank you.",5,Positive,Positive,Positive,Positive,Positive
d2709523-6b36-4df5-8026-31e6b5e48e23,Starling,practical & easy to use.,5,Positive,Positive,Positive,Positive,Positive
d5f26bb1-d2ee-48c7-8b05-ad40b62b23ef,Starling,The best banking app i have used. Still the best banking app after 5 years.,5,Positive,Positive,Positive,Positive,Positive
691deaa1-10a2-4aa8-9741-2b0675ba8383,Starling,easy to follow instructions.,5,Positive,Positive,Positive,Positive,Positive
ba70ba21-cd14-45b1-9c2a-dcbe6df1a26e,Starling,best ever,5,Positive,Positive,Positive,Positive,Positive
c82a5491-5873-4b99-a83a-a1814ff68be6,Starling,Intuitive helpful app. Good on security checks when changing device.,5,Positive,Positive,Positive,Positive,Positive
a8554dad-f3f2-4130-9081-5005449e25e7,Starling,"Horrible onboarding experience. Asked for a ton of info, which I provided, but their are not able to accept it. Such a waste of time for nothing.",1,Negative,Negative,Negative,Negative,Negative
b4a75ec6-9388-4037-bce2-b39171f08de8,Starling,Very Efficient Easy to use,5,Positive,Positive,Positive,Positive,Positive
e41d8afb-0ecd-4d62-8b53-2cb76a219851,Starling,"very efficient, easy to use and navigate. Timely notifications.",5,Positive,Positive,Positive,Positive,Positive
afef9976-c60d-43dd-81c6-4c7b2044a2ed,Starling,good bank app I recommend,5,Positive,Positive,Positive,Positive,Positive
bec88958-562e-4d10-b97d-4cc40070694e,Starling,Easy to use and keep track of payments,5,Positive,Positive,Positive,Positive,Positive
9af73ed5-6b04-468a-8980-992835826aa1,Starling,very helpful and easy to use the app,5,Positive,Positive,Positive,Positive,Positive
471a6fed-71e1-4c36-b1df-eadf3cf135bb,Starling,"Fantastic bank, made everything easy to manage and do. I'm so impressed with this bank, love it!",5,Positive,Positive,Positive,Positive,Positive
7a2d9c26-40a4-4f36-89fe-f12364d0aa3a,Starling,so easy to use love it,5,Positive,Positive,Positive,Positive,Positive
903ff269-8982-486b-a9bc-f339862bc779,Starling,Starling bank has been wonderful..they do anything for me ☺️ happy days 😁,5,Positive,Positive,Positive,Positive,Positive
8b6eb9e7-12dd-4bf8-954d-e6034e3ceb7d,Starling,Easy to use and clear,5,Positive,Positive,Positive,Positive,Positive
026d4696-0305-49cb-a125-9044db8c163f,Starling,"Best banking app I've used. Better than TSB, Lloyds, MBMA and (although it's also very good) Barclays.",5,Positive,Positive,Positive,Positive,Positive
a8547efe-1e12-451b-9ba1-db3819897d87,Starling,great no problems and better interest,5,Positive,Positive,Positive,Positive,Positive
a9a52749-5218-4885-9cff-ab183f6aea35,Starling,perfect,5,Positive,Positive,Positive,Positive,Positive
61cdc872-be07-4fb2-a1b4-9464a00f46d4,Starling,very user friendly,5,Positive,Positive,Positive,Positive,Positive
09d1a122-9045-4631-9a09-bbdc9b20975c,Starling,nice and easy,5,Positive,Positive,Positive,Positive,Positive
0031813b-afdb-4716-a072-d128fe562bfb,Starling,"The app is not always intuitive, but generally it works well.",4,Positive,Positive,Positive,Positive,Positive
2a222dd3-1097-4317-b096-4bdf1c4428f2,Starling,Really pleased with my Starling account.,5,Positive,Positive,Positive,Positive,Positive
6d752ef6-9d88-4a39-afac-b3ada0206a29,Starling,Does what it says on the tin :),5,Positive,Positive,Positive,Positive,Positive
acd79150-8c80-4d7e-85f3-3abbefda6e65,Starling,always been a good bank for me,5,Positive,Positive,Positive,Positive,Positive
3ea8f476-76c6-4f97-8d86-bcff7bc04e7b,Starling,Hey Co-op ! this is how it's done.,5,Positive,Neutral,Neutral,Positive,Positive
9120b1f7-d3c3-445a-9c03-8636ada4eb27,Starling,Have been using Starling app for over a year & have found it to be very easy to use & everything I need is available at my fingertips.,5,Positive,Positive,Positive,Positive,Positive
b6226ac1-7706-43fb-95a0-bd996d71184f,Starling,"best bank ever, so easy to use",5,Positive,Positive,Positive,Positive,Positive
2822ebfe-6fac-41c7-b7f5-37a8bbf006b8,Starling,Awesome 👌,5,Positive,Positive,Positive,Positive,Positive
b811d62c-0954-429c-88d3-0338c31c31e9,Starling,very easy,5,Positive,Positive,Positive,Positive,Positive
962bc126-cf7e-4cea-9508-95c301b9d5d4,Starling,"Security a little picky (OK for my safety) but FAR too slow (not OK) However, leaves Metro Bank standing and all the legacy banks not fit for purpose",4,Positive,Negative,Negative,Positive,Negative
9f6bd1f2-7c72-4f58-8ee3-f278fd45e82a,Starling,I find navigating the app a little difficult at times. It's not clear where each section is. It would be helpful to have the savings and current account all on the same page with a direct link to paying a bill or sending money to another account.,3,Neutral,Negative,Negative,Positive,Positive
a90b437c-1d8f-479d-b225-350b3eeb49f9,Starling,one of the best app for bank accounts,5,Positive,Positive,Positive,Positive,Positive
5272026d-a1a7-4f96-86c2-943c6d5f28bc,Starling,I am really happy with this bank. Recommended.....,5,Positive,Positive,Positive,Positive,Positive
6de993fd-94e3-4d82-96d9-18c73d583b43,Starling,Some stuff can be difficult to find where to do it in the app but overall it's OK.,4,Positive,Positive,Neutral,Positive,Positive
9fbad4b6-5af3-4813-a094-2dbf4f98b86b,Starling,vary good,5,Positive,Positive,Positive,Positive,Positive
77e4e495-2eef-4c1a-ac0d-40446c865f7d,Starling,By far the best bank,5,Positive,Positive,Positive,Positive,Positive
360559ff-b7ef-4c1e-941c-24cc36ed84f4,Starling,"The only detail it asked for is my phone number, account refused.",1,Negative,Negative,Neutral,Negative,Negative
5fe28cf0-b9c5-43de-b225-4c4f2986c814,Starling,"Can't set up an account because they require details that I need the account for, catch 22. Well, Monzo can have my business instead.",1,Negative,Positive,Negative,Positive,Negative
a6bc0d23-72ce-48b4-90be-5dd312e8d5f6,Starling,amazing bank,5,Positive,Positive,Positive,Positive,Positive
a68bdefc-2432-4453-86dd-e849a10f37a1,Starling,Just love it. So easy to see where your money is going. Spaces make it easy to put money away for special things and separate for bills etc.,5,Positive,Positive,Positive,Positive,Positive
f2aac812-7807-43ab-b659-54091281c575,Starling,"Been using for a year now, best banking app I have used so far.",5,Positive,Positive,Positive,Positive,Positive
e2e5ecf5-07a4-456f-84bd-a808b5b4f98e,Starling,"Easy to navigate, easy to use.",5,Positive,Positive,Positive,Positive,Positive
5dae8a4e-3824-498f-a1f9-8674e1b4bcc6,Starling,"ridiculous sole trader application process. They're asking for a whole bunch of stuff a new sole trader simply won't have, and sole traders aren't even necessary to have those details even if they're not new. YES, sole traders do exists without advertising material and local authority plans! New sole traders, try and open an account somewhere else instead, save yourself the hassle.",1,Negative,Negative,Negative,Negative,Negative
fc260737-7963-4f6b-a4d5-3d156a7da868,Starling,Been excellent and never failed me. Just wish you could easily arrange business overdraft and loans,5,Positive,Positive,Positive,Positive,Positive
ba16d20f-3900-4cf8-8627-36877f1e0018,Starling,East to use,5,Positive,Neutral,Neutral,Positive,Positive
7970e8da-f3a4-4bfc-83cf-33e758cf140d,Starling,Excellent service,5,Positive,Positive,Positive,Positive,Positive
6b959cdb-4f08-4eaa-926a-8c5f37c36fca,Starling,Brilliant bank,5,Positive,Positive,Positive,Positive,Positive
8d4bf24d-e5d2-4740-b991-f2779706ca91,Starling,"Was decent but now in decline by the looks of it particularly if you want to save, they decline you without reason and I was only reinvesting money I'd had in savings with them bonkers",1,Negative,Positive,Negative,Negative,Negative
d8df64df-3b48-4e6e-8acc-60294e9e6a94,Starling,"Fantastic,easy to use .",5,Positive,Neutral,Positive,Positive,Positive
cb5fda71-0f30-49c8-bd40-a7084853e640,Starling,Brilliant app,5,Positive,Positive,Positive,Positive,Positive
3def7c22-9f9c-43ff-9885-efcd52a28379,Starling,"I love it, Maggle",5,Positive,Positive,Positive,Positive,Positive
c8e97171-3c79-4e4a-a5e5-39393fa07c23,Starling,Easy straight forward transaction,5,Positive,Positive,Positive,Positive,Positive
5c23e6a1-bbb7-4a53-b2b6-57f4a3a20a6a,Starling,Fantastic business account and services. Could not recommend more highly.,5,Positive,Positive,Positive,Positive,Positive
8b48f0bf-a22e-41be-842e-ade688851792,Starling,Very helpfull quick and easy to use,5,Positive,Positive,Positive,Positive,Positive
404625f0-9e8b-4c5a-9ded-69ac7a833b4d,Starling,"Great App, far beyond most traditional banks at present.",5,Positive,Positive,Positive,Positive,Positive
d204bbcf-07e2-4849-8e0e-9403cb8a3eb6,Starling,"Very user friendly. An easy app to use. Been using Starling for several months now, no issues at all. Brilliant for depositing cheques!",5,Positive,Positive,Positive,Positive,Positive
2bc00d74-33fc-4d10-a3d9-ef483902d6c2,Starling,Flawless and simple.,5,Positive,Positive,Negative,Positive,Positive
1c54d50f-0297-4ed0-b550-02bd7505ee48,Starling,"Simple to use, helpful features, good customer service.",5,Positive,Positive,Positive,Positive,Positive
d622d77a-070f-43b2-b232-7430cbe0fcc6,Starling,"Easy to use, simple directions",5,Positive,Positive,Positive,Positive,Positive
19d72462-927c-4ab5-b5b0-271b4e0e1750,Starling,"So reliable. Always works, simple and intuitive to use, with very useful features. Other banks should be ashamed at the poor quality of their own offerings in comparison. Keep up the good work Starling. 16/04/22 - I have been using the app for a while now and have nothing but praise for it and Starling. Update 03/12/22. App updated to latest version. Still easily the best banking app and best online bank I have used. Feels safe too, app is easy and intuitive and provides all the services I need",5,Positive,Positive,Positive,Positive,Positive
1e0f911b-901f-4932-86a7-c2b379ff29ee,Starling,Easy stress-free banking,5,Positive,Positive,Positive,Positive,Positive
ee73a00a-fe78-421a-942d-bd6e8427d801,Starling,"It is very easy to use, especially when I am abroad",5,Positive,Positive,Positive,Positive,Positive
c13b4fb5-09f4-4ba2-aea2-d829fbf01565,Starling,"Great app, very helpful when you need help with anything. Excellent customer service would recommend to anyone, they are kind patient, understanding and respond quickly 🙏",5,Positive,Positive,Positive,Positive,Positive
9ef6792a-6658-4b78-beb6-5cce58b4858c,Starling,Really easy to navigate.,5,Positive,Positive,Positive,Positive,Positive
ef6e9552-e9ba-4c72-b3c2-b4825e1d1c30,Starling,Excellent. Absolutely love this banking app. So neat and easy to use. No messing about or playing up like other online banking apps. Can't recommend enough.,5,Positive,Positive,Positive,Positive,Positive
d9570402-2579-4c63-82b7-40eaec4e430d,Starling,Always been reliable and super fast.,5,Positive,Positive,Positive,Positive,Positive
430c1308-ef0d-401c-95f1-e5bd023aeb94,Starling,Easy to use.,5,Positive,Positive,Positive,Positive,Positive
80e8ee73-3414-4902-8118-31fd5f847c2b,Starling,"This app gets blocked on my phone, as I'm using a non standard OS. I had to install this in order to continue getting android security updates, but Starling considers this to be somehow less secure. Most likely going to switch banks to one that doesn't have these same restrictions, such as Monzo",1,Negative,Positive,Negative,Negative,Negative
574e2d1d-f1f0-4155-aa80-2bef39795e65,Starling,It works as you'd expect,5,Positive,Neutral,Neutral,Positive,Positive
e14b41c2-416c-41fe-b26f-5f4769d5e720,Starling,Brilliant!👍,5,Positive,Neutral,Positive,Positive,Positive
9baaf5ba-8407-40a9-a2b7-46b9f6ad9244,Starling,Easy to use. I wish I could screenshot payments as proof of payment,5,Positive,Positive,Positive,Positive,Positive
eef51e0f-8acd-44e1-90d4-f5db98bfda94,Starling,No more interest on current account. App can be confusing. Once blocked my account for 10 days for receiving a payment from a UK account,3,Neutral,Negative,Negative,Negative,Negative
fbe39a2f-8963-420b-85b2-95b82b614380,Starling,"Slowly draining my account here into my other banks, due to the removal of paying interest.",1,Negative,Positive,Negative,Positive,Negative
6050cc16-91fb-435b-aa8d-6304993d5515,Starling,"Fabulous bank, great telephone support when you need it. I've not had any issues with the App",5,Positive,Positive,Positive,Positive,Positive
62448119-38d7-4f7b-9b5f-94bc20b478a4,Starling,Amazing good service,5,Positive,Positive,Positive,Positive,Positive
37e558fa-d146-4f91-ba86-a16beb24d56c,Starling,Great and easy to use! Customer service is fantastic!!!,5,Positive,Positive,Positive,Positive,Positive
cfad0069-3ead-456f-ba87-10afb1173d90,Starling,Easy to use,5,Positive,Positive,Positive,Positive,Positive
cdf41e6e-5709-4c8e-bbc6-bdd89e83c8a7,Starling,"Brilliant online account, easy to use, highly recommended",5,Positive,Positive,Positive,Positive,Positive
38e58212-0a0e-4a65-804c-c236d3f7b5c3,Starling,Best bank around been with them years never no issues,5,Positive,Positive,Positive,Positive,Positive
221f602d-2337-41da-8b2a-451d2725adcc,Starling,Top,5,Positive,Positive,Positive,Positive,Positive
0570efc8-8830-46ba-9e8d-27bb734fe0c6,Starling,Nice and easy to use,5,Positive,Positive,Positive,Positive,Positive
1bcea947-653d-4020-9c14-a0b0bbab5294,Starling,"For personal banking I highly rate Starling, but for business they are not great - lots of hoops to jump through, followed by various delays and miscommunication on their part e.g. email from them ""your card is on the way""...7 days later on live chat, not it isn't you need to order one.",3,Neutral,Negative,Negative,Positive,Negative
9ce23142-38e3-4aff-aa2e-2796f9444ec1,Starling,"No hassle, everything is fine .I like it",5,Positive,Positive,Positive,Positive,Positive
f3a1abd8-f76f-4468-bbe1-f1611052cf11,Starling,No faffing about .. easy to use on the move,5,Positive,Positive,Positive,Positive,Positive
db4667ee-cc32-45c5-bbba-bbc1501495ac,Starling,Very nicely app and bank,5,Positive,Positive,Positive,Positive,Positive
e2563f85-cd4c-426b-9124-c7a8abec5156,Starling,"All good, no issues.",5,Positive,Positive,Positive,Positive,Positive
650d24f1-b44b-40e6-b3d1-5081de6b187b,Starling,Easy to use,5,Positive,Positive,Positive,Positive,Positive
b8e71bad-1153-4b1c-84d3-d61818aecfff,Starling,"Great app, easy to use and particularly like the euro account and fair transaction rate",5,Positive,Positive,Positive,Positive,Positive
01d1c3dd-4312-4717-a0c2-b534517a133a,Starling,"easy to use , great customer support in app,",5,Positive,Positive,Positive,Positive,Positive
e4860525-e6f4-443c-a947-16c60556f2b4,Starling,Really great. Easy to use.,5,Positive,Positive,Positive,Positive,Positive
7b100cfd-4f36-4fb5-93ec-a78420147ed6,Starling,"Excellent, no frills app",5,Positive,Positive,Positive,Positive,Positive
3d9c1aa9-ebc2-4b13-a034-313257625ed1,Starling,Best bank I've ever had,5,Positive,Positive,Positive,Positive,Positive
a94b9683-ba11-4155-b3e5-ef80d7fc2aad,Starling,"Good app, to make payment to someones bank could be more clear. It instead says add payee. First when I downloaded it which was recently I was like a headless chicken trying to find out how to send money.",4,Positive,Positive,Neutral,Positive,Positive
e3e6ad53-b895-4c56-997c-276b178d2eba,Starling,Exceptionally efficient,5,Positive,Positive,Positive,Positive,Positive
b9e84db3-46a1-4eb8-8734-3658fbf0a058,Starling,"Easy to use, fast and can use in any atm without extra charges.",5,Positive,Positive,Positive,Positive,Positive
8001beb8-293c-4e2d-b474-b9f01c21d0c4,Starling,Easy to use. No problem apart from when they need to text my phone with a code there is no reception in my village. That's not Starlings fault so in all I'm very happy with the service.,5,Positive,Positive,Positive,Positive,Positive
6f9a8c5b-5a09-435c-8284-8f2eb9a9a7ec,Starling,Easy to use and a very good App,5,Positive,Positive,Positive,Positive,Positive
a6253b91-68b0-4591-b58a-e46d436452ed,Starling,Brilliance,5,Positive,Positive,Positive,Positive,Positive
60255fad-e45f-4e0f-9472-4f48949e927d,Starling,So easy,5,Positive,Positive,Positive,Positive,Positive
8d3dee64-9dfe-48ee-ba9a-253e0cc321c5,Starling,Starling have made personal banking easy and fast. Travelling with my money abroad has never been simpler!,5,Positive,Positive,Positive,Positive,Positive
d6893f32-7192-4029-84c7-b638adb93958,Starling,Easy to navigate,5,Positive,Positive,Positive,Positive,Positive
e47858da-74e3-49da-b746-785aeb7bbdec,Starling,Excellent banking for the self employed,5,Positive,Positive,Positive,Positive,Positive
35d32894-e093-46ff-8af9-e781be407b1f,Starling,Everything I need in a banking app.,5,Positive,Neutral,Neutral,Positive,Positive
80b9415b-a2b0-48a4-8a4e-419bb9eea313,Starling,"I have a hard time budgeting and being able to create separate spaces for rent, bills, etc makes things so much easier to keep track of",5,Positive,Positive,Neutral,Positive,Positive
f7c6ec01-d10c-4e33-b95d-7189fb956c44,Starling,Fabulous bank from customer service to usability,5,Positive,Positive,Positive,Positive,Positive
b9e104d3-4bd1-40bc-aec7-f24430bf30f6,Starling,Great and easy to use.,5,Positive,Positive,Positive,Positive,Positive
31fd9040-b8ae-4663-bda3-3fa9140adfe3,Barclays,"Great app, I have been using this app for decades. absolutely amazing for everyone who have a busy life, honestly good app,",5,Positive,Positive,Positive,Positive,Positive
c44bbd0a-530d-4bed-88f3-954606569483,Barclays,Does all I need it to do. Updates all work first time great app. Still works great a real asset to have.,5,Positive,Positive,Positive,Positive,Positive
b989da84-78e4-4805-a819-20482daffee6,Barclays,perfect,4,Positive,Positive,Positive,Positive,Positive
f8438046-6d85-4843-926e-2b7392bd6e8a,Barclays,mostly good occasionally hard to work out,4,Positive,Positive,Positive,Positive,Positive
707a0e30-03bf-4822-835b-2c3f080995a6,Barclays,Excellent,4,Positive,Positive,Positive,Positive,Positive
b817084b-5754-4240-bbe1-092c3d23e8cf,Barclays,smart friendly and very good,5,Positive,Positive,Positive,Positive,Positive
c73d431f-db1b-4f35-8a88-574f120ba9d8,Barclays,absolutely fantastic,5,Positive,Positive,Positive,Positive,Positive
9df7ceaa-3049-41d2-b013-4d38e16b948e,Barclays,easy and confortable,5,Positive,Positive,Positive,Positive,Positive
f85b7508-e281-4c1f-b9cf-8414e660bb6c,Barclays,Quick and easy even for me who struggles with new technologies,5,Positive,Positive,Positive,Positive,Positive
71c7882f-2583-4504-b8c1-96849e92ac34,Barclays,This app is easy to use and reliable. Has fingerprint authentication. It also remains open while you check other apps for info. Messages now available as well but links to other banks have been removed. Still does everything I need.,5,Positive,Positive,Positive,Positive,Positive
47958430-59dd-47eb-a5a0-61395d1e9b39,Barclays,"Still very happy with the Barclays app👍 Always responsive, does what I need it to do, & haven't come across any glitches. So, have found it the perfect app (where I'm not wasting any of my time trying to understand how it works, waiting for it to respond, or have it do things incorrectly) 👏🫶👌",5,Positive,Positive,Positive,Positive,Positive
3193ec46-cf08-42ae-b537-d6b512f26a18,Barclays,easy to use,4,Positive,Positive,Positive,Positive,Positive
00afe136-ceba-44f8-993d-4815d3329f2f,Barclays,the best bank!!!!!!!!!!!!,5,Positive,Positive,Positive,Positive,Positive
f35a6c53-b707-49eb-bc08-35f7a875b5f7,Barclays,"Editing my review from 2023, gave it 5 stars then, now in 2026, still 5 stars. Never had any issues. A very handy day to day tool.",5,Positive,Neutral,Positive,Positive,Positive
d073b83e-3278-4ff6-af45-b5141ab4b59a,Barclays,"Uncomplicated and very easy to use,very good, would recommend.Great app.👍🫱🙌",5,Positive,Positive,Positive,Positive,Positive
c0f7e09b-1303-4fef-8c87-3b3bf54d9f45,Barclays,"Great App, essential and easy to use.",5,Positive,Positive,Positive,Positive,Positive
4de3f1c5-964e-4724-bd81-fc878bdc651c,Barclays,"quick and easy to use, i am very satisfied with this service",5,Positive,Positive,Positive,Positive,Positive
9fc6efc7-9174-45c6-9bd5-590abd355ea9,Barclays,where is my welcome phrase gone???,1,Negative,Positive,Negative,Positive,Negative
19d69faa-63a4-4c84-a28c-dde48490642b,Barclays,"The app will no longer open. I have tried uninstalling and reinstalling but it still will not work. The error message gave no indication of what the issue is, and even that no longer comes up now.",1,Negative,Negative,Negative,Negative,Negative
43fcde9a-aead-4976-a1a9-8e9fe2fdbb26,Barclays,"chat msg never works, i can never msg customer services via the app, always says this service isnt available right now",1,Negative,Neutral,Negative,Negative,Negative
f8938b31-c652-437e-94d7-2c829f3b2722,Barclays,"the app could be better by having a separate tab showing money coming in, and separate tab showing money going out.",4,Positive,Positive,Neutral,Positive,Neutral
1d80c740-0991-4d1d-88d8-c1511effa131,Barclays,quick and easy,5,Positive,Positive,Positive,Positive,Positive
f23de737-87d2-4b87-89a4-c0c3ee846b8e,Barclays,Trouble free banking. now i cant access my account,1,Negative,Positive,Negative,Negative,Negative
df771ae3-8e04-4d2b-8595-398f35141d3a,Barclays,very quick to transfer and exceptionally pleased with the safety fraud measures in place whereby I verify it's me. app does what it says and rarely presents any difficulties. - this is praise because I am 67 yrs old and able to manage the app well.,5,Positive,Positive,Positive,Positive,Positive
40ef64c6-d366-48f3-a18d-843d01cabf3b,Barclays,Easy to use,5,Positive,Positive,Positive,Positive,Positive
6460b7fc-8eb4-4a89-b0c6-039ad074a96c,Barclays,very useful app,4,Positive,Positive,Positive,Positive,Positive
dd513a23-baf0-4a6d-ba0c-3a7214a5ae95,Barclays,"As other app users have stated, the welcome message no longer appears on the login screen. This was a great security feature. Not sure why it's been taken away. I feel uneasy using the app now - please reinstate/fix it ASAP! Thank you",1,Negative,Positive,Negative,Negative,Negative
3dc01b53-ca32-43d7-b2c0-3e0ca2728142,Barclays,easy to use,5,Positive,Positive,Positive,Positive,Positive
6e02f8d0-34ad-4c85-bc41-9495d9ea1853,Barclays,"works well, and pretty easy to use.",5,Positive,Positive,Positive,Positive,Positive
841e20c9-1e5f-4e23-834f-e4f56639f764,Barclays,"generally okay but drawbacks . help function is a joke. especially when you ask a question; you are better off using AI for questions. . if you post date a payment you can't then find or manage it. . to view documents you must got to your profile, however for me a screen comes up telling my to verify my details and there is no confirm button so i can't get off that screen to view my documents.",3,Neutral,Positive,Negative,Negative,Neutral
e9e7b35e-98b4-4c31-94bd-0a68f69bc55f,Barclays,Great service,5,Positive,Positive,Positive,Positive,Positive
998294c4-76e2-4d18-b88d-3711e5d76b26,Barclays,Out of this world.,5,Positive,Neutral,Positive,Positive,Positive
cc9ecb89-f948-4555-a5c8-dfd7e70fc6b0,Barclays,Easy to work,5,Positive,Positive,Positive,Positive,Positive
76195a32-7187-413b-ba75-005f96aca50e,Barclays,essy to use,5,Positive,Neutral,Neutral,Positive,Positive
5d9010ba-a354-4f0a-9506-cad229c1f7a7,Barclays,memorable word missing from the passcode page since the new update. A feature literally in place to stop fake apps spoofing people. please fix ASAP!!,1,Negative,Negative,Negative,Negative,Negative
aac97021-6308-46f5-89ba-949e01a1c331,Barclays,Easy to use.,5,Positive,Positive,Positive,Positive,Positive
99031e57-85a1-4477-9d87-3ee952f72d08,Barclays,"I a new customer and ive had so much trouble with this app! First, I couldn't get into it and now I can't click on anything as I keep getting error messages. I can't do a balance transfer as it keeps coming up with different error messages. I can't register for online banking or do online banking as it won't let new customers register. So much stress, just want to cancel my card and get a different one with am app that works.",1,Negative,Negative,Negative,Negative,Negative
c770803c-27a5-462c-9fea-1e289c9e7510,Barclays,"Great app. I always manage to find what I need easily. I've used the online chat service through the app, and it's always been great. Update: Still very happy with the app. It's easy to use and I've never had any problems with it. Update 2: I always get plenty of notice if the service is going to be down for any reason. Update 3: Still happy with the app. The only downside is that they keep asking me to rate it and I'm getting annoyed! Update 4: still annoyed about being asked to rate the app!",5,Positive,Positive,Positive,Negative,Positive
c7b9d6c2-ddf1-468a-9e10-d20a864c83c7,Barclays,good and easy to use,5,Positive,Positive,Positive,Positive,Positive
0b38560a-c32f-4d4e-b2d8-f1e3e554cd3d,Barclays,"Easy enough to use but have an error message every day saying that they cant load everything on the page right now. This has been ongoing for months, I've cleared cache, cleared data, deleted app and downloaded again. Still gives the error !",3,Neutral,Negative,Negative,Negative,Negative
9298a393-22bc-4f7d-b0ad-f6dcfe07e090,Barclays,Trouble with app,5,Positive,Negative,Negative,Positive,Negative
e7e43e47-9164-4a90-bc05-2369f4160442,Barclays,Never any issues.,5,Positive,Neutral,Neutral,Positive,Positive
c0d4cfd6-8e0d-4431-a771-b2846713ad9f,Barclays,brilliant,5,Positive,Positive,Positive,Positive,Positive
d7a04cf8-419e-4d41-969d-bc517d86dfa0,Barclays,very user friendly,5,Positive,Positive,Positive,Positive,Positive
c24e14d0-15fd-4b19-9fab-8be01a4affff,Barclays,highly compact' app. the disputes team was indeed very responsive. Useful contact info even if your don't use google tool,5,Positive,Positive,Positive,Positive,Positive
d3e45f1b-1b60-4a5f-962f-7e443ed56aab,Barclays,"I believe, if its not broken don't fix it. it's hard for the over 80s to use things that have been changed, preferred the old layout.",3,Neutral,Positive,Negative,Negative,Negative
7840849f-bf6d-4270-839b-bbeb2e451971,Barclays,easy to use and safe.,5,Positive,Positive,Positive,Positive,Positive
a6139cd1-7488-48f1-8d14-7294e0da27b8,Barclays,"Ok for transferring money, checking balance etc, but absolutely useless for contactless purposes. Unacceptable in 2021.",1,Negative,Negative,Negative,Negative,Negative
8954df96-07be-4320-900f-b9c00895b2fc,Barclays,"Always very efficient, best app ever. i love it!",5,Positive,Positive,Positive,Positive,Positive
b04e936d-75c7-4f63-96c4-8f6d8117bb11,Barclays,too slow to open barclays app,1,Negative,Neutral,Negative,Negative,Negative
b3b4ad03-4ad4-4f7f-841d-a2acc6077917,Barclays,for me is saving time.,5,Positive,Neutral,Positive,Positive,Positive
08f67e00-4394-4344-a318-008c7444a756,Barclays,Not too bad at the moment but took two visits to Barclays before understood.,5,Positive,Positive,Neutral,Negative,Positive
85817705-06bd-49e2-ba91-f1937c56f50b,Barclays,quite used to app now reasonably easy quite happy with it😀,5,Positive,Positive,Positive,Positive,Positive
0d366d79-b475-412d-8d00-2eb667d0ec1f,Barclays,"i like my Barclays app i definately can't do without it, thank you",5,Positive,Positive,Positive,Positive,Positive
790ce304-4058-4bd9-a6ea-ba1187dc8a3e,Barclays,Amazing and faster,5,Positive,Positive,Positive,Positive,Positive
93d8ae88-e98d-4650-aecd-908d9d9fcecd,Barclays,the message system is very helpful and the assistance feels personalised rather than a standard approach. thank you,5,Positive,Positive,Positive,Positive,Positive
235eea21-2f7b-47c9-bdfe-5176efe58e70,Barclays,All efficient,5,Positive,Positive,Positive,Positive,Positive
4303b516-8b0c-447c-9308-0e83fe6abf02,Barclays,excellent as always 👌,5,Positive,Positive,Positive,Positive,Positive
63bdf755-1fc7-4eaf-8d70-6f18d9d2a5cc,Barclays,"So simple to use. Everything is to hand and self explanatory! ! Plus new in app, shows where you are spending your money. Brilliant",5,Positive,Positive,Positive,Positive,Positive
952fdabe-82dc-4a74-971f-0d5f14982739,Barclays,still works 👍🏼,5,Positive,Neutral,Positive,Positive,Positive
0b990aed-abdc-4aec-a554-d10bafa65537,Barclays,"easy to use, from a technophobic!",5,Positive,Positive,Neutral,Positive,Positive
44222eaa-01f6-43ae-ab94-ade6c2dc1c80,Barclays,every payment you try to make flags as a scam and it tries to make you stop the transaction which barclays have just confirmed that the account name matches the account number,2,Negative,Negative,Negative,Negative,Negative
9a33dfe1-2fda-4f2d-b631-06e293968a1a,Barclays,"Love it Easy to use, secure access, friendly user face and if you need help there's straight access to an advisor in a chat or call. You don't need to remember a ton of different numbers if you contact them through the app either, which is a great stressless feature especially for those like myself who can't remember numbers and have issues talking on phones. Been with this bank since 1995. I'm a very happy customer.",5,Positive,Positive,Positive,Positive,Positive
95068b74-fa9b-4911-91d9-7ae9daeb03b0,Barclays,cant view cards. cleared cache. re installed. re set phone. so frustrating,1,Negative,Negative,Negative,Negative,Negative
8d8dbdb9-ac2d-4ee3-880f-6dc5ccaa2135,Barclays,Great app very simple to use.,5,Positive,Positive,Positive,Positive,Positive
7a761aa7-83bb-4c1f-812a-71de374ba16a,Barclays,brilliant,5,Positive,Positive,Positive,Positive,Positive
490f3893-37ea-4f26-a20c-fde1b9d4482b,Barclays,works great. Used it for years no problems,5,Positive,Positive,Positive,Positive,Positive
cba339e4-c598-4a09-a229-5bf58f44ec63,Barclays,Excellent. An example of how a good banking app should work.,5,Positive,Positive,Positive,Positive,Positive
a890db30-2de2-49bd-8452-1bca359f652d,Barclays,easy to use,4,Positive,Positive,Positive,Positive,Positive
ab983fae-4e87-4b86-b231-2ad86ad584c9,Barclays,Easy swift and reassuring,5,Positive,Positive,Positive,Positive,Positive
4a8da377-86e4-4c57-959a-0dafcbbf482a,Barclays,"I use half a dozen different banking apps, and this is the best of them. 2026 update. Still working well",5,Positive,Positive,Positive,Negative,Positive
31757099-45f8-4e3e-93af-285cc8cde6bc,Barclays,Quick and efficient service overall,5,Positive,Positive,Positive,Positive,Positive
a6c2d4df-8cb5-49ed-82b2-adf322d82ca7,Barclays,Best,5,Positive,Positive,Positive,Positive,Positive
cf00b8af-43ba-4377-95d8-68a7db34f2dd,Barclays,"I can do everything I need to do on this app,very reliable.",5,Positive,Neutral,Positive,Positive,Positive
9540edb2-24c1-4d5c-a0b1-ef4291a44611,Barclays,"Pretty user friendly and useful, but seems a little flakey on the authorisation side",4,Positive,Positive,Neutral,Positive,Positive
fa2f010b-46c9-4630-9e08-8c337c4c4507,Barclays,so easy and simple to use,5,Positive,Positive,Positive,Positive,Positive
2a4c0b30-2c46-4d29-9f9e-b226dd05ef0b,Barclays,"Does not work , frustrating waste of time",1,Negative,Positive,Negative,Negative,Negative
6b52a1e6-41cb-4757-a772-d8b1a128c7ce,Barclays,rather tiresome but I managed with help.,4,Positive,Positive,Neutral,Positive,Positive
f747adc5-c8e8-41ef-9665-02f20f143200,Barclays,so far so good,5,Positive,Positive,Positive,Positive,Positive
92735b7e-f0ab-4ea2-a535-c8cf1c2bd964,Barclays,works as expected,5,Positive,Neutral,Neutral,Positive,Positive
f4bfd1b7-6c40-4cac-b2db-7d76f5cbe038,Barclays,Generally good app,5,Positive,Positive,Positive,Positive,Positive
01413dde-4824-40a3-9e99-94d99ae43a9b,Barclays,easy to get,5,Positive,Positive,Neutral,Positive,Positive
45d1c1aa-3465-4037-90a8-ba04911cdf85,Barclays,Easy to use.,5,Positive,Positive,Positive,Positive,Positive
5792dcf1-0d9b-4fac-a2ce-9913e7c579cf,Barclays,The site is very easy to use and the information is relevant and accessible.,5,Positive,Positive,Positive,Positive,Positive
e2aa1e93-99aa-4609-b2b3-0e881149cb83,Barclays,slow working,2,Negative,Neutral,Neutral,Negative,Neutral
93af2415-af79-4f17-b6f4-9c7804213d66,Barclays,easy to send money for children's birthdays etc,5,Positive,Positive,Neutral,Positive,Positive
690722fa-6320-4c58-81b4-d5bded203f21,Barclays,This app makes it easy to pay bills and transfer money. I like that there are security questions in place to help you identify scams.,5,Positive,Positive,Positive,Positive,Positive
df5986a3-5ee0-42f3-aa11-ddef30916d25,Barclays,easy quick,5,Positive,Positive,Positive,Positive,Positive
214d6e5b-ec0b-47e6-a433-9e1ab766d888,Barclays,Very easy to use and navigate,4,Positive,Positive,Positive,Positive,Positive
9dd91f0a-613b-43eb-80a1-8e289c293810,Barclays,Excellent,5,Positive,Positive,Positive,Positive,Positive
0bafeee0-6845-40b1-91d6-7397f96a7ca2,Barclays,nice,5,Positive,Positive,Positive,Positive,Positive
24eec9d7-7869-48a7-8e52-c64a7e259717,Barclays,very convenient,5,Positive,Neutral,Positive,Positive,Positive
0f1a6a1e-51a7-4e74-82d5-2b15f250937e,Barclays,The v2.4 update of 2019-09-13 now works on Android 10 where the previous v1.96 did not. Well done guys. The v3.11.0 update of 2025-05-22 is good on Android 15. The v8.21.0 update of 2026-03-26 is good on Android 16. The app is functional and easy to use and secure.,5,Positive,Positive,Positive,Positive,Positive
c082d2f8-4854-48da-8947-a7c868d37647,Barclays,Easy to use,5,Positive,Positive,Positive,Positive,Positive
d60fd9cf-e778-4c08-96ca-2ad5a0684db7,Barclays,very easy to open and to use,5,Positive,Positive,Positive,Positive,Positive
b0ee0a07-2338-4961-87e5-96191a144775,Barclays,Brilliant,5,Positive,Positive,Positive,Positive,Positive
28a589e0-2054-481c-ab68-50cd60820806,Barclays,"UI/UX is not good, missing information that should be easily found, like interest rate of accounts. Cannot get single transaction proof of payment",3,Neutral,Positive,Negative,Positive,Negative
124bb13d-1798-413a-8492-57f9e979656f,Barclays,"so easy to use, excellent service as always",5,Positive,Positive,Positive,Positive,Positive
c7aeecbe-6109-4a3f-b6ce-f46a39d2d989,Barclays,easy to use,5,Positive,Positive,Positive,Positive,Positive
542daab9-1fda-4ddc-affa-d5d4b5fe8fd6,Barclays,very easy to use,5,Positive,Positive,Positive,Positive,Positive
728698d0-d031-4eef-b666-aa008195c059,Barclays,excellent,5,Positive,Positive,Positive,Positive,Positive
934a1d24-2fbf-4f21-82fc-60d002d5da15,Barclays,"This application is exceptional. It performs flawlessly, and I find no further enhancements necessary. I stand by my previous assessment; the application is outstanding.",5,Positive,Positive,Positive,Positive,Positive
681fa5d6-c776-43d7-9893-3aae09ef9325,Barclays,very happy that I bank with Barclays,5,Positive,Positive,Positive,Positive,Positive
cfa115ee-34f4-4d5d-9b32-cdcbcf201616,Barclays,"I'm able to do what I need most of the time but finding the right area from the menus is not very intuitive except to someone who works for Barclays, it needs to be more user friendly. searching for payments is a real pain sometimes.",4,Positive,Positive,Negative,Positive,Positive
b91ea995-a72a-476c-81b2-1031f5e21a6a,Barclays,it took me some time as not good with mobiles. but now I have I'm more confident.,5,Positive,Positive,Positive,Positive,Positive
95b6d5b4-6cd9-42be-9870-c4e0d32669a9,Barclays,easy to use,4,Positive,Positive,Positive,Positive,Positive
16561410-0b23-4a21-b0ef-f6992dd049f1,Barclays,Easy to use,5,Positive,Positive,Positive,Positive,Positive
9f735452-3219-4f76-9a6e-a8bac8214c8d,Barclays,efficient,5,Positive,Positive,Positive,Positive,Positive
16901272-01a0-4777-ae76-e7a4d424de02,Barclays,very easy to use the app... don't use the pinsentry it's a pain,4,Positive,Neutral,Neutral,Positive,Positive
dba0105d-53d5-418f-a849-1d7e2daa0c7a,Barclays,helpful and easy to manage,5,Positive,Positive,Positive,Positive,Positive
7522a967-bd4e-4092-985a-033085bb7029,Barclays,tried to make an account on mulitple occasions the app does not work at all,1,Negative,Neutral,Negative,Positive,Negative
1b14d8ec-3fd2-4950-bb7a-678a146424e3,Barclays,Simple to navigate around and works well for everything I need it for.,5,Positive,Positive,Positive,Positive,Positive
e6281c6c-9c48-46ea-a14c-8d285ce55474,Barclays,user friendly,5,Positive,Positive,Neutral,Positive,Positive
6a113f63-4a00-4f3f-ae2e-02ab4d8147b1,Barclays,"Prompt, always on point, protective and efficient",5,Positive,Positive,Positive,Positive,Positive
6387558c-5061-49c4-926d-ca524e8b3942,Barclays,Fairly easy to use.,4,Positive,Positive,Positive,Positive,Positive
9b601109-8aac-4d5c-b01c-12c78e86586d,Barclays,can't set up travel wallet and still waiting for a joint account to be set up,1,Negative,Neutral,Negative,Positive,Negative
4647edcf-55b8-424b-afac-30025ca4cfdc,Barclays,all have good experiences,5,Positive,Positive,Positive,Positive,Positive
a26a91e3-d5d3-49e1-953b-b6e4bb416779,Barclays,on bank transfers for the reference you can only use numbers as and NO letters. You can't bank transfer references like this e.g ABC 123.,3,Neutral,Negative,Neutral,Positive,Negative
1e79daeb-f563-4b14-b785-69a6366f1655,Barclays,needs more work not showing cards now,2,Negative,Neutral,Negative,Positive,Neutral
081a16f9-777a-4534-aba1-a5083032ac06,Barclays,frequently wont run on my mobile and impossible to move banking app to a new phone. Too many hurdles and never succeed to move the app to my new phone so moving bank completely,2,Negative,Negative,Negative,Negative,Negative
d7203e85-e057-4702-80f8-656697c0c472,Barclays,Still love this app. Have been using for 9 years now.,5,Positive,Positive,Positive,Positive,Positive
89316730-968e-4e4a-81b5-e8b3c3096a61,Barclays,very easy to use,5,Positive,Positive,Positive,Positive,Positive
e8c132b0-98da-4858-ac67-152aba665f2f,Barclays,Excellent on all levels. Thank you Barclays,5,Positive,Positive,Positive,Positive,Positive
7df8b40a-56ae-474c-bda4-644f8641a4ad,Barclays,everything is detailed and easy to follow,5,Positive,Positive,Positive,Positive,Positive
217479cb-83d4-41ba-a88f-25b29544e95f,Barclays,"cannot set up payee, when app set up and cannot access app pinsentry to set up on line. Rather frustrating.",1,Negative,Negative,Negative,Negative,Negative
cb883241-de61-486d-97f1-3adcd45f5067,Barclays,very happy,5,Positive,Positive,Positive,Positive,Positive
b8760614-7bfa-43ad-b39b-6105692d06a8,Barclays,"It works like it's s'posed to. I wouldn't mind so much but I'm still as abso-bloody skint as a bint on dustbin day - otherwise 6 stars. At least... I can see exactly just how skint I am and how I'm personally responsible for my own financial despair. And because the security is so tight, I'm in complete control of every bad decision I make with my own money - which is definitely a good thing! :D",5,Positive,Positive,Positive,Positive,Positive
d4ce185c-67f6-44c5-af73-243c703f1d84,Barclays,very good service,5,Positive,Positive,Positive,Positive,Positive
592aace0-edd6-4cd2-97d3-cd4512e38a4c,Barclays,Well laid out and user friendly,5,Positive,Positive,Positive,Positive,Positive
2b954cae-4954-4c6a-902b-23553fda39a0,Barclays,has the capacity to be further improved,4,Positive,Positive,Neutral,Positive,Positive
7592424d-e3b3-41ad-981f-49f17fe21261,Barclays,practical useful app,5,Positive,Positive,Positive,Positive,Positive
13e6313b-cb04-4dbb-a54e-96b8047e4219,Barclays,"everything works, it's great. a few things you have to learn but relatively easy. love the notifications when they tell you were your is going.",5,Positive,Positive,Positive,Positive,Positive
6559801f-24bc-4b20-82e9-2b95b6b9fb01,Barclays,easy to use,5,Positive,Positive,Positive,Positive,Positive
f12354a7-7aa1-4eff-b405-9bd990461219,Barclays,pretty easy to use. Doesn't show one off payments in the list of future payments if you have just set them up.,4,Positive,Positive,Neutral,Positive,Positive
6f70deeb-b8e2-4982-9c0c-20261db417d7,Barclays,"The aap is the best thing for managing my transactions and anything i wanted to do in the bank. Initially i did not want to download the aap, fear of unknown due to computer illitrate. My generation did not know anything about the computer and needed the physical bank. I am enjoying the Aap abd if i have a problem i am able to contact the bank telephonically 👏",5,Positive,Positive,Positive,Positive,Positive
8c56dbb0-9496-4f5e-a6cb-d1959ad8468a,Barclays,i always use the app to check virtually every day and it always comes up brilliantly if I do get a problem I can ring and they try and sort it out immediately for me.,5,Positive,Positive,Positive,Positive,Positive
f4dc7694-4297-4581-9419-1d4ae6daec47,Barclays,"It's very easy to use, transfer money and can pay cheques in.",4,Positive,Positive,Positive,Positive,Positive
5aedd29b-bbb9-45e9-a31b-517b6517d339,Barclays,"I've banked with Barclays literally since birth, when my first current account was set up for me. The app has got worse and worse over the years compared to the other banks I use. But the state of the app now means next month I'm migrating to another bank. The final straw was removing the running daily balance. If I want to see what my balance was on any given day other than today - tough luck. All I want is to see what I had left on certain days of the month without getting the calculator out!",1,Negative,Positive,Negative,Negative,Negative
7bec524e-45d3-460d-bdef-9009afa4973f,Barclays,"Unable to use App or Pin Sentry despite the app stating that all services have been updated, checked and are allegedly working, well, what a lie! That's total rubbish. Unless this is sorted out soon and I am compensated, I am moving elsewhere!",2,Negative,Positive,Negative,Negative,Negative
5a76d9e2-ca71-4038-abb5-5f0c4a9e7491,Barclays,I find it easy to use this app,5,Positive,Positive,Positive,Positive,Positive
54b85c06-1051-4308-b44c-eed72f9a66a2,Barclays,to much of a pain,1,Negative,Negative,Negative,Positive,Negative
03250c84-44d2-45b1-851d-cf3d09d3df78,Barclays,Very easy to use. New additional security very effective,5,Positive,Positive,Positive,Positive,Positive
6fd423db-1165-4ca4-9b90-776662fac9ae,Barclays,perfect 👌🏿,5,Positive,Positive,Positive,Positive,Positive
cada3a81-3c9b-438a-b9a8-5a2e19aea556,Barclays,easy to use,5,Positive,Positive,Positive,Positive,Positive
b0db03cc-dc04-4e8f-9b04-af0d7e40b375,Barclays,Secure and laid out with customers in mind,5,Positive,Positive,Neutral,Positive,Positive
55571845-9d9b-4ad6-8fe5-340b0c927b4a,Barclays,Easy to use,5,Positive,Positive,Positive,Positive,Positive
47a2665e-013c-49ce-ab97-73fe36bf3526,Barclays,Excellent.,5,Positive,Positive,Positive,Positive,Positive
84c6a7a0-1c8d-47df-85e8-a2ff1db8a5a5,Barclays,Very quick to send money to myself.,5,Positive,Neutral,Neutral,Positive,Positive
f0b0c9c9-cc83-4693-91e3-dce86cc0d076,Barclays,Most of the time it's easy to use that's unless it's down for maintenance over a weekend!!,4,Positive,Positive,Positive,Positive,Positive
171edbc1-d8e2-4c0f-abeb-5346f7fb899b,Barclays,Thank you. I never had any problems with this app.,5,Positive,Positive,Positive,Positive,Positive
6c78dbfb-1b3f-4dd6-8f4f-8230ad3be4d9,Barclays,It's fast and serves me just fine,5,Positive,Positive,Positive,Positive,Positive
3ce37cbd-0ca9-4239-9aec-fac97e1e78b7,Barclays,"First class mobile app. Ticks all the boxes. Almost all transactions can take place online and when in doubt a Barclay's rep will walk-you-through-it while you are on the app. Efficient, serviceable system.",5,Positive,Positive,Positive,Positive,Positive
38150414-9baa-4bcb-b528-371a6cd8a38a,Barclays,it's good service and security,5,Positive,Positive,Positive,Positive,Positive
bbade007-4f3d-45bb-b53c-a3ab8acabd0d,Barclays,"A wonderful example of application fluidity. I really feel the people who developed this actually u9sed it and wanted to provide a genuine service. It's still a good app. The pay page is a bit busy, however. still great 👍",5,Positive,Positive,Positive,Positive,Positive
110d7a5f-cb9d-4351-be0f-4a8c023d8bcc,Barclays,Seamless and easy to use and navigate.,5,Positive,Positive,Positive,Positive,Positive
5743785a-1adb-43e4-ab18-64b49d79c1aa,Barclays,very easy to use,5,Positive,Positive,Positive,Positive,Positive
faac8d2e-113e-416c-88b8-c078e925c84d,Barclays,Some interactions with this app. seem more complicated than would appear necessary...,4,Positive,Neutral,Negative,Negative,Neutral
308c5238-19ba-4ad9-87ab-af0daa970dfd,Barclays,Thank you for your hellp,5,Positive,Positive,Positive,Positive,Positive
1ca506ef-80e2-47ab-b4d1-9bdadae67af7,Barclays,"app great for showing trans on account.but for last 2 yrs not showing past 1st wk of new month in regular payments calender.not helpful wen trying to see wots coming out of you ACC for the next mnth.told 2 yrs ago to try restarting my fone,well,all the updates n even new fone still doing it.please get it sorted.",2,Negative,Positive,Negative,Neutral,Negative
2a842d95-b319-4b7a-bf68-a7440be5a84e,Barclays,It cuts off the payee name so you cannot reuse trusted payees and have to reenter bank account details from scratch each time you need to make a payment,1,Negative,Negative,Negative,Positive,Negative
8ddda6f8-123f-49a0-93ec-bca77897c001,Barclays,excellent app,5,Positive,Positive,Positive,Positive,Positive
59bb36fa-6282-492f-9674-e05f433186c6,Barclays,can only update by deleting and lots of reregistration hassle,1,Negative,Neutral,Negative,Negative,Negative
c0cbdb85-669a-4034-be0c-af301851c938,Barclays,helpful once you get used to it.,5,Positive,Positive,Positive,Positive,Positive
40473a3c-518b-4cd3-a618-145ba813a831,Barclays,Great app. easy to use,5,Positive,Positive,Positive,Positive,Positive
426a4d39-64ea-4e95-8cc2-947246246244,Barclays,very good and sooo easy to use. recommend this.,5,Positive,Positive,Positive,Positive,Positive
e68c6481-c7fd-4eda-9054-84f93a9cb662,Barclays,Convenient,5,Positive,Neutral,Neutral,Positive,Positive
a14bfe63-25b8-484c-a954-e230017f67d9,Barclays,"Excellent and reliable apps, even at the most needed time.",5,Positive,Positive,Positive,Positive,Positive
57934806-f4bb-4c60-a5aa-40e44a746bba,Barclays,excellent fund management,5,Positive,Positive,Positive,Positive,Positive
ded114e7-fecc-4c3e-b205-ef27b1991483,Barclays,"The most basic banking app I've used, good luck getting ahold of customer service. Their ""Security Checks"" are pointless, over the top, and frustrating to get through. On top of that they have some of the worst interest rates on the market. I will be moving all my money out as soon as possible, I dread to think how much time and money I've wasted on this bank.",2,Negative,Negative,Negative,Negative,Negative
b2049447-8d6f-4835-a0a6-bc40dd9e038a,Barclays,very easy to use.,5,Positive,Positive,Positive,Positive,Positive
098b14b6-e68b-4e41-8390-093aeffa4d74,Barclays,"not a bad app but can definitely make some changes, and yes they are the obvious ones",4,Positive,Positive,Neutral,Negative,Positive
44c38ae3-3bd6-48e2-9f55-e0cf97c28de6,Barclays,"Slightly frustrating experience. I use this app regularly, usually without difficulty. Today, I wanted to make a payment to an account of someone I pay regularly from my 1 account. Today, I needed to pay from my 2 account. The system doesn't recognise any of my regular payees in my 2 account and I had to go through the whole registration process again.",4,Positive,Negative,Negative,Negative,Negative
0b4f5df6-38ff-48aa-8c93-07550fd4c0a5,Barclays,Good fast and easy,5,Positive,Positive,Positive,Positive,Positive
bb82bc08-0cf5-4092-8a38-c5ca3ba17b46,Barclays,This app is your personal Ai banker.,5,Positive,Neutral,Neutral,Positive,Positive
a6cbf5c1-ad97-4b11-a6a0-8e715d68c309,Barclays,everything good,3,Neutral,Positive,Positive,Positive,Positive
050291e8-472d-4537-9e0a-8bac0f2e5ee7,Barclays,the app not working not loading up,1,Negative,Neutral,Negative,Negative,Negative
4647b058-ca6a-4590-b29e-597a1ace176f,Barclays,Feel safe and confident.,5,Positive,Positive,Positive,Positive,Positive
62d856fc-5e0e-4651-bea3-0900a84c7f35,Barclays,Best bank app,5,Positive,Positive,Positive,Positive,Positive
e805acb0-116f-4f0c-abff-bc359abe93ba,Barclays,very safe and reliable used for years never had a problem,5,Positive,Positive,Positive,Positive,Positive
b1172c61-8043-4a1b-8825-2d29bab45896,Barclays,very easy to set up,5,Positive,Positive,Positive,Positive,Positive
00c5a44a-00bf-4f32-91d8-63d2a023c0ce,Barclays,User Experience is seamless. The app is well designed and responsive especially on critical banking transactions. Superb app indeed!,5,Positive,Positive,Positive,Positive,Positive
0d7c9120-c168-4e6b-813d-9efd7d9bb36e,Barclays,Rating update 5->1: GrapheneOS on a Pixel phone. The app works only when Secure App Spawning is disabled. Happy to bring back the 5 stars once that is fixed.,1,Negative,Positive,Neutral,Positive,Neutral
84e68651-7c37-404e-8851-53fd8fbb4721,Barclays,can't pay a cheque in on android version of the app,3,Neutral,Positive,Neutral,Negative,Negative
c02f32c1-3773-47cd-b02e-4c9641b36e04,Barclays,easy to use.,5,Positive,Positive,Positive,Positive,Positive
5274fbc5-5021-433e-9740-43a71b6324b1,Barclays,excellent app,5,Positive,Positive,Positive,Positive,Positive
0d9bdf26-9b00-4795-8ad8-448ba35bb731,Barclays,I'm absolutely annoyed and frustrated that only after having a new tablet for a few months the app is no longer compatible to work on it. The tablet has the latest Android 16 and Barclays app is the only one that no longer works! I have uninstalled the app as you advised and now I can't install it again. It says - this app in only available for your other devices! Thanks for a very un-helpful advice!,1,Negative,Negative,Negative,Negative,Negative
3d28ba53-6e1b-4379-81fb-13eaf6908bd6,Barclays,"Generally simple and reliable to use, but there are some issues. I was obliged to install the app as part of the account conditions, but some tasks cannot be carried out. Changing the date of a future payment is beyond the capability of the app. Trying to pay in a cheque is ridiculous. 'move the camera closer', and then it's 'cannot see the corners of the cheque'. Holding the camera steady isn't good enough. The image is only taken when the camera is moving!",4,Positive,Negative,Negative,Negative,Neutral
db0f92da-9935-49e8-bc12-dfcf4d0c68d3,Barclays,I got the older up of this. It was not as complicated as the new one. The old one was much easier to use. I do not trust this new app. Why doesn't need to know your relationship status. why does it need to know whether your property is unfurnished our furnished. And whether you rent or as your own home. This is a banking up to deal with money. it does not need to know anything to do with your private life. The only thing it needs to know whether you are male or female. Not your entire background,1,Negative,Neutral,Negative,Positive,Negative
222ccb7d-fa43-4d38-836a-9a64bee79f7d,Barclays,"Great, apart from one of my contacts to pay, won't let me pay by the telephone app. I have to pay it on my computer. It is to Efga, silverdale. it is in my to pay list but I have never been able to pay it.",5,Positive,Neutral,Negative,Positive,Negative
bf9d1748-0620-41dd-8807-f105b73a24bd,Barclays,Good app can do almost everything I need for day to day banking. I would like to see all future dated transactions and these added to the payment calendar,4,Positive,Positive,Positive,Positive,Positive
4b3020f4-2bd8-4306-88d3-652a6de6bc17,Barclays,Straightforward banking.,5,Positive,Neutral,Neutral,Positive,Positive
8849fab4-80cc-427a-b2e3-f6c79e9168bc,Barclays,completed very quickly.,5,Positive,Neutral,Positive,Positive,Positive
1d3def95-33a4-4a64-a079-bfb35f161b55,Barclays,all works perfectly,5,Positive,Positive,Positive,Positive,Positive
84992844-858e-4857-a5ce-12d67b43645d,Barclays,"waste of my time, booked online to switch to barclays and they advised me to install the app. ended up opening new account. why your stuff is so unhelpfull? closing account down for a matyer of principle now your ethic is poor",1,Negative,Negative,Negative,Negative,Negative
4d2eef6a-8a01-4991-8c4a-dbb6b6042fd4,Barclays,"I still can not freeze or manage my cards in the app. when selecting 'my cards', I am thrown out of the app. have made Barclays aware, but its been over a year now and still no fix No update is available for my samsung a71 phone. Last heard from Barclays on 25 feb 2026 saying they have no timeframe but are working on the issue. Was fixed in 2024 but failed again in 2025. Not going to risk buying a new phone if app is failing on android.",1,Negative,Negative,Negative,Negative,Negative
f4651301-a926-46b8-8b70-157dd8446f77,Barclays,its soo easy to use & it keeps you safe from scammers 👍,5,Positive,Positive,Positive,Positive,Positive
31aa5171-9de8-4a59-97ea-26b73a2397f0,Barclays,"Error message "" not suitable for this device"" I have a Samsung A9 tablet which has the very latest Android OS . so why is it unsuitable ? I can't get to my banking information now ! There is a sort of "" work around"" which Barclays do not mention here : you can download Barclay's Card app which does almost everything you need AND it works on Android / OU",1,Negative,Negative,Negative,Negative,Negative
e1aaeb12-5b66-4a6e-b924-d4693e025d51,Barclays,easy app,5,Positive,Positive,Positive,Positive,Positive
0392a08d-563e-4659-9aaf-f9bab3b79d32,Barclays,great mobile app thats had been well thought out.,5,Positive,Positive,Positive,Positive,Positive
29dfe1d3-5aa5-4b1e-845b-231b4250fbdf,Barclays,very seamless to use. I like it,5,Positive,Positive,Positive,Positive,Positive
55300314-2fb9-4494-af09-0a4ed4574da2,Barclays,easy to transfer money from one account to another ....good to see at a glance what is in each account ..easy to set up new account or apply for credit card.,5,Positive,Positive,Positive,Positive,Positive
12bd48c7-eed9-42bf-a441-a187eaa0607b,Barclays,East to use.,5,Positive,Neutral,Neutral,Positive,Positive
f3d17cb0-a9be-4198-ba92-22f91f62f699,Barclays,does not work on graphene os,1,Negative,Neutral,Negative,Positive,Negative
46a6794d-6e07-492b-8dda-c5bf9a5fe46e,Barclays,"easy, straightforward and intuitive to use",5,Positive,Positive,Positive,Positive,Positive
75e29254-e952-4e77-b56f-ed54be7adf51,Barclays,Simple and easy to use. No problems with the app whatsoever.,5,Positive,Negative,Positive,Positive,Positive
d31e16ea-5ceb-4098-8196-f03f74c7ec0a,Barclays,Does everything I need.,5,Positive,Neutral,Positive,Positive,Positive
1728ec68-fbf3-454c-8852-0fa83bd4e74a,Barclays,Generally works as expected and is very convenient.,5,Positive,Neutral,Positive,Positive,Positive
45316d0b-f9d0-45be-a7fd-85b5e33d30a0,Barclays,works well.,5,Positive,Positive,Positive,Positive,Positive
3509986a-d07f-448e-bfba-8cb083ada0ab,Barclays,"I keep getting an error code of 00002 gateway response, have been in touch with the bank and they can't help , ive uninstalled the app, and reinstalled the app so many times its unreal , if I could give a zero I would",1,Negative,Negative,Negative,Negative,Negative
5be6fe03-d2fc-4e32-bd16-870d0ef4a696,Barclays,"Swift and updated app, easy to maneuver and do things!",5,Positive,Positive,Positive,Positive,Positive
b4653b06-25d8-4e8b-b9be-81f8a796126c,Barclays,first and trusted,5,Positive,Positive,Positive,Positive,Positive
be0cb25c-25f7-4fec-94ff-5ca03c4ff455,Barclays,Lot of problems trying to get the app,3,Neutral,Negative,Negative,Positive,Negative
3cef9882-9ab1-4c94-abb1-defecfaa65dc,Barclays,easy to use,5,Positive,Positive,Positive,Positive,Positive
77e27974-ba32-45e5-9292-fd41ad2e5533,Barclays,safe use the online bank and great customer service.,5,Positive,Positive,Positive,Positive,Positive
82b11cef-d591-4f2e-8240-fa62c94b9ea6,Barclays,"Very seldom have any problems, generally excellent as always, continually good service, further to last update, still excellent service given. still continue to have very high standard, after many years now worth Barclays, I have never been dissatisfied, after 20 years with them",5,Positive,Positive,Positive,Positive,Positive
c99f55f9-7195-44e0-a8b4-6df35eebbc22,Barclays,super nice app,5,Positive,Positive,Positive,Positive,Positive
c6c68b3d-82c0-46dd-8e43-3d1085b28f89,Barclays,ease of use great app,5,Positive,Positive,Positive,Positive,Positive
0cff78b3-7614-433d-aabb-0791ea22298f,Barclays,Thank you very much,5,Positive,Positive,Positive,Positive,Positive
c63453ef-d427-4e73-9f94-e7add38d3eaf,Barclays,excellent 👍,4,Positive,Positive,Positive,Positive,Positive
7c5c6c05-93e0-4898-b60a-72831ece0f16,Barclays,first rate excellent,5,Positive,Positive,Positive,Positive,Positive
09ddf150-a023-4101-9c32-86f2887f19ba,Barclays,very helpful !,3,Neutral,Positive,Positive,Positive,Positive
87b75553-878a-471c-997b-9fe8d9a40bfb,Barclays,really easy to use and it asked you to rate it AFTER transaction so it's very kind that way,5,Positive,Positive,Positive,Positive,Positive
40c31b3d-b49c-4bda-86a5-b3c7fc2804b0,Barclays,Fantastic app,5,Positive,Positive,Positive,Positive,Positive
0f43d2af-c6a2-4ea5-a741-c877d7613a66,Barclays,"It does the basics, but I wish it was easier to see what was coming out in the month ahead and how much in total. At the moment I have to look through the calendar and add it all up, but not all the payments due out are in the app calendar.",3,Neutral,Positive,Neutral,Neutral,Positive
97b2b88b-845d-4d98-93df-11b7b394ed39,Barclays,since the update i can't use the app it keeps coming up 0002 gateway not very happy,2,Negative,Negative,Negative,Negative,Negative
f69cbcf2-d442-4165-923a-0946bcb30c2d,Barclays,the best,5,Positive,Positive,Positive,Positive,Positive
8a8b96c4-edad-4142-8cdd-5fdfda96e91b,Barclays,"Always works well, been using it for ages!",5,Positive,Positive,Positive,Positive,Positive
2ad6d417-03dd-4add-a92e-e277ea28d5e0,Barclays,"Aye, it's still Canny but absolutely useless for paying Cheques in. Can no longer go to my local branch as it has closed. At least I tried my best to keep it open.",5,Positive,Neutral,Negative,Negative,Negative
49e89474-a8a0-4bea-9e54-8a76f7bc0f6e,Barclays,user-friendly app,5,Positive,Neutral,Positive,Positive,Positive
e67a25b1-c8d4-4a8b-9177-e360d0db8399,Barclays,good easy to use,5,Positive,Positive,Positive,Positive,Positive
7a15035e-60ac-4d4c-be29-a091c9729a2e,Barclays,this app has been great and barclays has always been good for me,5,Positive,Positive,Positive,Positive,Positive
89f1fd84-ab1e-41e5-8d97-e5abee78f5e9,Barclays,"Easy to use, quick to access and can do most things so it gets a👍",5,Positive,Positive,Positive,Positive,Positive
9610b5f9-1cce-43f0-8586-184458b9e8a8,Barclays,Very easy to use. Efficient . .Brilliant!,5,Positive,Positive,Positive,Positive,Positive
74fa76e6-79eb-438b-9c7b-3d2194e8dab2,Barclays,"annoying when all i need is a transaction, but asking to download or update, plain inconvenience.",1,Negative,Negative,Negative,Negative,Negative
10d3406f-8e24-42c7-bc55-4c49bfd385d0,Barclays,easy to use,5,Positive,Positive,Positive,Positive,Positive
a20d1411-b48c-4934-baf4-c69776c24b72,Barclays,Never had any problem with this app And always felt safe using it,5,Positive,Positive,Positive,Positive,Positive
25cdf932-247b-4cc5-9bb7-497202026c1f,Barclays,Fantastic,5,Positive,Positive,Positive,Positive,Positive
d222c54f-874a-471e-b3b8-2af8e70934ed,Barclays,"Nice, easy to use banking app",5,Positive,Positive,Positive,Positive,Positive
d9cd5fa7-a2f4-419d-8863-65fdaf97a1f7,Barclays,"Not good. I just got a new credit card, pin should be in the app, but isn't. works for my partner, but not there on mine, no update available.",2,Negative,Negative,Negative,Negative,Negative
6698984a-7b82-4a0c-b020-fb4c5e06d437,Barclays,Great and very impactful,5,Positive,Positive,Positive,Positive,Positive
405d7df5-9904-4b63-85e6-cc72167ef7dd,Barclays,easy to use,5,Positive,Positive,Positive,Positive,Positive
13b7194d-9c36-4dd3-83ba-4eb8de31e11f,Barclays,very quick service,5,Positive,Neutral,Positive,Positive,Positive
9d310455-34ee-45b0-86f6-76fe05c21ed9,Barclays,"in general, Barclays are the most difficult bank to solve technical issues with or get clear concise answers from.",2,Negative,Positive,Negative,Negative,Negative
57a7bea5-19a5-4d2d-b56a-c177ae9a133e,Barclays,very efficient and usually intuitive. It's all there when I look for it,5,Positive,Positive,Positive,Positive,Positive
2395fa9b-9564-4eac-bea7-bec03376d5d8,Barclays,"Several days saying that the app wasn't working, therefore I have been unable to make a payment. If you are closing banks and not providing Banking Hubs then how can people outside large towns and cities access their accounts. Your system needs to be much more efficient.",2,Negative,Positive,Negative,Negative,Negative
aaa17ee8-0fc4-427f-be5e-ad07fe181426,Barclays,"simple process, so happy I have moved to Barclays",5,Positive,Positive,Positive,Positive,Positive
62dfa81e-ef15-4ef1-ac2c-70a5fdcdd983,Barclays,Easy to use.instant control.saves a lot of hassle ✨ love it.. 5*****,5,Positive,Positive,Positive,Positive,Positive
c765c93f-30fb-46b8-8350-a19585e924b5,Barclays,easy to use,5,Positive,Positive,Positive,Positive,Positive
11ad4c91-51a2-4d5d-94e3-4b10436d2ec3,Barclays,Very happy with Barclays app. User friendly. All what you really need! simplicity.,5,Positive,Positive,Positive,Positive,Positive
8ef42cf5-8bde-4c98-8e25-aca46b894fba,Barclays,easy to use and fast,4,Positive,Positive,Positive,Positive,Positive
bc4064fa-1bee-40a5-9d08-1f1d3bb582dc,Barclays,simple quick and efficient. Excellent why can't all apps be like this.,5,Positive,Positive,Positive,Positive,Positive
744ff0f7-06b9-4488-a927-f26b14fee18d,Barclays,Very vood,5,Positive,Neutral,Neutral,Positive,Positive
daa781f2-8d70-462a-be54-d97bf51817f2,Barclays,very good and easy to use,5,Positive,Positive,Positive,Positive,Positive
5d86bc40-1734-46aa-92ea-d57786013349,Barclays,Good fast and usefull,5,Positive,Positive,Positive,Positive,Positive
815b7ec6-1f7a-4587-87ef-a12331c8a318,Barclays,fab,5,Positive,Positive,Positive,Positive,Positive
0fcebcac-5ef2-46a7-bc3d-91e454d8cf9e,Barclays,"Well done. This newer version is brilliant. It is very much improved. And again, congratulations on being voted the safest banking app in the UK.",5,Positive,Positive,Positive,Positive,Positive
75b6c7b5-5e90-4803-9bce-d1239aff0990,Barclays,i have always deeply appreciated this app.,5,Positive,Positive,Positive,Positive,Positive
dc3936b3-2a3c-4e8d-bd95-edbfae4a1bf0,Barclays,has been fault free for over a year now.....disregard the following it's no longer applicable. Some new updates within the app are causing the app to hang crash app was stable no APK change since aug 18 so the updates causing the issue are your end I guess Simple you cannot use Google wallet with Barclays,5,Positive,Negative,Negative,Negative,Negative
22357e88-228a-4a73-8210-16892090eb08,Barclays,"The app is great overall and it was easy to set up. However it is a bit glitchy when I try to make a payment on a loan/partner finance agreement. My main bank requires me to approve the purchase in a different app, but when I swap to said app, the barclays one closes.",3,Neutral,Positive,Positive,Positive,Positive
6fd6bb9f-b5fe-40e3-9ad9-003da400140d,Barclays,downloaded the new app now it won't work. really annoying.,1,Negative,Positive,Negative,Negative,Negative
d44c0888-4860-4e81-b319-fde1340e6a74,Barclays,very poor took pictures of my license 4 times and it still couldnt verify my identity very poor app so wont be opening an account,2,Negative,Negative,Negative,Negative,Negative
28d5b461-dc62-4b5c-8c6f-693b7b45b6ae,Barclays,very effective and easy to navigate,5,Positive,Positive,Positive,Positive,Positive
3b76bb46-f30d-4eeb-b5fd-c54d4c395ad9,Barclays,"superb app , and like how I get warned to check if some request aren't bogus",5,Positive,Positive,Positive,Positive,Positive
b1e83b13-47c5-4b59-a115-d619b68e44c3,Barclays,its so easy to use. Brilliant for people who have little technological skills.,5,Positive,Positive,Positive,Positive,Positive
a5359b22-9750-4974-96f0-79a9d9b06f55,Barclays,"Very good, easy to understand app",5,Positive,Positive,Positive,Positive,Positive
6163e969-0c33-4454-a69b-52d59763a4ef,Barclays,not bad,4,Positive,Positive,Neutral,Positive,Positive
e579f26e-70a1-494b-a154-74b058c909de,Barclays,Easy to use,5,Positive,Positive,Positive,Positive,Positive
d8beb70a-359c-44a3-9bd9-94d0cf75c081,Barclays,"26/4/26-Simple and Still amazing. It's so time saving. Still my number one financial app. No need to visit the bank anymore.I am making my money work so much harder. The map location where various debit payments have taken place, helps to reassure you that the payments are legitimate. Keep up the great innovation work.Truly 21st century banking.Great to see all my accounts at a glance.Used side by side with a budget manager and spreadsheet makes money management very easy and intuitive.Excellent",5,Positive,Positive,Positive,Positive,Positive
3e9e95c2-bc8b-474a-acf1-0fbdd4dd6a0f,Barclays,"Very efficient, functional and easy going banking app. Try not to change it too much in future!",5,Positive,Positive,Positive,Positive,Positive
0219f2b3-3590-4a9f-b785-517b643de28f,Barclays,easy to use,5,Positive,Positive,Positive,Positive,Positive
e0e89309-004d-4163-b64f-bdba07309458,Barclays,easy to use,5,Positive,Positive,Positive,Positive,Positive
bba0c39b-34d7-4e3b-bc0c-5010d351f363,Barclays,Absolutely smooth and seamless. I love the app layout. Highly dependable.,5,Positive,Positive,Positive,Positive,Positive
a715482e-d556-4ad1-bc59-fe045d3b0313,Barclays,Really easy to use and very efficient,5,Positive,Positive,Positive,Positive,Positive
4ea95129-8356-43ba-89df-170400dbee1e,Barclays,"Very good app, can do all I want and it's all secure. Have used for a long time.",5,Positive,Positive,Positive,Positive,Positive
3904d6b9-a35d-4b83-a028-457933e63274,Barclays,Excellent Banking App,5,Positive,Positive,Positive,Positive,Positive
b27f6bb4-4033-4bc1-b83d-41c8a20d1b84,Barclays,so easy to use,5,Positive,Positive,Positive,Positive,Positive
01aede5d-f836-4212-ae8e-2d09c0a10411,Barclays,simple to use,5,Positive,Neutral,Neutral,Positive,Positive
77adba60-a323-4e40-8a9b-9011e71e7abb,Barclays,Never had any problems with this app.,5,Positive,Positive,Positive,Positive,Positive
50f8c2f9-6de0-4078-96ed-740fd8300ee7,Barclays,excellent,5,Positive,Positive,Positive,Positive,Positive
a4e85eca-4a6c-41c2-ad22-bdc2a4e13f18,Barclays,"good, helpful",4,Positive,Positive,Positive,Positive,Positive
0a121be6-ee08-4c90-9191-bbad222cdda0,Barclays,Always easy and quick top use,5,Positive,Positive,Positive,Positive,Positive
cd0eea62-3d58-4f60-956c-3f9c864619c8,Barclays,very effective and responsive,5,Positive,Positive,Positive,Positive,Positive
f7fe3223-2628-40ec-91b2-c31eaed594d2,Barclays,exceptional,5,Positive,Neutral,Positive,Positive,Positive
94cee66d-b0dc-47b1-9d9e-731e086f59ae,Barclays,"easy to navigate, transfer and payment takes two minutes. paying in cheques is a doddle.",5,Positive,Positive,Positive,Positive,Positive
81136e87-c331-4288-aecd-a078639db292,Barclays,awesome ap,5,Positive,Positive,Positive,Positive,Positive
90d5f009-4127-498b-9885-2b14725c0e31,Barclays,It's very good and easy to use,5,Positive,Positive,Positive,Positive,Positive
b8b91d19-b21a-4916-be53-66978535fe9b,Barclays,"Very happy with the service, very prompt with dealing with any suspicious activity",5,Positive,Positive,Positive,Positive,Positive
70be5b94-4d6d-47e9-be0b-7b2f0b246367,Barclays,Really easy to use.,5,Positive,Positive,Positive,Positive,Positive
34d473e0-c0aa-441f-ad91-b80d75ed053f,Barclays,"usually easy & fault free, occasional blips - maybe my devices or internet but rare.",4,Positive,Positive,Neutral,Positive,Positive
e2e70bd3-d84a-4527-a8df-73ab4eb87c1c,Barclays,Always excellent,5,Positive,Positive,Positive,Positive,Positive
8b6b8f22-68fc-4a23-8091-cff23d62fc75,Barclays,"seems easy and simple to use. but I hardly use it, so it works great for me.",4,Positive,Positive,Positive,Positive,Positive
8eb51983-92fe-4f6e-a600-ad5ea97f0e94,Barclays,good banking experience,5,Positive,Positive,Positive,Positive,Positive
4d7a5c8f-28f2-4342-b926-5d82d4efa078,Barclays,Brilliant platform,5,Positive,Positive,Positive,Positive,Positive
dc17da24-fe0e-4e27-8f60-eaa117488ce3,Barclays,Brilliant 👌 thanks,5,Positive,Positive,Positive,Positive,Positive
d0b22bf2-005c-4f3f-8e24-b6fbd0d13400,Barclays,After making a transaction I have to reload the app to view the current balance again. Its been an issue for over a year,2,Negative,Neutral,Negative,Positive,Negative
dd805823-556d-4da2-ba0a-6d99fedb45b7,Barclays,Excellent service 👏,5,Positive,Positive,Positive,Positive,Positive
35fa044c-0f1b-4dc7-ace1-9f6d67c5fecb,Barclays,"so easy to use, not great with technology but this is great for older people to use.",5,Positive,Negative,Positive,Positive,Positive
7727eebd-8c2d-4f08-8e17-763cee35fa95,Barclays,"new to mobile banking, but it's brilliant. quick, easy, and secure. i have used another banks mobile app (to help a relative), and this seems so much clearer and easier",5,Positive,Positive,Positive,Positive,Positive
6fdb9127-cc34-4db9-9f7c-273ebc0943ee,Barclays,Speaking with Ashleigh today was brilliant. Everything was explained easily. All was done expertly. I'm very appreciative. Thank you. Margaret.,5,Positive,Positive,Positive,Positive,Positive
7fc31ea7-fb66-4b2b-9bb1-d06603897a48,Barclays,"Good and easy to use, not as secure as other banks. 5 years on and same comments really, I use another bank also and their security is much more involved (possibly too complex!) Very happy with Barclays",5,Positive,Positive,Positive,Positive,Positive
1a7a2c04-6c97-495b-844b-00f3a4905554,Barclays,excellent,5,Positive,Positive,Positive,Positive,Positive
a92b2bcd-7ed6-434a-9a40-900eee741a7a,Barclays,"Tried to install app on my elderly mothers new tablet to find out it's not possible. Phone screen is too small, laptop is beyond her. What is she supposed to do?? Absolutely ridiculous.",1,Negative,Negative,Negative,Negative,Negative
7c050ff0-97c2-4ef3-bc09-491312325ed8,Barclays,an always get on site when needed,5,Positive,Neutral,Neutral,Positive,Positive
88391f70-589a-4ad7-984b-d4cd46d9e3e8,Barclays,very good quite easy to use for somone like me who's not so good with techno stuff,5,Positive,Positive,Positive,Positive,Positive
6fcc4cef-9706-41ed-989a-e40d7bc330df,Barclays,very usable,5,Positive,Neutral,Positive,Positive,Positive
40222f97-ba5b-4bf6-9dc6-df7dc723769a,Barclays,This app will not link to my BPF account.,1,Negative,Neutral,Negative,Positive,Negative
22e66191-4e56-42b9-985f-f2899830a49c,Barclays,bad customer service,5,Positive,Negative,Negative,Negative,Negative
410fed51-d198-4bb0-8008-480d343fc427,Barclays,this app is rubbish,1,Negative,Neutral,Negative,Negative,Negative
27972acc-7a3b-4eda-a461-c303c90c0ccf,Barclays,straight forward,5,Positive,Positive,Neutral,Positive,Positive
2f2597d3-e170-4f92-b38c-00cb3d04a969,Barclays,Good service,5,Positive,Positive,Positive,Positive,Positive
44b147d9-2a6d-4a7c-95d4-df117b3593dc,Barclays,"okay as a whole, slightly irritating that if you need to go to a different app (to check account information when doing a transfer or completing forms etc.) it boots you back to the home screen so you have to restart the action.",3,Neutral,Negative,Negative,Positive,Neutral
ad2c895e-340c-4273-9aab-60658749914b,Barclays,It's very friendly and helpful.,5,Positive,Positive,Positive,Positive,Positive
883abaa2-95b8-4adf-a75e-cd35bc9cf9bf,Barclays,excellent,5,Positive,Positive,Positive,Positive,Positive
93842300-ed59-444e-883a-062a0839372f,Barclays,easy to use so far.,5,Positive,Positive,Positive,Positive,Positive
31997901-fd96-4a6d-b7f1-0325a438ee3e,Barclays,very easy to use,5,Positive,Positive,Positive,Positive,Positive
2ec980c6-176a-4314-a649-3b3369b9f66a,Barclays,Fast and good,4,Positive,Positive,Positive,Positive,Positive
a224d2c9-b153-4ea2-848b-675e19f29a8c,Barclays,Great app..quick and easy to use.,5,Positive,Positive,Positive,Positive,Positive
032032c6-a89b-4d7c-9f26-65be5d19ea96,Barclays,"Top app, very good",5,Positive,Positive,Positive,Positive,Positive
bee943cd-f522-4b72-85f8-fe92ae284054,Barclays,excellent app. very secure,5,Positive,Positive,Positive,Positive,Positive
e0297f06-d176-44c3-827f-19acf279d806,Barclays,perfect every time.,5,Positive,Positive,Positive,Positive,Positive
9cfe713e-3a26-49ef-9d5d-7c1a500cb4a9,Barclays,very happy,5,Positive,Positive,Positive,Positive,Positive
bbce4372-9d88-4e29-9531-acec570a5ecb,Barclays,"I’ve found the Barclays banking app incredibly easy to use, with a clean layout that makes managing my finances simple and stress-free. Everything is clearly organised, so I can quickly check balances, make payments, and track transactions. What stands out most is how fast and responsive the app is, especially when dealing with queries—support is prompt and helpful. Overall, it’s a reliable, efficient app that makes everyday banking much more convenient.",5,Positive,Positive,Positive,Positive,Positive
cd274e1f-71a1-428a-8b3d-0e15429eaaee,Barclays,works great,5,Positive,Positive,Positive,Positive,Positive
37cb18e5-082b-4e5d-9339-2cad80c67891,Barclays,easy to navigate,5,Positive,Positive,Positive,Positive,Positive
7a2e343b-8cf4-483c-a40c-cff2dd9c9136,Barclays,always helpful,5,Positive,Positive,Positive,Positive,Positive
a3c15fa9-8d3b-446d-9ecc-bdb8c36222b0,Barclays,easy to use and immediate.,5,Positive,Positive,Positive,Positive,Positive
b8aa3e97-c340-4d77-9d90-39e22d1ab45e,Barclays,Exceptional.,5,Positive,Neutral,Positive,Positive,Positive
8145f057-e619-41f0-ad84-64bea947e06a,Barclays,very easy to manage my finances,5,Positive,Positive,Positive,Positive,Positive
2149be01-372b-4387-b484-fbd2a1e5a926,Barclays,it's always available and can't fault it,4,Positive,Positive,Positive,Positive,Positive
dd238233-30d6-4579-893b-6720cd8a89a2,Barclays,easy and hope is safe to use,5,Positive,Positive,Positive,Positive,Positive
d3faef50-d1fd-4114-8e00-6658c5a517a3,Barclays,easy to use and safe 👌 🙏 😌,5,Positive,Positive,Positive,Positive,Positive
19cb7f94-6e7c-49ea-b2f2-056391bcc536,Barclays,fantastic banking app clear to understand and to use.,5,Positive,Positive,Positive,Positive,Positive
6d9556b0-2f2e-41ca-9e97-fcaa504d5aa4,Barclays,"copilot response is good, and the message centre is possibly a human being. it doesn't matter so long as I get an answer relevant to the question I'm asking.",5,Positive,Positive,Positive,Negative,Positive
5c53027f-f4a2-46ab-9d13-864cc82e6a84,Barclays,very professional service,5,Positive,Neutral,Positive,Positive,Positive
e0b22248-0aae-4d30-9018-1b06ccd08b18,Barclays,very happy with it,5,Positive,Positive,Positive,Positive,Positive
9d968fb2-53a6-4042-9b7b-db2dd5699dd4,Barclays,Works for me! Mustn't Grumble!,5,Positive,Neutral,Positive,Positive,Positive
f115c99e-c699-474d-83e3-cd1f5ad27ea2,Barclays,amazing easy and fast,5,Positive,Positive,Positive,Positive,Positive
d8e3aeb6-953e-43f5-bfb6-167277744954,Barclays,Simply excellent 👌,5,Positive,Positive,Positive,Positive,Positive
3a97b46a-ae2c-4839-bda0-339d98883f74,Barclays,"Fantastic app. Easy to use. Instant information regarding your account, at your fingertips. Love it!",5,Positive,Positive,Positive,Positive,Positive
bc3b7e11-afbf-4f61-b1b3-13e1a6f8769a,Barclays,"Does what it says on the tin, when it should. New offers are discrete and easy to remove",5,Positive,Positive,Neutral,Positive,Positive
939a9cb9-2b99-4024-941b-9ea53cd1cb16,Barclays,Used for years and never had any problems,5,Positive,Positive,Positive,Positive,Positive
8302ae9d-30d9-4d63-ba65-4455b7d0fc01,Barclays,made so easy and very quick to operate,5,Positive,Positive,Positive,Positive,Positive
1354ecb2-4a75-4e56-95a4-e493e27db6de,Barclays,I don't know how I would now manage without it. Everything I want to do at my fingertips.,5,Positive,Negative,Positive,Positive,Positive
88697c3e-8801-411f-b323-4e0204397f96,Barclays,"Loaded this app in branch, paid in 2 cheques ok, since then I have tried to pay in cheques 4 times. It has crashed every time. Update....was 1 star when first loaded, now 4 star as it seems to work well for most transfers and payments BUT, I haven't tried to pay in a cheque recently.",4,Positive,Positive,Negative,Negative,Positive
e3655fe4-849e-4b24-aa39-57d1cf04de57,Barclays,it's one of the best things I've ever done doing on line banking would recommend to anyone to get done.,5,Positive,Positive,Positive,Positive,Positive
6da79888-7151-4629-be0a-31b9c67bbe71,Barclays,easy and trustworthy,5,Positive,Positive,Positive,Positive,Positive
50487dd3-2a2f-4ec1-9807-306862ee2b6d,Barclays,over complicated in adequate options very poor,2,Negative,Negative,Negative,Negative,Negative
c36a7d37-e252-469a-a5b5-de2accfe318b,Barclays,Happy with barclay app. still easy to use check account any time of day can do international money transfer Happy days up date still happy with barclays travel wallet fantastic easy to use blue rewards a bonus.,5,Positive,Positive,Positive,Positive,Positive
5b1ff0cc-0361-475e-9e5c-70fcc3a3585a,Barclays,"Trying to use the app to switch my current account to barclays, however if at any point I close or open another app to check some details, the barclays app resets and I have to log back in, even after a couple of seconds. Not to mention zero email confirmation or text to confirm submission. Looking forward to my £200 switch offer and it'll be bye bye!",1,Negative,Neutral,Negative,Negative,Negative
733ca18a-9355-4cc7-93cd-4ab0b1de78c3,Barclays,"easy access, ability to do anything you need, banking wise. secure log in. love it. my only gripe is having to log out by clicking ""log out"" otherwise the page can stay open even when you close the app. my halifax logs me out automatically when I close/minimise the app. Barclays app doesn't log you out automatically. other than that, its mint!",4,Positive,Positive,Positive,Negative,Positive
163e7e89-16ad-484e-a8ae-7c2040835e20,Barclays,excellent,5,Positive,Positive,Positive,Positive,Positive
d5aaef10-4515-462e-8ea4-6740f8727c0d,Barclays,Easy and straightforward to use with useful safeguards built in.,5,Positive,Positive,Positive,Positive,Positive
5377c1a8-323e-4e4e-b540-34d62d2aa45f,Barclays,Easy to use,5,Positive,Positive,Positive,Positive,Positive
3cf84b43-51f5-4400-8fbf-96d9ac584d50,Barclays,Excellent no nonsense app that works extremely well with little or no problem. Can almost do everything you need to with general banking.,5,Positive,Negative,Positive,Positive,Positive
1166c55c-afeb-4b1b-8fc2-12d3563df4f4,Barclays,excellent service delivery,5,Positive,Positive,Positive,Positive,Positive
ee59bf46-384d-46b0-b2ed-4f45781773a7,Barclays,good experience thank you 👍,5,Positive,Positive,Positive,Positive,Positive
b8af69b8-945d-432d-9278-2fb28a8dd59f,Barclays,"It is fast and simple to use. Security is top-notch. It does everything I need, the way I need it.",5,Positive,Positive,Positive,Positive,Positive
3fd1c70d-4aba-4ae0-b68a-95c5a98495cd,Barclays,perfect,5,Positive,Positive,Positive,Positive,Positive
87cd32a6-2685-426a-bf6d-db8688a13f6b,Barclays,telephone help restarting app was excellent.,5,Positive,Positive,Positive,Positive,Positive
12b2d80b-02b7-4786-b163-f85950536472,Barclays,every process is straightforward and simple to use,5,Positive,Neutral,Positive,Positive,Positive
691c947b-880a-4c11-b756-33da9ea15382,Barclays,"Would be 5 stars, the previous issue with the App not recognising the 16 digit Barclaycard number seems resolved. But it does occasionally lose previously approved payers from the system.",5,Positive,Positive,Neutral,Positive,Positive
3af0a31d-3ed0-4da2-b102-760ba154e0db,Barclays,Everything i need is here in the app. I think its great.,5,Positive,Positive,Positive,Positive,Positive
c6e8de9f-e69f-4aaa-9229-504d7e038630,Barclays,very good efficient banking 👍,5,Positive,Positive,Positive,Positive,Positive
b9f9e7da-9c51-4789-b7ee-b3fe49a2e3a2,Barclays,online message service doesn't work and neither does ability to see credit card details.,2,Negative,Positive,Negative,Negative,Negative
0ae96389-0e23-41bd-8645-effec2ba1feb,Barclays,MARVELLOUS....I'm 75..and tech illiterate...this has changed my life,5,Positive,Neutral,Positive,Positive,Positive
50554dbf-d65c-4815-a349-f77dcc45724a,Barclays,"Love it, so easy to use 😁",5,Positive,Positive,Positive,Positive,Positive
6a536f29-8840-405f-b5b3-b0fe08a75971,Barclays,"Keeps telling me app is not working "" do I want to wait or close app Not impressed. Other than the above which keeps telling me it is not responding, transferring money and paying anybody is great, even for a Internet numpty like me.",3,Neutral,Positive,Negative,Negative,Negative
68027613-bf82-485c-aae3-14108e05b55b,Barclays,This is a brilliant easy app to use.,5,Positive,Positive,Positive,Positive,Positive
99a842a4-2b96-49eb-8da9-6d9e6c27f36e,Barclays,never had a problem with this app.,5,Positive,Positive,Neutral,Positive,Positive
2913a8ca-d99e-4751-ad7a-f603ee0e52a5,Barclays,Has all banking details and functionality I need. I'm just missing a dark/night colour theme on it.,5,Positive,Negative,Neutral,Negative,Positive
b3edfa2b-ba63-4b6c-8f3c-a398383d6189,Barclays,amazing 👏,5,Positive,Positive,Positive,Positive,Positive
84f55aa9-aa4d-4f2d-9607-e9d440bebb11,Barclays,"Great, please don't change it , it's easy to use .don't complicate it",5,Positive,Positive,Positive,Positive,Positive
7b5daabb-ee0c-4a3b-844a-568f2b66a3a1,Barclays,always helpful if you have a problem you can talk to them on the app Excellent service 👍,5,Positive,Positive,Positive,Positive,Positive
9056c98b-6613-43dd-af8d-b722ee60f1dd,Barclays,very easy transaction,5,Positive,Positive,Positive,Positive,Positive
86123240-b3dc-49e4-aa95-537b9e8ce11f,Barclays,Terrible. Never lets me pay for things. never works. pin entry set. now unable to use because of this app,1,Negative,Negative,Negative,Negative,Negative
fc7ed18e-41dc-4063-b504-524fe7db2d4a,Barclays,"does everything i need , quickly and without fuss.",5,Positive,Neutral,Positive,Positive,Positive
4e60b4f4-fed3-43b7-b451-0150f2790b4a,Barclays,perfect easy to use works every time.,5,Positive,Positive,Positive,Positive,Positive
c9dc0ba9-b67f-43e4-9e08-c58280522e9a,Barclays,"very good service from Theo, issue was resolved quickly.",5,Positive,Positive,Positive,Positive,Positive
2073ab09-8192-465a-8cc5-9e7b7ecbd11a,Barclays,simple,5,Positive,Neutral,Neutral,Positive,Positive
fb2d999c-dcbd-466f-897f-40c8965a1d22,Barclays,professional and reliable.,5,Positive,Neutral,Positive,Positive,Positive
0f52be4c-2ad4-4078-9c75-085b258d745c,Barclays,best banking services.,5,Positive,Positive,Positive,Positive,Positive
aae0cc02-8535-4cfb-8e44-8e1a57a5fef1,Barclays,scammers,1,Negative,Neutral,Negative,Positive,Negative
1dd9270e-f15a-4236-a832-f919cbefca19,Barclays,easy to use,5,Positive,Positive,Positive,Positive,Positive
a1632530-9849-4e25-a822-1a959f0d30e3,Barclays,easy to use,5,Positive,Positive,Positive,Positive,Positive
36905fd0-de81-455d-b5e8-cf5c0fb940f9,Barclays,Easy to use and very secure.,5,Positive,Positive,Positive,Positive,Positive
8f0ea6dd-dcb1-41dc-a19f-af0888b9ddd8,Barclays,The app reset it self so now have to log back in. update doesn't work with GrapheneOS,1,Negative,Neutral,Negative,Negative,Negative
523ec213-a1a9-4e8a-96b5-c1b1b37fd3c0,Barclays,The Account itself actually belongs to my Wife but she asked me to do this review..... This App itself is Superb..... It is Not Broken so don't try and Fix It.....Doe's exactly what it say's on the tin..........Excellent 100%...... Don't know what we would do with out this App..........Keep up the Good Work Barclays............ Could do with proper Interest rates bringing back though.......................,5,Positive,Positive,Positive,Positive,Positive
3b86f529-c586-46b3-93fb-6042f3b12f31,Barclays,Very east to use.,5,Positive,Neutral,Neutral,Positive,Positive
cf115636-2cac-48c6-9325-29b00294a964,Barclays,top notch,5,Positive,Positive,Positive,Positive,Positive
6800b094-a472-476a-953a-6a6393cd9563,Barclays,"banked with Barclays in uk since 1984.a great bank.allowed me an overdraft that is very helpful.always keeps an eye on my spending or getting close to minus.i can call anytime.to get help.today on the 6/4/26 the new way of paying a tradeperson online is longer to answer, but i like the SCAM alert check.im 80yrs so need the security checks.thank you. barclays.",5,Positive,Positive,Positive,Positive,Positive
b67cf05d-9603-4da3-a9ab-cb1ae870cc19,Barclays,"Very happy with this app. Yay! Four years on and this app still does everything I need it to. Maybe need to explore what more it can do... 2020-2024 Still working well a year later. No problems found so far, and enhancements are useful. April 2026.",5,Positive,Positive,Positive,Positive,Positive
eeca92a2-62a8-4fcf-ad2e-2c1f420b582e,Barclays,"new complaint- the cheque pay in function does NOT work. when you press help it just times out. I download statements, which apparently go to my 'usual place', but I can't find them.",2,Negative,Neutral,Negative,Negative,Negative
ee90d630-4070-444c-b624-220637216207,Barclays,so good it make my day eszy,5,Positive,Positive,Positive,Positive,Positive
dc38e793-ec95-4b19-81c7-2fc902129a35,Barclays,Quick and easy to use.,5,Positive,Positive,Positive,Positive,Positive
1df5f920-3642-4ad4-baac-5a418f238c2e,Barclays,"easy to use, never had a problem",5,Positive,Positive,Positive,Positive,Positive
9624a5f6-6e96-45b7-be14-a0ff5a03ab8f,Barclays,Easy to use. Easy to see,5,Positive,Positive,Positive,Positive,Positive
b06b43e4-e367-4177-8d8c-b06d6ee45590,Barclays,very straight forward,5,Positive,Positive,Neutral,Positive,Positive
4e6e7314-e231-477b-b86d-23b1a915a915,Barclays,excellent,5,Positive,Positive,Positive,Positive,Positive
1d8efca2-10ee-455b-b303-fde5d5773e76,Barclays,very easy to use.,5,Positive,Positive,Positive,Positive,Positive
97a14728-5b0e-4052-b9c2-1cb1157d446c,Barclays,easy to use excellent app.,5,Positive,Positive,Positive,Positive,Positive
9f016de3-2246-4967-ab49-f0870c88e46c,Barclays,easy to use,5,Positive,Positive,Positive,Positive,Positive
3b445e28-a9e5-4950-ab7d-ddd10f07cbda,Barclays,Always safe simple and efficient.,5,Positive,Positive,Positive,Positive,Positive
d463a932-29d7-40c2-b8a1-d049e506ffe7,Barclays,Excellent,5,Positive,Positive,Positive,Positive,Positive
0176c5ce-26d4-4a43-af7c-67443e73723f,Barclays,Easy to understand and very straightforward.,5,Positive,Positive,Positive,Positive,Positive
fa75b339-d740-43d3-9a6b-e2f48876ad5b,Barclays,Good and fast.,5,Positive,Positive,Positive,Positive,Positive
d026d99d-0181-4b56-8f43-eedd0070e31d,Barclays,rase of use,5,Positive,Neutral,Neutral,Positive,Positive
96766f58-ec75-42a0-923f-4ae24cb80015,Barclays,so easy,5,Positive,Positive,Positive,Positive,Positive
7c7635a8-0cf0-4931-b9ad-2ede1f025589,Barclays,couldn't live without it. I use this everyday and its brilliant,5,Positive,Positive,Positive,Positive,Positive
25e74440-625a-4ef1-903e-974d0d09f3f8,Barclays,brilliant service thanks barclays,5,Positive,Positive,Positive,Positive,Positive
254abf5a-15f5-429d-92ff-c5a7136ff5f9,Barclays,"Since doing an update it won't open, I've deleted and re installed numerous times. Rubbish",1,Negative,Neutral,Negative,Negative,Negative
f8d0c498-539a-4859-aa8b-3267a7051795,Barclays,Just wonderful,5,Positive,Positive,Positive,Positive,Positive
b6b7f473-5fa4-4bb7-bbcf-2cc65628f2b7,Barclays,"Very clear and easy to navigate with all accounts and credit cards in one place, the app is one of the reasons I stay with Barclays. Other banking apps are very confusing, they're more interested in trying to sell you other products.",5,Positive,Positive,Positive,Positive,Positive
069163db-7fca-43cf-8b01-45d8cb950cd2,Barclays,Error Sp028 always. Reminder that you can switch but never has the rates. Says you can use the app for help but help leads nowhere. Support over the phone is non-existent as they can't do anything to resolve the poor linkage. What's the point then?,1,Negative,Positive,Negative,Negative,Negative
e0b1a7e7-12c2-4a6f-96eb-58071528f8be,Barclays,"A well thought out app, that feels secure",5,Positive,Positive,Positive,Positive,Positive
cbba7e35-9d11-42b3-a4fd-86e3fa928c68,Barclays,after recent update cards option is not working. kicks me out of the app everytime. Please can you sort this out.,2,Negative,Positive,Negative,Negative,Negative
5c5e4057-50d3-4ea2-b23b-2f54e012c11a,Barclays,If switching to another app you lose any progress you've made,2,Negative,Neutral,Negative,Positive,Negative
d862e0ba-072a-4ca8-bc33-039efb602bce,Barclays,Easy to use,5,Positive,Positive,Positive,Positive,Positive
bba9c1cd-6872-4dcf-af46-3eecfc4de434,Barclays,brilliant,5,Positive,Positive,Positive,Positive,Positive
b6ef60b0-aa11-45c2-a8b2-e64fb5030310,Barclays,"easy, so that even I can do it.",5,Positive,Positive,Positive,Positive,Positive
ccd3a8e7-d778-40be-b920-d3130372b731,Barclays,Very easy app to use & very straightforward.,5,Positive,Positive,Positive,Positive,Positive
bc9b430d-f427-40c2-a63f-89b42155ba5c,Barclays,Currently unable to view balance it as been that way for a few weeks.,1,Negative,Neutral,Negative,Negative,Negative
2aba33f1-d93f-4acc-a515-dcfe2bad644d,Barclays,no problem with cash flow.,5,Positive,Negative,Neutral,Positive,Positive
8e346078-f7c0-4798-a627-6c8d045fbb75,Barclays,Always excellent and always check what I do on the app isn't a scam,5,Positive,Positive,Positive,Positive,Positive
ab0b972f-9272-44f7-aecf-5c72554ce635,Barclays,"Good app, well secured. Faster Payment transactions with good fraud deterrence.",5,Positive,Positive,Positive,Positive,Positive
4ef203f4-6ec6-4fbd-910d-7c8715edd9b0,Barclays,Easy to make payments and transfer between accounts. So far so good.,5,Positive,Positive,Positive,Positive,Positive
e1dbf049-6457-439b-bff2-9b8ffb5acb87,Barclays,Easy to use and very user-friendly,5,Positive,Positive,Positive,Positive,Positive
694ffd97-7f56-43c5-9d7d-53c6b00ad78f,Barclays,no issues fairly easy to use,5,Positive,Positive,Positive,Positive,Positive
c1be3723-9777-4f42-b9dc-f36e2ddc7d78,Barclays,"incredible fantastic Bank, Barclays Bank great service 🐾 to us",5,Positive,Positive,Positive,Positive,Positive
f9c6d710-cde9-4df3-ba93-dc96cc14e157,Barclays,brilliant,5,Positive,Positive,Positive,Positive,Positive
9a900d3b-7c7e-4888-82c5-2a03afd09c29,Barclays,"amazing, Claire @ Barclays Crawley was brilliant",4,Positive,Positive,Positive,Positive,Positive
e2c82930-7979-413c-a989-c187327ea44d,Barclays,"App can be slow to open and to respond, app is still very slow 2 years later",4,Positive,Neutral,Negative,Negative,Negative
18073db8-1261-42c8-8301-b8035462d403,Barclays,easy and convenient. great.,5,Positive,Positive,Positive,Positive,Positive
3775af1a-ea2a-4c06-a111-66a8669cd934,Barclays,simple and clear instructions.. easy to use app.,5,Positive,Positive,Positive,Positive,Positive
cbf3bc13-f004-44e5-88a1-ddc1f0666e35,Barclays,very easy to use 👌,5,Positive,Positive,Positive,Positive,Positive
7d5410c1-7d3c-4fee-9f93-a1829e72a0d3,Barclays,App closes itself even when you're in the middle of something,1,Negative,Neutral,Neutral,Negative,Negative
b1f54ec8-4f61-4862-8a63-2e5bec3356ac,Barclays,easy to use,5,Positive,Positive,Positive,Positive,Positive
adca822c-9fda-46b1-9548-486ef0fc1f28,Barclays,"some of the features are lacking custom statements, and the new verification process stops most suppliers payments. however, still better than virgin money.",2,Negative,Positive,Negative,Positive,Positive
29dccdd5-375c-45c6-a42e-7a76802146da,Barclays,Can't say i ever had a problem with this app if i have its been sorted straight away. Easy to use and navigate can't say a bad word really good job.2026 now still the same all good,5,Positive,Positive,Positive,Positive,Positive
6054e2a1-ee7a-4dc0-898c-20b8b1493fa7,Barclays,it's brilliant makes my life a bit easier,5,Positive,Positive,Positive,Positive,Positive
22c29fc0-ba5f-4298-a806-6b3ffa1df7a9,Barclays,painful,1,Negative,Negative,Negative,Positive,Negative
377033b5-fc8d-4e4c-a71b-530e658c05aa,Barclays,Brilliant,5,Positive,Positive,Positive,Positive,Positive
59b6fc74-c039-4b9c-8eff-e6e3b1110fab,Barclays,easy to use,5,Positive,Positive,Positive,Positive,Positive
c7d0442b-9fcd-44f1-b87b-63e80a4c4cae,Barclays,barclays are the best 👌,5,Positive,Positive,Positive,Positive,Positive
d0e1df6f-205a-47f0-9a75-3126db63c8d0,Barclays,"is very good and fast, in fact , you're too good and reliable, thanks Barclays",5,Positive,Positive,Positive,Positive,Positive
a33afd39-77ce-49c2-bcb2-0d43e50e9a19,Barclays,Excellent. So easy and convenient to use.,5,Positive,Positive,Positive,Positive,Positive
af07531d-1104-4baa-924d-d46f63404a98,Barclays,Fast and efficient,5,Positive,Positive,Positive,Positive,Positive
49ae10aa-c868-4635-8c7a-6fd181e54f00,Barclays,easy app to navigate and quick to transfer !,5,Positive,Positive,Positive,Positive,Positive
1b054985-ff35-456a-8af1-0eae0fed5c77,Barclays,easy app to use,5,Positive,Positive,Positive,Positive,Positive
064db1a9-5ec8-48c8-8a18-a4b5425d1fb0,Barclays,Good after I had all of the name in upper case and not how it had been given to me by the recipient!! Der!,5,Positive,Positive,Positive,Positive,Positive
b073320f-92c3-4905-902b-4533aca0d392,Barclays,brilliant bank been with them for many years if you can't solve it on the app you can actually speak to a human and in this day and age 🤔🤔🤔🤔 keep doing what you're doing big 👍👍👍👍,5,Positive,Positive,Positive,Positive,Positive
2bebe341-6480-4506-9842-12ab1727ed2a,Barclays,always worked Ok,5,Positive,Positive,Positive,Positive,Positive
c94605d4-d476-4133-a730-d3dc24e96a97,Barclays,works well and quickly,4,Positive,Positive,Positive,Positive,Positive
cc03b6cd-f289-44ed-b730-9f8a56289416,Barclays,quick and easy to do banking,5,Positive,Positive,Positive,Positive,Positive
7974905a-feba-4eff-8184-37e1faf18f5e,Barclays,always reliable good app.,5,Positive,Positive,Positive,Positive,Positive
04934b08-4ba7-4fb6-8b88-83e51b88f5a3,Barclays,I need to check my balance on the barclays app,4,Positive,Neutral,Neutral,Positive,Positive
c618bc5d-39ed-473b-9b42-a6813528b67d,Barclays,The update has made things much easier,5,Positive,Positive,Positive,Positive,Positive
8784cdad-41dc-4a54-a0d0-b78cafbe88fc,Barclays,very buggy and old,1,Negative,Neutral,Negative,Positive,Negative
ed35a9bc-2365-4784-bd11-9de36f7a6cfc,Barclays,Make life easier,5,Positive,Positive,Positive,Positive,Positive
a7713790-a226-40ec-b6b2-db669e03ff3b,Barclays,comfortsble,4,Positive,Neutral,Neutral,Positive,Positive
894c0447-bd95-42f8-9d0b-eb4d959d1d0b,Barclays,always there for you,5,Positive,Neutral,Positive,Positive,Positive
53a11933-7efd-4212-9c56-b43e9f10e1b3,Barclays,"easy to use, I am able to set up payments, transfer money at ease.",5,Positive,Positive,Positive,Positive,Positive
889e567a-28b8-4c61-b967-a1d83bc1b0c2,Barclays,Slow & unresponsive; crashes or hangs regularly; critical features frequently moved around for no reason.,1,Negative,Negative,Negative,Negative,Negative
fce534c7-d5a1-474e-927e-59acda9756eb,Barclays,"Impossible to get hold of anyone to speak too. Would be so easy for you to put your Chat symbol where it's clearly displayed like on your front page!! I went over and over to find it. No luck it's nowhere to be found. It makes me ask if this is done purposely!? Barclays, your service is shockingly BAD.. I'm going to close my account and remove my money. Over 50 years we have used your service. No More!! Like everything else in Britain you're going down the pan!",1,Negative,Positive,Negative,Negative,Negative
3d370cb1-f2ba-4716-8a2e-bf0d8cfe6e8c,Barclays,Brilliant,5,Positive,Positive,Positive,Positive,Positive
e5b4371e-40f6-4805-badf-4f8b13b0b8b8,Barclays,"The help function is useless. When abroad trying to sort out transactions that are not completed or declined, you get told to call rather than be able to talk to a real person on the app. Payments have been made from my account into another and the money has never landed in the other account. You can't question the specific transaction on the app. When you do it keeps referring to the chat with us function that keeps telling you to call. Utter disappointment.",3,Neutral,Negative,Negative,Negative,Negative
763f4696-4a33-44c4-ba0c-88f664bdbf5a,Barclays,ridiculous stupid app treating us like idiots. just let us send money with no questions asked. ffs,1,Negative,Negative,Negative,Negative,Negative
cbe117dd-59ff-47b7-aef9-3389510f9662,Barclays,Really easy to use. and I am not technical.,5,Positive,Positive,Positive,Positive,Positive
cac6fd09-83f8-4214-9886-7ffb26bd0308,Barclays,very easy to follow,5,Positive,Positive,Positive,Positive,Positive
dbf39d19-1c9f-4559-9ccd-e90fde3902b9,Barclays,excellent quality,5,Positive,Positive,Positive,Positive,Positive
6cdb2a40-0e5a-4dcb-9806-65f8dbda02f1,Barclays,Frequently freezes and fails to reflect changes even after up to 10 minutes.,2,Negative,Negative,Negative,Positive,Negative
f591a05f-3325-4cb1-ad9b-2dc5790aff69,Barclays,Everything is easy to use. Brilliant,5,Positive,Positive,Positive,Positive,Positive
f9190313-ea46-4787-a0c7-3bba53ac8aad,Barclays,why is there always a need to log off and in to get to balance after transfer of funds. a delibrate and cynical ploy which is typical of barclays.,1,Negative,Negative,Negative,Positive,Negative
3d9f9846-f678-474d-a5df-6cc6f7d9ce57,Barclays,great app best bank in UK,5,Positive,Positive,Positive,Positive,Positive
af4071eb-db57-4a43-8b89-55458080dcde,Barclays,verry good service,5,Positive,Positive,Positive,Positive,Positive
45a0b404-8c64-4c25-a74d-d40a4d8b7f7d,Barclays,best ever,5,Positive,Positive,Positive,Positive,Positive
e4ef73d2-6b0a-40fa-a85b-6a93a0b27a3d,Barclays,Easy to use even for an old duffer like me. Plenty of features that make life easier and safer. Pay your bills and manage your finances quite straight forward.Keeps you safe without being too intrusive.,5,Positive,Positive,Positive,Positive,Positive
edcbeceb-cf47-424a-a03c-733bf7810b2c,Barclays,excellent,5,Positive,Positive,Positive,Positive,Positive
3bd0d419-4cbd-4f87-8358-c9e7ba90c981,Barclays,very smart,5,Positive,Positive,Positive,Positive,Positive
f573610c-4773-4146-91f9-a6ee3fc06ee6,Barclays,brilliant app,5,Positive,Positive,Positive,Positive,Positive
67378f58-978a-4195-b28e-0b043a05b4f6,Barclays,always easy to transfer,4,Positive,Positive,Positive,Positive,Positive
e8c20bfb-fac0-4629-b50e-03c1aea93a41,Barclays,All round excellence. Seamlessly thorough in doing what it says on the tin and more.,5,Positive,Positive,Positive,Positive,Positive
9983ece0-dd2f-41b1-85f3-cbf952b03b2f,Barclays,Satisfied no problem,5,Positive,Negative,Positive,Positive,Positive
6d2ddc77-d1a5-4d49-b4f8-4c1cb1e0cf23,Barclays,reliable and easy to use,5,Positive,Positive,Positive,Positive,Positive
07e57475-04dd-481c-b22f-5ee94aa193eb,Barclays,"Fairly easy to use, although I often forget how to find ""log out"".",5,Positive,Positive,Positive,Positive,Positive
8b12d94b-a647-4431-8270-393da88cbdd7,Barclays,Great App. really easy to use.,5,Positive,Positive,Positive,Positive,Positive
8220e6fe-de50-4fb4-bad5-9b65757d1e8c,Barclays,"Easy to use, trusted app",5,Positive,Positive,Positive,Positive,Positive
ff5942f9-2b0f-4226-9f01-5b512a811a2c,Barclays,Easy to Use,5,Positive,Positive,Positive,Positive,Positive
2111e225-c050-404c-ab95-40baca656d78,Barclays,does everything.,5,Positive,Neutral,Neutral,Positive,Positive
64c71f23-2a31-4938-9906-49d2aa8a5144,Barclays,The app is user friendly very easy and efficient.,5,Positive,Positive,Positive,Positive,Positive
9e922189-9b14-41d6-b3de-f35c052bd73d,Barclays,Does not work with GrapheneOS which is a more secure OS. Please fix.,1,Negative,Positive,Negative,Positive,Negative
af25e023-bcd2-4148-b350-c44f7c951fa1,Barclays,always excellent service,5,Positive,Positive,Positive,Positive,Positive
b15a7843-aabc-4acf-ab4e-7393ee6a3046,Barclays,I am so pleased that my bank looks after me by checking for scams on my behalf. Good service.,5,Positive,Positive,Positive,Positive,Positive
80e8fc42-d3ff-4ed8-92c0-c45e5e5c8026,Barclays,very easy and prompt,5,Positive,Positive,Positive,Positive,Positive
b36f1a38-6eaf-4062-9afa-3003839463e3,Barclays,amazing love it 👏,5,Positive,Positive,Positive,Positive,Positive
74756527-9498-4433-baa5-76eced16aeb0,Barclays,"75% the time, the app works perfectly, but when you absolutely need it, you can't get access, or it's down, and you get a strike against your credit score because of their inability to host a working app. This is the reason I'm looking to move my business, and private banking away from Barclays.",2,Negative,Positive,Negative,Negative,Negative
58db7189-c9dd-4fe2-b3b4-fdb48f298da0,Barclays,Clear and easy to use. always up to date.,5,Positive,Positive,Positive,Positive,Positive
80f72d51-31e1-4993-a551-40d6bd7854d4,Barclays,Easy to use and clear sensible useful instructions,5,Positive,Positive,Positive,Positive,Positive
0e05f7fa-e1d9-452c-8e43-cbdf577ba406,Barclays,always at hand and quick,5,Positive,Positive,Positive,Positive,Positive
1a9c6604-ecfc-4142-ae53-4947de898777,Barclays,"so far so good, easy to work with",5,Positive,Positive,Positive,Positive,Positive
fb96fe43-b961-4ee8-9356-8bf3a426ca7a,Barclays,easy to use and self explanatory,5,Positive,Positive,Positive,Positive,Positive
0f7efab0-5929-43c5-9d5b-03f301f8d600,Barclays,can't find confirm after scrolling through personal details,4,Positive,Neutral,Neutral,Positive,Negative
5cf22683-caaf-49bc-a12b-dbcbb29c689a,Barclays,brilliant,5,Positive,Positive,Positive,Positive,Positive
b2defe75-83b9-4051-a1b9-e4610e56fd6d,Barclays,it'd good but you can't see ykur card balance eithiunt WiFi,4,Positive,Positive,Neutral,Positive,Positive
32441903-d3eb-40b5-ab26-ff0b693ca546,Barclays,A good app that performs well !,5,Positive,Positive,Positive,Positive,Positive
0271e8c4-67f4-4c95-ad9c-4c849666f333,Barclays,very easy to use,5,Positive,Positive,Positive,Positive,Positive
ca7cb3c9-3baf-45f9-b5ca-dc6e0f22184f,Barclays,no problems,5,Positive,Negative,Neutral,Positive,Positive
2c9ee938-430e-476a-b2bc-b209e00ed750,Barclays,Brilliant and user-friendly.,5,Positive,Positive,Positive,Positive,Positive
1c6ee906-f18e-4a56-9f5b-ac5aa5ef5548,Barclays,very smooth.,4,Positive,Neutral,Positive,Positive,Positive
d3e8c666-bc43-4531-8432-92579e47e253,Barclays,very pleased with the app,5,Positive,Positive,Positive,Positive,Positive
93c92526-3c65-4f31-b070-81785e340a2b,Barclays,"All good, never crashed",5,Positive,Positive,Positive,Positive,Positive
39e38228-e8f9-4f70-9cb5-2a09574a7615,Barclays,easy to navigate. can access all banking functions,5,Positive,Positive,Positive,Positive,Positive
ee4f47ee-7f75-4e23-9011-993459cabe3e,Barclays,brilliant and easy,5,Positive,Positive,Positive,Positive,Positive
31871c8c-f2f8-462b-959d-754cd622a797,Barclays,VERY GOOD SERVICE 👍 CHEERS VERY CONVIENENT THANK YOU 😊 👍,5,Positive,Positive,Positive,Positive,Positive
34011ef7-643f-40bc-8c02-a39eb4f8e465,Barclays,Very satisfied!It's going well!,5,Positive,Positive,Positive,Positive,Positive
b329c918-2f03-4b53-b675-279d23c6ecd7,Barclays,usually very good,5,Positive,Positive,Positive,Positive,Positive
972e4b9f-7c35-4433-a21d-a8cef8c8440b,Barclays,easy to use,4,Positive,Positive,Positive,Positive,Positive
6ef86948-343e-4be5-a90b-6cc47004fb82,Barclays,very reliable,5,Positive,Neutral,Positive,Positive,Positive
c804067c-8669-4517-96cb-fe5f5f238a49,Barclays,Very easy to use! Totally safe when unsafe use of debit card is used as they constantly monitor usage.,5,Positive,Positive,Positive,Positive,Positive
a45f2d56-e01a-4ed3-9899-80d0f1f40fdb,Barclays,Easy to use and quicker process,4,Positive,Positive,Positive,Positive,Positive
1d8e8dbc-22ac-43bd-bf60-7e2e9eb8c8f2,Barclays,"Easy - safe - timesaver -I would be lost without it. I will recommend to everyone I know, especially to over 60's. 👍 Staff in branch showed us how to make the most of using the app which has enabled us to keep control of our finances - the app gives you a breakdown of your outgoings. We can freeze our card if we lose it from the app - or call direct to report it. Brilliant 😊",5,Positive,Positive,Positive,Positive,Positive
8a9a3006-2fde-4631-9ce1-6f6f16bdbc20,Barclays,Excellent bank,5,Positive,Positive,Positive,Positive,Positive
90126bda-8995-4002-99ac-562f98ab95f5,Barclays,best banking app I've used and I've used a few,5,Positive,Positive,Positive,Positive,Positive
cbdcba0c-e1c0-446f-86aa-1472e1f0c516,Barclays,i love barclays,5,Positive,Positive,Positive,Positive,Positive
01ca2ccf-7341-4a1b-b468-0ebd104ebe41,Barclays,Just changed phone app brilliant,5,Positive,Positive,Positive,Positive,Positive
72702a3b-5be4-4c3d-bc67-e07d021fc92d,Barclays,genraly easy to use,4,Positive,Positive,Positive,Positive,Positive
5628f79a-7f2e-44fb-9f17-6f674081ff1e,Barclays,easy to use even for elderly folk like me,5,Positive,Positive,Positive,Positive,Positive
bae8b452-8c9e-47a4-8b99-e0b5b8506db4,Barclays,"Quick, reliable.",5,Positive,Neutral,Positive,Positive,Positive
58d452cc-edea-4720-b3db-3c594eb7bfbf,Barclays,never any issues. very reliable and easy to use,5,Positive,Positive,Positive,Positive,Positive
fb34004b-adab-4991-b33a-1f8cb6c74943,Barclays,"no problem whatsoever, brilliant make things easy",5,Positive,Positive,Positive,Positive,Positive
b3c3c6f5-555e-4148-93cd-92d2a74ed797,Barclays,very easy to control and carry out functions,5,Positive,Positive,Positive,Positive,Positive
f7a154fc-a7d7-4922-89ca-593e88e4a741,Barclays,"Far too much is this spam, when I was paying a CofE primary school",2,Negative,Negative,Negative,Positive,Negative
18f1d81a-01c6-4d84-9d2e-ba192fd23b82,Barclays,excellent service,5,Positive,Positive,Positive,Positive,Positive
f5ef1d0e-ca6f-4f8a-a815-9c69b735c937,Barclays,Magical!,4,Positive,Neutral,Positive,Positive,Positive
725e3a0a-7d4a-4c41-a3a9-ad59737c444b,Barclays,Great quick and easy love this application,5,Positive,Positive,Positive,Positive,Positive
586068ee-c16f-4bda-9bbf-0426667c1923,Barclays,easy to use,5,Positive,Positive,Positive,Positive,Positive
18ac6608-5854-40e7-8bf0-795aed357292,Barclays,"I am 68 years old and have no issues using Barclays apps. Straight forward, idiot proof, hence I can use ! I've been with Barclays since 1977, and I am still a satisfied customer 😊",5,Positive,Negative,Positive,Positive,Positive
306dab76-e57b-4e93-bf63-3f845e5e18cf,Barclays,"Easy to use App and plenty of warnings, in case of possible fraud",5,Positive,Negative,Positive,Positive,Positive
1f48b4d0-e9c8-4d72-bfee-c8224f7e4292,Barclays,easy to use and control your spending,4,Positive,Positive,Neutral,Positive,Positive
a87e484f-0a9e-4200-b282-08fe3fa7aa41,Barclays,Simple and efficient 👍🏻,5,Positive,Positive,Positive,Positive,Positive
824ee022-9814-4a72-b9e9-85e090fa2f37,Barclays,top of the level,5,Positive,Positive,Neutral,Positive,Positive
f3bd8792-0e88-448d-bb44-aa996d0cfda7,Barclays,the best,5,Positive,Positive,Positive,Positive,Positive
62f4d9c0-c635-425f-95da-0f045e2d7b5a,Barclays,"So far, no problems. However, I do have a lingering, probably irrational sense of vulnerability. I hope this will help me to stay safe from scams. Since I left this review I have been defrauded of most of my savings, and even persuaded to take out a large loan with Barclays. This was done by fraudulent people who managed me online, and persuaded me to transfer funds to accounts and wallets which appeared to be mine. This would have been less possible had banking not been so easy using the app.",5,Positive,Negative,Negative,Positive,Positive
3b236a04-e4c2-4c61-a4e3-01a7bd6d074e,Barclays,it works and makes banking easier.,5,Positive,Positive,Positive,Positive,Positive
1781dde2-0a78-4506-b082-094a6239356e,Barclays,"useful app to sort and control your account easy to use and understand, will always let you know what is new and useful, great Barclays",5,Positive,Positive,Positive,Positive,Positive
4b76a5d9-2f65-4e09-b11d-5438ab9e844e,Barclays,easy to navigate round all my accounts and some great features,5,Positive,Positive,Positive,Positive,Positive
4d35b080-6094-4408-a80c-6b1e46c52df2,Barclays,first class. no problem. no worries. excellent.,5,Positive,Negative,Positive,Positive,Positive
dcdec29b-4ca2-4b65-9bcf-f9abc2b2df9d,Barclays,Excellent and super efficient! I love the scam protection. It makes me feel like Barclays care about my money,5,Positive,Positive,Positive,Positive,Positive
5c21246b-33dd-4350-b949-1902ea21830a,Barclays,shocking experience,1,Negative,Negative,Negative,Positive,Negative
bd315041-6e10-4fd1-9d81-7fef1cbc6e9d,Barclays,Quick and easy,5,Positive,Positive,Positive,Positive,Positive
3a997372-62f1-46e6-acb0-b50fcfb241ca,Barclays,so easy and very quick.,5,Positive,Positive,Positive,Positive,Positive
19691d3d-5e26-4716-b574-5eac0a9f1114,Barclays,The bank's security measures when sending money form ur account is life saving. There online banking is match to none.,5,Positive,Positive,Positive,Positive,Positive
8c2e9b71-5871-40d3-99a6-49505f766681,Barclays,you keep changing things and it is hard to find for us old people.,3,Neutral,Negative,Negative,Negative,Positive
5014822c-336b-48be-8bfe-1846703a8220,Barclays,"Quick, easy.",5,Positive,Positive,Neutral,Positive,Positive
e8495be2-f659-42b6-8223-766b2ed7f0f6,Barclays,since the last update constantly getting a erra message!,1,Negative,Neutral,Negative,Negative,Negative
f9f696aa-6c59-485e-81df-83545a8ef65b,Barclays,quick and easy,5,Positive,Positive,Positive,Positive,Positive
d3f50f9e-df37-4275-a6a1-573349a11932,Barclays,always great. straightforward to use,5,Positive,Positive,Positive,Positive,Positive
aaab90b6-204d-4b42-b11a-2bb2076fed12,Barclays,easy and extremely safe to use,5,Positive,Positive,Positive,Positive,Positive
6e8ca1a1-185b-4f2d-9ced-2d9ea137ff3d,Barclays,Easy and time saving.,5,Positive,Positive,Positive,Positive,Positive
c3e7fb68-680d-49bc-b1e7-bf91e41c84fa,Barclays,App is perennially broken,2,Negative,Negative,Negative,Positive,Negative
4507d04b-676c-4366-9f4a-b55f735f7e13,Barclays,excellent,5,Positive,Positive,Positive,Positive,Positive
e1fd1833-869a-4fd7-9cf7-7cde8eb81725,Barclays,barclays are always helpfull.,5,Positive,Neutral,Positive,Positive,Positive
5522f403-eca5-4a27-9f70-3e7870c99443,Barclays,"Would like to review future payments, doesn't seem possible. 4 years on no change. Recent changes to scam checking do not cover many legitimate payments but plenty of scam ones making it difficult to select one which is not incorrect and hence a possible get-out for the bank to not pay compensation.",4,Positive,Negative,Negative,Neutral,Negative
b9a125b2-7d6f-417b-9de3-ea225fdda377,Barclays,"Does what I need it to do. Easy, smooth and safe. However it needs better searchability. All these bank apps lack in good searchability.",4,Positive,Positive,Positive,Positive,Positive
65a0d18e-c0a6-4cae-aee7-bff7693e0928,Barclays,"connection is always rubbish,",3,Neutral,Neutral,Negative,Negative,Negative
b2990dc9-1c75-4364-bdb8-c3fc6157ea83,Barclays,very secured,5,Positive,Positive,Positive,Positive,Positive
39328cd4-5862-48d4-a260-e03e1d12c882,Barclays,"It does what it should. Works on my Samsung Galaxy A14 5G, Android 15. Just a shame that it is not compatible with my Samsung Galaxy A11+ Android 16. Why?",4,Positive,Negative,Neutral,Negative,Positive
4c6d5e4b-85b1-4612-8f87-b01f1fa9c911,Barclays,"Christine, very helpful",5,Positive,Positive,Positive,Positive,Positive
3b9ad360-b535-49da-9266-c50ff8805ffd,Barclays,easy and quick to use.,5,Positive,Positive,Positive,Positive,Positive
b584f93a-7066-4b3b-9636-e8e3d76b5987,Barclays,"really good, transfers into my account take a bit of time",5,Positive,Positive,Positive,Neutral,Positive
5d8915fe-5649-4336-ba38-898e942a92e6,Barclays,Easy online system made life easier.,5,Positive,Positive,Positive,Positive,Positive
1e7acf1e-819e-42cf-b20e-7c6b78ebbf61,Barclays,always there when needed,5,Positive,Neutral,Positive,Positive,Positive
6defc135-27c8-4919-b75e-ec26b4cacc34,Barclays,"simple to use this app ,yet safe.",5,Positive,Positive,Positive,Positive,Positive
ee170db0-6700-4b54-b7b9-837733fe0542,Barclays,Quick and easy,4,Positive,Positive,Positive,Positive,Positive
bc39ef4c-0489-4f1b-bf2c-b0e0975c779d,Barclays,"just very reliable, trustworthy and simple to use",5,Positive,Positive,Positive,Positive,Positive
748ba560-c915-463a-affe-1678e0f70e81,Barclays,exelent,5,Positive,Neutral,Neutral,Positive,Positive
07afe424-015a-4a9c-ae80-afa987154494,Barclays,"Secure access, easy to use and read account details. Payment system security excellent at ensuring payments are not resulting from fraudulent requests.",5,Positive,Positive,Positive,Positive,Positive
b90ae526-8675-4dbd-b484-70ed14055d51,Barclays,Easy and Reliable,5,Positive,Positive,Positive,Positive,Positive
0c13c324-e0f1-4d17-8dc9-3dfa38d25d41,Barclays,easy to use.,5,Positive,Positive,Positive,Positive,Positive
892568a0-5977-4f30-acad-489c469342fb,Barclays,"very good, safe and easy",5,Positive,Positive,Positive,Positive,Positive
ad74aa24-4c50-4f9b-8ef5-2fea777b5174,Barclays,apps fab and faultless. but....... find it sad I've had to change to an another high street Bank. shutting high street pop in banking isn't the best. use the machine!!! from customer service when in branch before the online app y. oh and the ? y r u queuing whilst queuing? 🤷 always found that question odd !;!! Keep branches open. I'm your customer. there's a saving for the remaining branches open. sack the question asking interigator. never really understood that why can't they be serving !.,1,Negative,Negative,Negative,Negative,Positive
261e8067-9915-4435-a38f-d2784b9516d7,Barclays,Great app easy to use,5,Positive,Positive,Positive,Positive,Positive
2fcb0239-ba1f-4678-98aa-5cf27f8b3834,Barclays,Good and fast,5,Positive,Positive,Positive,Positive,Positive
5cafd59d-d1e8-4e2b-8651-34f528c661cf,Barclays,"Tried to add my Lloyds Bank credit card account details, but my card is not on your standard list, and your app wouldn't let me add them manually.",3,Neutral,Positive,Negative,Negative,Negative
c4e8490d-5a6e-4d04-a24d-cace09237a8c,Barclays,easy to use,5,Positive,Positive,Positive,Positive,Positive
17279d15-1765-4ea7-9e92-2a066c51caf9,Barclays,so easy to bank transfers and lm not good with modern phones,5,Positive,Positive,Negative,Positive,Positive
b5150e28-c61f-4774-b572-2186b4b10b11,Barclays,easy,5,Positive,Positive,Positive,Positive,Positive
dd59d94d-30a0-42d1-bc67-7a90f6e56418,Barclays,very happy with banking easy to understand thank you,5,Positive,Positive,Positive,Positive,Positive
5627435d-b7ec-4f84-b034-41e9922b78d3,Barclays,good app keeps you up to date with you're finances check you're balance have a savings account attached to the main bank would recommend this bank and the app always there to help 😀,5,Positive,Positive,Positive,Positive,Positive
61a9e532-1d7a-4308-a56c-e2d3bde0cc56,Barclays,easy to use great app,5,Positive,Positive,Positive,Positive,Positive
fcc54eee-9600-4150-873b-8af14c9f128d,Barclays,very easy to use and quick,5,Positive,Positive,Positive,Positive,Positive
affac1b8-d43e-476c-b916-c0630d49444d,Barclays,"unreliable, keeps closing which is a pain as closest branch is 7 miles away and has just closed indefinitely meaning a 30 mile round trip plus parking charges!!",1,Negative,Negative,Negative,Negative,Negative
3c4135b4-26a7-4965-9097-429f74b108a2,Barclays,Arti was amazing thank you very much,5,Positive,Positive,Positive,Positive,Positive
b867d36a-fe2b-46cf-9b91-d9b9df3ec762,Barclays,instant and easy to manage.,5,Positive,Positive,Positive,Positive,Positive
7a7fefc7-753b-472f-b657-aaf13e420474,Barclays,"Very Easy to use App, that allows more control of your money.",5,Positive,Positive,Positive,Positive,Positive
678b6aa6-c7dc-447e-a013-57eab01cf9b0,Barclays,Great work,5,Positive,Positive,Positive,Positive,Positive
95c9f5b7-2b88-4bc8-952b-98cb175cffe9,Barclays,great easy to use,5,Positive,Positive,Positive,Positive,Positive
cbffd856-ae80-4ac5-9178-faa342626241,Barclays,app is very easy to use,5,Positive,Positive,Positive,Positive,Positive
700666a5-b4a6-4c2c-a92e-a1dfb97e86ab,Barclays,Great experience always and very helpful.,5,Positive,Positive,Positive,Positive,Positive
40132d82-bb3f-4c32-b99a-9e01b3b26ea7,Barclays,always spot on. 👌,5,Positive,Neutral,Positive,Positive,Positive
98b4e737-d27c-48e0-ad87-1a7243be417b,Barclays,perfect service and easy to use,5,Positive,Positive,Positive,Positive,Positive
c5873777-c2e2-47c9-a8db-59b3478d08f1,Barclays,Since the closure of my local branch. This has been super useful. Still need face to face occasionally but this helps.,5,Positive,Positive,Positive,Positive,Positive
899ec9d4-a056-4363-b488-cf9d8c128146,Barclays,very easy to use easy access to transfer money to accounts,5,Positive,Positive,Positive,Positive,Positive
4c30f0f5-4760-48dc-915d-36fde2add9d2,Barclays,great for transferring money day or night when it comes to investing I would like to see how much my savings are under or over please would be extremely helpful thank you,4,Positive,Positive,Positive,Positive,Positive
c6f12752-700e-40d3-ba16-7f18254af55a,Barclays,always easy to navigate,5,Positive,Positive,Positive,Positive,Positive
184b0466-1737-4739-b4b3-4db13de20b90,Barclays,very happy,5,Positive,Positive,Positive,Positive,Positive
ed86238a-a31c-4e39-ae45-2f071bc93f42,Barclays,having issues with the app keep stopping and not loading it just shuts the app down and cannot access online banking,3,Neutral,Negative,Negative,Negative,Negative
e6fca6b0-fdaf-45ec-b4ce-442c94e887aa,Barclays,"easy to use and navigate pay money to anyone different , acconts to see where you have spent",5,Positive,Positive,Neutral,Positive,Positive
ff1679fa-2a35-4d9f-a53a-0936454b75a3,Barclays,"installed countless times, keep crashing.",1,Negative,Neutral,Negative,Negative,Negative
1c695cdb-426b-4a9c-b36b-c0518de4eb81,Barclays,"Balance does not update following a transfer out or into another barclays account. Pull down to refresh doesnt refresh that, so have to kill the app and log back in. Seriously? 3 months later still same issue. Get it sorted it an embarrassment PLEASE",1,Negative,Negative,Negative,Negative,Negative
1a07900a-3d38-4e80-bfdf-7bd3a9f2e509,Barclays,Awesome,5,Positive,Positive,Positive,Positive,Positive
9765d132-4e24-41e4-aa6e-51657c62e482,Barclays,Love the app. Quick and easy to use,4,Positive,Positive,Positive,Positive,Positive
8c3ed41b-d7a6-466b-888a-d2dc45bbe5bf,Barclays,very efficient,5,Positive,Positive,Positive,Positive,Positive
3ce085ee-e651-4d81-8c31-9d12ee487f7c,Barclays,"Have always dreaded paying in cheque payments in with the app, but today was different. It worked 1st time. This feature worked flawlessly. no retaking photos countless times to get it right. Never had any problems with the rest of app.",5,Positive,Neutral,Positive,Positive,Positive
2f71b866-ef77-4458-888e-887bdffdf7e4,Barclays,easy to use,5,Positive,Positive,Positive,Positive,Positive
7111ee40-2599-4b11-bb27-4765c84c0324,Barclays,excellent,5,Positive,Positive,Positive,Positive,Positive
93621e01-1fba-49ed-b878-bfa463415a80,Barclays,The app is quick and straight forward excellent app am not very good at technology your app was easy for me to set up thanks,5,Positive,Positive,Positive,Positive,Positive
b1901cbf-95b4-40bf-bb56-9d2207e8d9a4,Barclays,fantastic,5,Positive,Positive,Positive,Positive,Positive
d07ab444-4ef7-412f-b42a-d62c7fa75889,Barclays,"Excellent, quick and easy transactions.",5,Positive,Positive,Positive,Positive,Positive
1f0f0ac3-3580-465d-b4f7-e363001526ef,Barclays,really need to have notification pop ups when making a payment/transfer etc,3,Neutral,Neutral,Neutral,Positive,Neutral
59f0db47-f6dc-431e-a7c5-55b4d9ec3d86,Barclays,excellent rapid service,5,Positive,Positive,Positive,Positive,Positive
c591f357-a717-49da-a1b8-2e825574bb3b,Barclays,Experiences have been good so far. Thanks.,5,Positive,Positive,Positive,Positive,Positive
8f7fdf64-73b9-4de8-8d2f-df58d14ff97c,Barclays,always available,5,Positive,Neutral,Positive,Positive,Positive
f9ac998f-534b-4e5b-91bb-b90bdee243dc,Barclays,simple to use.Very good.,5,Positive,Positive,Positive,Positive,Positive
1bfe1939-b2af-4074-bc2f-ae4cdadc4c9e,Barclays,Quick and easy to navigate and use,5,Positive,Positive,Positive,Positive,Positive
234d018f-209f-4e2b-8530-052661185afc,Barclays,Best service,5,Positive,Positive,Positive,Positive,Positive
cde33eef-bd01-4a07-906b-34fd5e30ed49,Barclays,Trying to make a payment none of the options were applicable. Other Option please state would help.,4,Positive,Positive,Negative,Negative,Negative
6035b477-71cd-44a3-9862-a84e09cf0c13,Barclays,Excellant and safe process,5,Positive,Positive,Positive,Positive,Positive
c6ae12fd-eb9a-4a66-972b-634f5f6e450c,Barclays,Excellent,5,Positive,Positive,Positive,Positive,Positive
939a922c-5cf4-4785-9c9b-850d6db052da,Barclays,excellent,5,Positive,Positive,Positive,Positive,Positive
07d36516-7bf4-4848-8051-bde651dd75bd,Barclays,"Fantastic with no issues,so easy to use",5,Positive,Positive,Positive,Positive,Positive
b3a6af01-7869-45cd-b723-2236a4abfef3,Barclays,easy to use,5,Positive,Positive,Positive,Positive,Positive
c65bacf0-564c-4def-bed9-b1639b7cebb8,Barclays,Very easy to work wit h.,5,Positive,Positive,Positive,Positive,Positive
f3843380-709c-4353-8b68-ab5e11aa43a9,Barclays,it is so easy to use and understand,5,Positive,Positive,Positive,Positive,Positive
63139001-0393-40bc-9b4d-4ee71e4fa4e0,Barclays,No 1 for service,5,Positive,Negative,Neutral,Positive,Negative
97bb5057-46ee-444f-9848-0bbdb4e23e26,Barclays,quick and easy.,5,Positive,Positive,Positive,Positive,Positive
b5cba569-2b96-460f-8157-0e1f770afe64,Barclays,easy to use.,5,Positive,Positive,Positive,Positive,Positive
f414b9a1-d529-4616-ae53-2b6922122855,Barclays,"changed my rating....ive recently changed my phone,and the barclays app has made it so hard to transfer your app to another phone,by making you go round in circles,doing the same shyte,over and over again....coming close to closing my account and going with another bank....",1,Negative,Negative,Negative,Negative,Negative
f6c5f670-cea4-4da5-abca-d012cab4aa66,Barclays,"Very easy and safe to use, with a comprehensive set of functions.",5,Positive,Positive,Positive,Positive,Positive
20ca236d-700c-4f74-ad7b-421d46ce3b76,Barclays,"Cannot do anything at all in the app, gave up applying for an account",1,Negative,Neutral,Negative,Positive,Negative
a8764b32-861f-471e-92e9-f4793d727e59,Barclays,very easy to use,5,Positive,Positive,Positive,Positive,Positive
01969c09-63f8-4249-8899-5934937e169b,Barclays,"Im not good with online apps.But I find Barclays have made it easy enough for me to navigate and confident to use.Plus if I have a question that cant be answered in the app.I know there is a Barclay surgery/hub near where I live.( although these seem to be thinning out , my only concern, alot of people my age group still prefer a human to speak to)",5,Positive,Positive,Neutral,Positive,Positive
a15c2b8c-c673-42d7-aca3-255489acc856,Barclays,Easy to use for payments etc if only it gave you more money too!,5,Positive,Positive,Positive,Positive,Positive
35d9322a-6830-4ec8-87a4-9c603a401ac1,Barclays,Simple to use and I was just reminded that my account balance was low. I simply transferred funds into the low account. Extremely helpful.,5,Positive,Neutral,Positive,Positive,Positive
e16f6cf3-baf6-4b4d-8974-efc81ec62605,Barclays,simply brilliant find it great to manage my money with the accounts you can create with the account and web site / app easy to use,5,Positive,Positive,Positive,Positive,Positive
a6546838-b6ab-441b-8d91-63226ce68449,Barclays,"I cant fault it. 🙂 quick , easy and professional.",5,Positive,Positive,Positive,Positive,Positive
c7924fe7-6da1-45a0-a869-cbb386080a04,Barclays,bellissimo,5,Positive,Neutral,Neutral,Positive,Positive
be9d5814-54f8-423a-a37a-dd691c911378,Barclays,"although I was unsure ofthe app. Im converted, great.",5,Positive,Positive,Positive,Positive,Positive
b71d5a39-95d5-46f4-8203-84e8d2e60980,Barclays,user friendly easy to use and everything is there with ease of access,5,Positive,Positive,Positive,Positive,Positive
637c9fdb-404b-4386-8b1d-3f79bf4098c5,Barclays,very easy to transfer. Clear instructions,5,Positive,Positive,Positive,Positive,Positive
ff12e5d7-490f-4758-8454-fae8b2fb55ba,Barclays,excellent,5,Positive,Positive,Positive,Positive,Positive
669f82d9-8693-4cc9-b95d-439da424cd93,Barclays,would be 5 stars but sometimes will not open.,4,Positive,Neutral,Neutral,Positive,Positive
94b6740f-763c-4a17-b8c7-fb6a1e2eebef,Barclays,fast,5,Positive,Neutral,Neutral,Positive,Positive
6542b51a-13d3-45a8-a0a8-7cf1936378a7,Barclays,easy and efficient,5,Positive,Positive,Positive,Positive,Positive
96c742f7-b72a-422b-a76c-ab74b036bd47,Barclays,very easy to use....even for a first time Internet banker,5,Positive,Positive,Positive,Positive,Positive
d25f4f5b-9d39-479c-a4b5-9b0a17c2277b,Barclays,"always very good and I can manage it. if not they help, thank you",5,Positive,Neutral,Positive,Positive,Positive
2f15d76f-c769-43fe-880e-1e9ec7c377b4,Barclays,good service,5,Positive,Positive,Positive,Positive,Positive
24691fbf-a2f9-4ea0-893c-e865e50329b1,Barclays,convenient,5,Positive,Neutral,Neutral,Positive,Positive
533c9663-90bc-4d01-93a3-ccc4f84274bb,Barclays,easy to use and manage.,5,Positive,Positive,Positive,Positive,Positive
a9714e7f-787f-462a-b113-961abb54693a,Barclays,Excellent and easy to use and much better quality than before.,4,Positive,Positive,Positive,Positive,Positive
c9d87601-0cdd-424e-ac10-d115c6246603,Barclays,"easy to access, no issues",5,Positive,Positive,Positive,Positive,Positive
576e46ad-b685-42ab-bdc6-e22937846398,Barclays,very easy and quick to use,5,Positive,Positive,Positive,Positive,Positive
0c004f9f-e2cd-4e8e-a9a0-958f49f624b0,Barclays,generally very good,4,Positive,Positive,Positive,Positive,Positive
2dade918-0454-4024-9cb0-a547ae50f737,Barclays,streamlined and secure. easy to navigate and use,5,Positive,Positive,Positive,Positive,Positive
654cbb8b-3dc2-44b5-ac59-63c9989f58d8,Barclays,really easy app to use and very easy to navigate to what you are looking for,5,Positive,Positive,Positive,Positive,Positive
8dc0df79-db48-4a12-93be-cf2b4c251a97,Barclays,patience required,3,Neutral,Neutral,Neutral,Positive,Positive
df774105-a510-4e46-9c4c-afee1e4c8d0f,Barclays,"So simple to use, can't fault it.",5,Positive,Positive,Positive,Positive,Positive
b4d483bf-2e72-4411-ab00-24b1618f3ef3,Barclays,"Very good, on my phone, and iPad its great, and no problems! 10/10 I've been asked for an update. 10/03/26 Everything as above and still 10)10.",5,Positive,Positive,Positive,Positive,Positive
441a7175-7300-49a4-8531-92f2d599724b,Barclays,Quick,5,Positive,Neutral,Neutral,Positive,Positive
49f33cf1-bd9f-4cbd-bf5f-c3db7b3e7a06,Barclays,Excellent service 👏,5,Positive,Positive,Positive,Positive,Positive
bb8db2b1-fe34-4f16-9ade-33e33d6d33d0,Barclays,nice.,5,Positive,Positive,Positive,Positive,Positive
fbef3460-f24f-425c-8186-444a8ed1f4c5,Barclays,Easy to follow,5,Positive,Positive,Positive,Positive,Positive
eb64bc8d-c8ce-4eb1-9099-3e9488ec5dc6,Barclays,very simple to use,5,Positive,Neutral,Positive,Positive,Positive
dfe9740a-cd01-4872-8385-2a3725bc0885,Barclays,I haven't had any difficulty navigating this app. It's quite straightforward.,4,Positive,Positive,Positive,Positive,Positive
12039f7a-c07b-448e-b8b5-0e60f2f34de8,Barclays,only changes to this reliable servicice 6are improvements,5,Positive,Positive,Neutral,Positive,Positive
5e549d1a-d60a-4e22-9b26-68d124a6282d,Barclays,good app easy to navigate,5,Positive,Positive,Positive,Positive,Positive
9ae67b32-874c-4d07-933f-a739c77f0de7,Barclays,"pretty good, but missing some features you get online.",4,Positive,Positive,Positive,Positive,Positive
545c3daf-76a8-4ffa-af1b-8f04e1cb5dd9,Barclays,easy to use banking app.,5,Positive,Positive,Positive,Positive,Positive
c4d53ee3-7101-4ada-8fea-7cb6bdd4d0cb,Barclays,"Doing the job ,",5,Positive,Neutral,Neutral,Positive,Positive
58a78786-c9d6-4006-b7ff-5629000c4f0e,Barclays,"If you are transferring money to another account, from Barclays to another bank it can be confusing . Thank you anyway.",2,Negative,Positive,Neutral,Positive,Positive
52164844-9e9e-4303-b928-fb61ffc9075d,Barclays,Nice.,5,Positive,Positive,Positive,Positive,Positive
71b2204e-5e51-4340-bc4b-66d79c24b53a,Barclays,Very easy and quick to use with no problems at all,5,Positive,Negative,Positive,Positive,Positive
32f3e3d1-a821-4756-a965-0a544ae6e7be,Barclays,"One of the better bank apps - Nationwide's is very slightly better for example, NatWest's is slightly worse",4,Positive,Positive,Positive,Negative,Positive
4e012335-b7de-40f8-81c0-742e0923d348,Barclays,"Easy to use, transforms banking.",5,Positive,Positive,Positive,Positive,Positive
ebbfd453-4fe7-4731-a1f1-e5ff00dd7dc5,Barclays,easy to use,5,Positive,Positive,Positive,Positive,Positive
f680ed39-e380-443d-858d-7d5ca48916a0,Barclays,"So easy to use. I can quickly organise my finances. Plus, the fear of misplacing my card is old news.",5,Positive,Neutral,Positive,Positive,Positive
4fda2cdb-04ec-4255-870b-ec16722b25a2,Barclays,help full,5,Positive,Positive,Neutral,Positive,Positive
9f294424-2e43-4890-8167-6827af8b4f15,Barclays,Exceptionally impressive. Seamless and easy banking,5,Positive,Positive,Positive,Positive,Positive
d57173c0-6dd6-4633-930f-3a7e45daf187,Barclays,Never used another bank app but I certainly have no issues with this one,5,Positive,Positive,Neutral,Positive,Positive
f75f404a-3a73-4705-b375-93486b0e2ea6,Barclays,Great app to control your finances 👍,5,Positive,Positive,Positive,Positive,Positive
a34e79b6-816c-4ba3-8cb1-99022a8b4f55,Barclays,Easy to set up and use.,5,Positive,Positive,Positive,Positive,Positive
d13dbb4c-713a-4d76-b315-6543d5b5b52b,Barclays,Very easy to use first class as always,5,Positive,Positive,Positive,Positive,Positive
892f4156-d636-4952-bf5c-1b3638717151,Barclays,very easy to use and safe,5,Positive,Positive,Positive,Positive,Positive
c158dbeb-e1f1-4c23-b670-3a69ee6eadf8,Barclays,very reliable,5,Positive,Neutral,Positive,Positive,Positive
19d29357-8b87-4984-a4f0-172235cabf1f,Barclays,Easy to navigate,5,Positive,Positive,Positive,Positive,Positive
fb3937dd-5cee-4985-8e0d-8d20cea498a6,Barclays,Easy to use,4,Positive,Positive,Positive,Positive,Positive
b6be2565-17a3-467e-8587-53aa3ba8ba7a,Barclays,"Excellent, efficient service for me. Unfortunately some people with less experience are struggling. I would advise to take into consideration that with aging people's abilities decline. Although, they are most likely to be high funds holders. You should support those customers instead they to look for a middle man. Just imagine you'll be there soon..",5,Positive,Positive,Positive,Positive,Positive
7b576527-781a-40c7-8c84-b1d2c6a4a755,Barclays,quick and easy.,5,Positive,Positive,Positive,Positive,Positive
71767cd9-d01d-4c25-90fb-6539a4e59835,Barclays,"Awful, avoid Barclays if possible",1,Negative,Negative,Negative,Negative,Negative
ab1409c8-41b6-4545-92da-20eb6df705f7,Barclays,very good didn't think I would like it,5,Positive,Positive,Positive,Positive,Positive
c18abee1-f6ed-4363-8c95-2d32566e5680,Barclays,brilliant always works,5,Positive,Positive,Positive,Positive,Positive
6fe4e16e-4981-4889-9f25-f8cc3cc431b3,Barclays,Services are just superb 👌,5,Positive,Positive,Positive,Positive,Positive
8a4ea416-8f98-4c34-a880-da2eec371e39,Barclays,Excellent,5,Positive,Positive,Positive,Positive,Positive
1d810455-3bdb-443f-af37-3d22f10fc567,Barclays,"easy to use, and makes live a little better",5,Positive,Positive,Positive,Positive,Positive
6a7fbb07-a4f8-47e8-a043-491cb05bc847,Barclays,easy to navigate,5,Positive,Positive,Positive,Positive,Positive
86d03cea-d036-4b29-89c0-cb3749a8ade0,Barclays,"very easy to navigate, transferring money and staff are helpful. thank you Barclays.",5,Positive,Positive,Positive,Positive,Positive
f59d2722-34b4-46c3-a627-bfca9c0a41ee,Barclays,"An absolutely awful app. Only works when it wants to. When I need to urgently check my balance, it never works. Always causing problems and stress. Do not download unless you are prepared for stress because it just randomly decides to not work.",1,Negative,Negative,Negative,Negative,Negative
ad05a374-fc7c-4aea-846f-20d1e6b3e1ed,Barclays,"awful app where the UI has inconsistencies all over from displaying your accounts, to paying someone to the ridiculous amount of pages needed for information that other banks all have managed to display in not only a more friendly manner but also it costing pages of paper to print despite the shocking amount of updates that go on during the only time most people will want to use it: the weekend!",1,Negative,Positive,Negative,Negative,Negative
bbd0d84b-b0aa-4e44-b3d9-94bbed82e255,Barclays,quick and easy,5,Positive,Positive,Positive,Positive,Positive
8f505a7f-5743-4bf8-8db0-80532e143963,Barclays,App simple to use and efficient.,5,Positive,Positive,Positive,Positive,Positive
4e35a73e-cadf-473d-8fb7-5f0388a4bb60,Barclays,brilliant 👍,5,Positive,Positive,Positive,Positive,Positive
77794e64-aaae-45e9-8e3e-86af54f3fce4,Barclays,fantastic,5,Positive,Positive,Positive,Positive,Positive
a1484832-ad8a-4d84-abbd-8b9698f66d62,Barclays,Had some initial glitch where the app would not recognize the payees name,4,Positive,Neutral,Negative,Positive,Positive
2d2dc91b-ee8d-4fba-a389-06813691c182,Barclays,Brilliant easy to use and simple to use,5,Positive,Positive,Positive,Positive,Positive
1d73e97f-44fe-4a81-8a10-f60f2a90bbd2,Barclays,Excellent Service,5,Positive,Positive,Positive,Positive,Positive
7d4efb2c-0588-4867-8b9d-2602b0280fea,Barclays,excellent way to check for scams,5,Positive,Neutral,Positive,Positive,Positive
a7a20d38-eae4-4c8d-b035-b90bc803f83f,Barclays,Been fantastic in general,4,Positive,Positive,Positive,Positive,Positive
d5fae18f-a7c6-4cb4-8e8c-02cb239bb6ad,Barclays,"Good service, keep the good work 👏",5,Positive,Positive,Positive,Positive,Positive
b7a23e9d-cbfd-48bf-a575-00d4ad35cc4c,Barclays,"Simple, easy to use. Great that you can pause or cancel card as well as see balance, savings pots and make speedy payments",5,Positive,Positive,Positive,Positive,Positive
34090d5c-34aa-4fd4-bf39-bd587c15dc5f,Barclays,awesome service and faster,5,Positive,Positive,Positive,Positive,Positive
91ea35b4-9e84-4814-aa38-e3ec553d22dd,Barclays,easy to use app. lots of information at my fingertìps,5,Positive,Positive,Positive,Positive,Positive
ac8812b5-2120-4698-8fa0-ae2bdf05ea30,Barclays,Brilliant not encountered any problems yet.,5,Positive,Positive,Positive,Positive,Positive
a77fde44-3a22-46af-b132-949a31b12b2a,Barclays,"love the app, able to do do much more than just online banking, no problems or issues atall.",5,Positive,Positive,Positive,Positive,Positive
d2757dec-a48f-4e5e-95d4-c66b14ba247f,Barclays,Still excellent after many years of use,5,Positive,Positive,Positive,Positive,Positive
d1f49e92-03a4-4e48-909c-0ece20460221,Barclays,easy,4,Positive,Positive,Positive,Positive,Positive
d862441a-9aeb-4421-9b77-f82a65e00349,Barclays,"Transferring money between accounts at anytime of the day or night is very straightforward using security biometrics, withdrawal of cash, ""now that would make the app perfect!""",5,Positive,Positive,Positive,Positive,Positive
bc655515-7dd0-40ff-afce-9e3e694c5bb3,Barclays,"App is brilliant and works well, good for keeping on top of bills, I dont think ive ever been to the bank in years since I have had this barclays app and cheques clear in minutes. The App tells you as well that your balance is under 20 pounds.",5,Positive,Positive,Positive,Positive,Positive
b523dc31-8935-47fd-a0d7-9f41c1ddcc9d,Barclays,An exciting experience of banking with a high street banking institution/ commercial entity with a sense of improving the goodwill established over the years.,5,Positive,Positive,Positive,Positive,Positive
45f5e16f-c73b-43ba-b943-434e7680c720,Barclays,unable to print payment transaction,1,Negative,Neutral,Negative,Negative,Negative
0ddfb099-ee31-4bb8-9b04-b48dce3d651d,Barclays,"new account, holding my money hostage for days (apparently for my security) before I'm able to access it or pay/transfer. Have had to make alternative arrangements for my mortgage payment - so much for my security, very very bad start to my banking switch.",1,Negative,Negative,Negative,Negative,Negative
4c565c47-c49f-4631-8eb0-59f3db39c98c,Barclays,"wont let me get past the registration stage. I complete it, click next and it just takes me right back to the start everytime",1,Negative,Neutral,Negative,Negative,Negative
9f8ede55-00a9-4eff-bf54-935f6ec49ac6,Barclays,It is very convenient and easy to use.,5,Positive,Positive,Positive,Positive,Positive
0f9974d9-4e88-4899-b90e-37d5ed100fb0,Barclays,No problem excelent setvice,5,Positive,Negative,Positive,Positive,Positive
5432a273-3e32-4c64-91e1-cb4593f22dd1,Barclays,i got very good experience with Barclays,5,Positive,Positive,Positive,Positive,Positive
10c6a30f-1811-4702-a305-98ca7f545cef,Barclays,now I know how to use it I find it's useful,5,Positive,Positive,Positive,Positive,Positive
49d9d965-045e-45b9-b1a8-4746da2bef28,Barclays,Fast and efficient,5,Positive,Positive,Positive,Positive,Positive
10adfa51-3820-48ab-9ed7-1518fbbdfe91,Barclays,good Basic banking app,5,Positive,Positive,Positive,Positive,Positive
681e1c2c-65ed-4030-aa4e-725f8f4bf797,Barclays,Best Digital Platform from one of the biggest banks!,5,Positive,Positive,Positive,Positive,Positive
9b88c9fb-460d-43ac-8f06-3a4dad306d99,Barclays,it's been a very easy and quick way to manage your payments etc,5,Positive,Positive,Positive,Positive,Positive
703ca945-6a65-4d4c-a220-4a6edfb92063,Barclays,easy to do,4,Positive,Positive,Positive,Positive,Positive
e60bf6b2-8cdb-418a-8c6a-73104198746b,Barclays,"Great app. So easy and secure to use. Love all the features and allows me to control my banking , card limits etc. Quickest transfers. always helpful friendly staff. regular updates.. had no issues ever.",5,Positive,Positive,Positive,Positive,Positive
807fa7cc-bbf1-4773-893e-a8f8e5845be6,Barclays,much easier too use..,5,Positive,Positive,Positive,Positive,Positive
358eb899-abff-4728-b01a-330a566780aa,Barclays,Brilliant. You can do just about anything with mobile banking on the spot. It Certainly helps as you can check anytime what's coming and going from your account.,5,Positive,Positive,Positive,Positive,Positive
0b3bc68a-8e3c-4dfb-86e4-9c0159db246d,Barclays,Perfect,5,Positive,Positive,Positive,Positive,Positive
6c3826e0-9895-4789-9461-9d4869e1a9ba,Barclays,exceptional,5,Positive,Neutral,Positive,Positive,Positive
55cfd695-ef1d-4be5-a0e6-b4d079829936,Barclays,Easy to use,5,Positive,Positive,Positive,Positive,Positive
e67a1350-c4db-4f00-a623-0ad3bbfbb2af,Barclays,easy to use,5,Positive,Positive,Positive,Positive,Positive
ecd33978-7b23-4660-a558-99dc3f9fcee6,Barclays,"secure,easy to use,can access and manage my account 24/7",5,Positive,Neutral,Positive,Positive,Positive
01241eab-36c5-4968-8aa1-9ec486332596,Barclays,quick and easy to navigate very pleased with the app,5,Positive,Positive,Positive,Positive,Positive
879e7abd-c7bb-4acb-88ac-e234cf8d8311,Barclays,"clean interface, simple to use and does everything I need. I've ordered replacement cards, authorised payments, paid in physical cheques, transferred funds between accounts and even created accounts with no issues at all. Notifications also keep me updated with bank changes. Great app, if you are a Barclays customer you need this.",5,Positive,Positive,Positive,Positive,Positive
d56df5dd-60d6-4408-ad98-2b8f6d0d1f56,Barclays,"so easy to use for day to day banking, checking out different means of savings accounts, shares, ISA's and straight forward to make contact with a human if needed",5,Positive,Positive,Positive,Positive,Positive
f3568581-6d79-4edf-8185-34ea87f23800,Barclays,shame it won't give payment notifications,2,Negative,Negative,Negative,Positive,Negative
25a92394-9a20-44b2-b211-dfc667cf2c98,Barclays,Excellent and so user friendly,5,Positive,Positive,Positive,Positive,Positive
eb747ca4-de51-4567-b090-a65e84954373,Barclays,"What the heck is going on with Barclays online banking right now? I keep trying to pay my Barclaycard bill, but the App just says I 'can't do that right now' - I then try doing it through the website portal, it says I have to use a debit card, so I enter my debit card details and the site just goes to a blank page! Is this how Barclays/Barclaycard intends to make money now, by preventing customers from paying their credit card bills?! If you're thinking of installing: AVOID!!!",1,Negative,Negative,Negative,Negative,Negative
3f143aea-576d-4ec4-9eea-73af37699c05,Barclays,very convenient and easy to use .,5,Positive,Positive,Positive,Positive,Positive
d2028e32-7d64-4dbd-9ea4-55703dda3f81,Barclays,fantastic,5,Positive,Positive,Positive,Positive,Positive
8e3f674d-6502-473f-865a-4b5f2e970316,Barclays,excellent,5,Positive,Positive,Positive,Positive,Positive
3c845fb8-d9f2-4e4c-bb9d-c5ddc538c2c6,Barclays,fantastic,5,Positive,Positive,Positive,Positive,Positive
dd703f1c-b0db-4873-a49e-83e8d29de1ad,Barclays,Easy and very simple to use and you will never need admin or help to access because I applied when I was on the bus and the next day my bank card arrived,5,Positive,Positive,Positive,Positive,Positive
8e005f85-1c93-42e8-9102-07eed53bd928,Barclays,"brilliant service, thanks",5,Positive,Positive,Positive,Positive,Positive
2d3080a4-a9b1-42ac-947b-d87330d6d2e1,Barclays,very easy to use. everything you require on this app.,5,Positive,Positive,Positive,Positive,Positive
d61255c9-f18b-4097-8af2-065644986bb7,Barclays,the app is so simple to use and helpful,5,Positive,Positive,Positive,Positive,Positive
0bad9973-b7cb-4366-b14d-a0608881e36a,Barclays,"Can't access my profile. Have spoken to customer service multiple times and been in branch. No joy. I use for business banking. If I had my time again, I'd choose a different bank.",2,Negative,Positive,Negative,Negative,Negative
418194e6-1883-45c7-a1c2-b5c242bc79c8,Barclays,This app is easy to use and hardly any errors.,5,Positive,Positive,Positive,Positive,Positive
a10a92de-8788-4235-92c6-780f63800ff0,Barclays,Easy to make payments and keep track of your money and to make transfer of money,5,Positive,Positive,Neutral,Positive,Positive
66ca0eda-a982-4528-9ff8-5235a5ec0b46,Barclays,unable to pay the bill. keeps asking me to download the new version. already done this,1,Negative,Negative,Negative,Negative,Negative
1bd64430-0ac8-45ed-b478-b4e59163b54d,Barclays,easy to use and secure,5,Positive,Positive,Positive,Positive,Positive
f3da307d-c145-475d-9186-9446ff351aa3,Barclays,simple,5,Positive,Neutral,Neutral,Positive,Positive
a829d29e-b6e8-44f6-b036-8daba4d5a497,Barclays,fast and reliable banking,5,Positive,Neutral,Positive,Positive,Positive
37a7963c-498a-4aba-a635-61de2e26061e,Barclays,very easy to understand and follow.,5,Positive,Positive,Positive,Positive,Positive
9f0d6699-1ed7-4166-9a67-710df7466cbf,Barclays,Very quick and easy to use. I get an immediate notification of payments which is very useful. I haven't managed to find many places where you can tap your phone to make a payment. Continues to meet my requirements without problems.,5,Positive,Positive,Positive,Positive,Positive
421634e7-33fe-45ac-981a-72bdf9ae8221,Barclays,"Barclays App Is The Best Way To Check Your Balance And What Other Things That Are Available At Your Statements Online, Well Done Barclays",5,Positive,Positive,Positive,Positive,Positive
7ffd93e1-5ed8-408b-b7f3-b5da104d98de,Barclays,Best of the best from A-Z,5,Positive,Positive,Positive,Positive,Positive
75cd7e12-bc84-4035-ae78-fe2c22dd1a1b,Barclays,does not have enough options to search in / out etc. no straight forward to navigate around.,3,Neutral,Negative,Negative,Positive,Negative
8a0659d3-fed3-4f91-8951-c1db341830e0,Barclays,not happy with services.,1,Negative,Negative,Negative,Positive,Negative
e9e1e609-0128-46a4-8216-61c105c719e3,Barclays,no problems at all with this service.,5,Positive,Negative,Positive,Positive,Positive
d34458b5-6411-447e-ba72-a7f8efd211c7,Barclays,"it's good I am happy, every thing easy. thanks",4,Positive,Positive,Positive,Positive,Positive
e95cacf4-31ce-4740-ad1c-45ec410a30d1,Barclays,very easy to use and manage my Money,4,Positive,Positive,Positive,Positive,Positive
de72f6b8-43ac-4c51-b899-49d2a82cc70c,Barclays,fantastic,5,Positive,Positive,Positive,Positive,Positive
a65f4364-5611-40d8-aaf9-6507c96009bf,Barclays,it's on point they leave nothing to chance it's prevention Barclays deal with. care and consideration for vulnerable members . thankyou everyone be safe mar of Bedford branch msnager Lisa is so amazing,5,Positive,Positive,Positive,Positive,Positive
5bf6c161-15f1-4b14-bfaf-3546dec66ae1,Barclays,useless when you need help from customer support,3,Neutral,Positive,Negative,Negative,Negative
60eba404-44ee-4351-ab85-1b554f314136,Barclays,very good service 👏,5,Positive,Positive,Positive,Positive,Positive
d09508b5-c2f4-483e-a11a-f11da2339013,Barclays,Excellent,5,Positive,Positive,Positive,Positive,Positive
b21a3319-3e90-4e11-b73d-4f7ad1b3501d,Barclays,Brilliant app easy to use,5,Positive,Positive,Positive,Positive,Positive
8f274eaa-66bf-4b5d-8bee-06107d69baf3,Barclays,Save my time .best app rocking,5,Positive,Positive,Positive,Positive,Positive
33d9716f-ec86-4c92-939e-1c32d2f06287,Barclays,"EDIT AFTER REPLY: The app is already set to the maximum time but it is still too short, especially if I have to check/confirm the payment amounts due on a different app. Each time I come back to Barclays I still have to login again. You could follow the HSBC App's principles which works much better and gives more time to check on other apps. ORIGINAL REVIEW: logs out far too soon and asks for code rather than biometrics far too often",2,Negative,Positive,Negative,Negative,Negative
6df23abf-e6c5-422b-8bfb-0d06fb4b205f,Barclays,versatile. does all you could want,5,Positive,Positive,Positive,Positive,Positive
98d2911c-fddb-4f69-a9d2-ad657db325ff,Barclays,Easy to use.,5,Positive,Positive,Positive,Positive,Positive
6e51acee-5371-4c64-ab27-968a70568736,Barclays,"Easy to use security seems ok not had any problems, everything is easy to do it's a lot easier to check account and transfer money or pay a bill it's so much easier than going to the bank. plus you know if moneys been taken out because it texts you, if you want to freeze account you can from app",5,Positive,Positive,Positive,Positive,Positive
b3dc74ff-8656-45b0-b166-6ad6afd64146,Barclays,deleted payees still appear in the saved payee list.,3,Neutral,Positive,Neutral,Positive,Neutral
f4f7c9c9-167f-492d-a42c-9f695c46d941,Barclays,nice an easy to used excellent service,5,Positive,Positive,Positive,Positive,Positive
f2a49d03-6812-4a0e-bafe-506d6a128446,Barclays,"Ms Estella, app is great way of being in control of my account wherever and whenever I want.",4,Positive,Positive,Positive,Positive,Positive
f78daa3d-1a36-4931-9e5c-dbf5492dc567,Barclays,As good as any app gets..,5,Positive,Positive,Positive,Positive,Positive
42fa6b09-1d47-4010-9333-246d981e0575,Barclays,easy to transfer,5,Positive,Positive,Positive,Positive,Positive
0c5f2b4a-52d0-4cad-99f6-5e42e94ec55a,Barclays,its user friendly good easy to use .,5,Positive,Positive,Positive,Positive,Positive
1fa1ad34-f856-4b5a-8f64-b7d383693b15,Barclays,"I've been with Barclays for more than ten years and operating online banking for more than ten years. I've enjoyed the excellent services I've received over the years and would recommend Barclays Bank to anybody, particularly the over 60s who may be scared of online banking, feel at home.",5,Positive,Positive,Positive,Positive,Positive
81d89b07-d7d5-4922-b106-152d31a5bffb,Barclays,easy to use even for me at my age.,5,Positive,Positive,Positive,Positive,Positive
ed6f781a-110a-4c33-b410-f416839ac232,Barclays,Too many faults going on 😡 and ya customer service néed too speak customers with bit respect just restall app push notifications doesn't work ??,1,Negative,Neutral,Negative,Positive,Negative
7ae9452a-3849-468c-bf08-2314088b8da3,Barclays,fast transaction,5,Positive,Neutral,Positive,Positive,Positive
ffef1e90-9327-4664-b9d8-f909e791cffd,Barclays,Perfect and big free,5,Positive,Positive,Positive,Positive,Positive
5030f6db-21de-469c-89ce-d3f9d25e9262,Barclays,Excellent. Never have any problems. The app is easy to use and navigate. Rarely down and very quick for payments and transfers within seconds.,5,Positive,Positive,Positive,Positive,Positive
aea12b49-d958-4f0f-9d81-7b5705df4a8c,Barclays,Very good application with very good banking services.,5,Positive,Positive,Positive,Positive,Positive
495e57c8-6843-48a5-aeea-d917f384b98d,Barclays,great app very easy to use,5,Positive,Positive,Positive,Positive,Positive
439d8e15-0820-42cd-8127-068abc095624,Barclays,very easy to use,5,Positive,Positive,Positive,Positive,Positive
1abd5ddb-2939-4bc8-b49b-abe4a5fbd7fc,Barclays,Poor availability,4,Positive,Negative,Negative,Negative,Negative
c270bc84-78a2-49de-a435-ca37d57d6400,Barclays,"Fast, easy and convenient",5,Positive,Positive,Positive,Positive,Positive
950c71ca-2beb-4e99-ac9e-b12043e4dad1,Barclays,the app doesn't alway start,1,Negative,Neutral,Negative,Positive,Negative
ee025ad9-23f1-404d-9c96-1b81ae33188f,Barclays,Quick and easy to use,5,Positive,Positive,Positive,Positive,Positive
51059360-3d0c-4842-b8a2-926052940ba0,Barclays,old fashioned app and services and always low interest rates,1,Negative,Positive,Neutral,Positive,Negative
645154bb-5f01-4204-9b2c-614cecc62d99,Barclays,Easy to use to pay bills or transfer money.,5,Positive,Positive,Positive,Positive,Positive
5f777930-0b2c-4ca6-a052-d88567d2b7ab,Barclays,The best,5,Positive,Positive,Positive,Positive,Positive
89fe5dbc-e6c1-4523-b1ff-a65b1391d851,Barclays,very easy to use,5,Positive,Positive,Positive,Positive,Positive
f269c02b-1a47-41e3-a516-4ca967f4a45e,Barclays,the most user friendly banking app I have ever used.,5,Positive,Positive,Positive,Positive,Positive
3de0a993-d334-44d0-9fb0-3deb7468ae8d,Barclays,Good app loads immediately apart from when maintenance is being done. Good upto date for spam and other online threats x,5,Positive,Positive,Positive,Positive,Positive
ddfa9fa6-91e6-4b78-b121-970079ccb35d,Barclays,The app lets me gamble but blocks me from buying crypto currency . Thats an infringement of my rights to earn money. In the past Barclays have been good to me and I do recomend them as a bank but taking away my ability to trade is wrong.,2,Negative,Negative,Negative,Negative,Negative
d8b3452c-ef2d-477b-b3d5-5b7991e772e4,Barclays,Control everything from one app including investments.,5,Positive,Neutral,Neutral,Positive,Positive
cf5f2291-df43-447e-83db-e44517b14d0c,Barclays,good easy and quick to use. security is favourable to card cloners,4,Positive,Positive,Positive,Positive,Positive
14bb759e-dcf7-4a86-a376-77cc15559bf3,Barclays,"Excellent, efficient",5,Positive,Positive,Positive,Positive,Positive
36f06a7a-93c1-4263-8248-febfc25945fb,Barclays,easy and secured,5,Positive,Positive,Positive,Positive,Positive
770e57e4-81fb-46b3-8ee8-a50bda1010b8,Barclays,Efficient and reliable service,5,Positive,Positive,Positive,Positive,Positive
c8739f57-90fa-4837-a6e9-19b66d203477,Barclays,"the app will no longer open on my phone, I have even tried uninstalling and re installing it, what is going on?",1,Negative,Negative,Negative,Negative,Negative
190630b3-70c6-4c84-a08f-bc58e7ad3bf9,Barclays,Pleased you have made the steps for payment & transfer clear as I was very hesitant to use paying our bills I'm this way.,5,Positive,Positive,Positive,Positive,Positive
96de1b02-f650-4d31-8e26-2bdf7093aa37,Barclays,Easy to track your finances and payments 24/7.,5,Positive,Positive,Neutral,Positive,Positive
4fecc584-278b-44d9-b296-9fec18adf6f8,Barclays,Don't know what I did without it. Makes budgeting much easier and if I'm unsure of any new banking apps I make an appointment to speak to one of the Barclay's team who have been very helpful can't fault them,5,Positive,Positive,Positive,Positive,Positive
adbbe896-b25e-4c53-8999-3edc38b30395,Barclays,it just makes managing money so much easier.,5,Positive,Positive,Positive,Positive,Positive
52e10238-0879-45b1-89e2-e431626b834b,Barclays,Brilliant and the best,5,Positive,Positive,Positive,Positive,Positive
c72e205a-ed72-4981-b446-339a68cd5d8a,Barclays,Great app does what it says,5,Positive,Positive,Positive,Positive,Positive
50c832b4-e9af-4055-af54-2e9389ec3874,Barclays,"Works perfectly, without any issues",5,Positive,Positive,Positive,Positive,Positive
914436fe-5767-4e6e-97be-d087e1f10776,Barclays,the worst app ever. always a problem with this app. also the features never worked. always says I should try again later but later never comes,1,Negative,Negative,Negative,Negative,Negative
14ff45ab-2578-4852-a183-494ac4e91ebf,Barclays,the app is an essential part of my financial planning. not sure how I coped before I got it.,5,Positive,Negative,Neutral,Positive,Positive
b255d3e4-b4c4-4d18-81fd-0dcca4e58bb7,Barclays,Excellent!,5,Positive,Positive,Positive,Positive,Positive
a9d819eb-7d93-4b45-b84b-0b10cf80afb0,Barclays,straight forward,5,Positive,Positive,Neutral,Positive,Positive
b0a28cef-f552-46b0-81de-e4e4a4a7a061,Barclays,very successful. payments easy.,5,Positive,Positive,Positive,Positive,Positive
5fb2ef7b-d9cf-416d-adee-33479ee9f697,Barclays,I want the money im owed you swindled me that -should be a + and you owe me my wages,5,Positive,Positive,Negative,Positive,Negative
d84a96f9-2acb-4fc2-865b-0c536cc6883a,Barclays,nice simple and straightforward,5,Positive,Positive,Positive,Positive,Positive
d1fada22-0672-499a-b923-2416bfac6d0a,Barclays,Really good and easy to use9,5,Positive,Positive,Positive,Positive,Positive
e8739454-bd4b-4638-ba4d-5dd8b7633849,Barclays,Good easy to use. Could be better when scrolling through transactions. Would be nice to group transactions by payee to see where money is being spent,4,Positive,Positive,Positive,Positive,Positive
4ef17289-947e-4513-9d3a-c845f342961c,Barclays,"very good.i Know what the payment was for, (husbands headstone)but found it very reassuring that you wanted confirmation that I knew what it was for.",5,Positive,Positive,Positive,Positive,Positive
0a355fcc-606c-4c40-8e0f-bc2e86ed7106,Barclays,The best way to bank. So easy to use. Security first-class. Still a brilliant way to bank Feb 2026,5,Positive,Positive,Positive,Positive,Positive
d756298c-c58b-4b16-819f-c8ff8e836de4,Barclays,"Good, but I still need help from a human.",4,Positive,Positive,Neutral,Positive,Positive
0633e7aa-ee80-4de6-8df6-f3ec17e4eefe,Barclays,"Quick, simple to understand and easy process. My only gripe is the transaction wording on who's been paid. I had one transaction that was Sodexo Catering. I hadn't got a clue what this payment was for. It turns out to be a sandwich and a drink I had bought in my local hospital cafe. This description is too vague. I think it would be helpful to see a total cost displayed of my direct debits per month.",5,Positive,Positive,Negative,Positive,Positive
60c36f2f-8ae6-4746-bc43-473eace61e38,Barclays,excellent service,5,Positive,Positive,Positive,Positive,Positive
1a6ebf2b-1473-4c35-add4-0e0cbebfb2f5,Barclays,works perfectly,5,Positive,Positive,Positive,Positive,Positive
2bcf9ff3-b076-44b1-89aa-031d09cf6aac,Barclays,find it generally easy to use plus very secure.,5,Positive,Positive,Positive,Positive,Positive
e18c7824-66af-4964-bd29-0de6fde94f04,Barclays,"Excellent App, very intuitive, reliable and secure. Update! This app used to be so reliable. Now it has all kinds of bugs. Really frustrating Barclays, get it sorted. Update: App back to working as it should. Update: Still working well - very little downtime and a strong sense of security when using it. I noticed the cheque scanning has been improved and now works very well. Update: Still working weĺl - I have just added a Barclaycard link to the App and it works well.",5,Positive,Positive,Positive,Positive,Positive
57cddfb3-f6a2-4e99-b962-5609e956c9ec,Barclays,good service,5,Positive,Positive,Positive,Positive,Positive
29aaed23-710b-4d06-950a-79a8bab67bc7,Barclays,easy to use,5,Positive,Positive,Positive,Positive,Positive
c919cfec-53c0-448e-a8fa-ce55be57862e,Barclays,easy,4,Positive,Positive,Positive,Positive,Positive
75b00dd2-8bc3-4a97-8dfa-afbd84a8f97d,Barclays,"very detailed ,but very secure",5,Positive,Positive,Positive,Positive,Positive
7ea99209-62f3-43fd-9cd0-e4c68394b190,Barclays,Great support from Cristine,5,Positive,Positive,Positive,Positive,Positive
c5d28541-f654-49cb-a2aa-a8fdefe7c66f,Barclays,Great one. I love the mobile banking app. Keep doing well Barclays 🏦 nice,5,Positive,Positive,Positive,Positive,Positive
670da224-c8bc-4c1c-b201-6591c6ac7968,Barclays,"great banking app, easy to use. trusted and safe",5,Positive,Positive,Positive,Positive,Positive
b0e2ca5a-1117-47fc-8614-82edad3b2d41,Barclays,Very easy to manage if I have had a problem iv always phoned barclays and spoken to very professional people. iv rang Barclays recently and the the staff are always so helpful.,5,Positive,Positive,Positive,Positive,Positive
8040340b-01ec-47b3-8bac-7f62043e1f74,Barclays,"easy to use,quick, always kept informed of any problems on the website.",5,Positive,Positive,Positive,Positive,Positive
9086cbe5-a2db-4939-9616-33748c606ddd,Barclays,"Never had a problem with the app, easy to use!",5,Positive,Positive,Positive,Positive,Positive
aed580a4-0290-4d2c-bb48-5519f635e54b,Barclays,Good app that is simple to use.,5,Positive,Positive,Positive,Positive,Positive
906ada63-c708-47f0-b672-dcaae38a1f8a,Barclays,excellent,5,Positive,Positive,Positive,Positive,Positive
6ec0d6a3-3b3f-4477-a6d4-490bec412def,Barclays,fantastic thanks,5,Positive,Positive,Positive,Positive,Positive
5e96a43c-159f-47c8-9007-765a34fb9543,Barclays,excellent still excellent,5,Positive,Positive,Positive,Positive,Positive
d4c27531-21b1-4a3f-a242-2382e2340701,Barclays,shambolic customer service where call handlers are rude and ignorant to your issue and repeatedly read the same line from their script. One star is generous.,1,Negative,Negative,Negative,Positive,Negative
b8f1052f-e130-40df-bd52-58aa6181d67d,Barclays,great app and a good joining bonus too.,5,Positive,Positive,Positive,Positive,Positive
0682c2cb-ea0a-4bba-9bb6-84442506c961,Barclays,"easy to use, pay, transfer and manage accounts",5,Positive,Positive,Positive,Positive,Positive
61690d96-c0a8-45b8-9dc4-0ef0c780d346,Barclays,it is working very smoothly.,5,Positive,Neutral,Positive,Negative,Positive
8d18de22-c8c9-4f1b-ac0f-6d81662af236,Barclays,"your service from the person who I spoke to was excellent and put my mind at ease,wish I could remember his name Patricia.",5,Positive,Positive,Positive,Positive,Positive
6f3504e8-8514-434a-9b98-872668fe604e,Barclays,Very easy and quick to use. No fuss and plenty of anti scam checks,5,Positive,Negative,Positive,Positive,Positive
79c2ec40-01b0-4ac0-9507-7e9fcea1d11a,Barclays,very easy to use and fast,5,Positive,Positive,Positive,Positive,Positive
56e48fb5-5e78-4aa5-8bbe-47766bc8be06,Barclays,exceptional,5,Positive,Neutral,Positive,Positive,Positive
018a332f-a4b0-402e-b9d3-c5c306389294,Barclays,no issues very fast,5,Positive,Negative,Positive,Positive,Positive
eb7d183c-e275-43ae-bd67-98b8d553e834,Barclays,Great app. Simple and straightforward! 👍,5,Positive,Positive,Positive,Positive,Positive
5ca2856b-f750-4c78-8f9d-3a145eb846d4,Barclays,easy and safe to use,5,Positive,Positive,Positive,Positive,Positive
3604ea96-f985-4ebf-a38d-9ba87689dc54,Barclays,"Easy to use, quick service.",5,Positive,Positive,Positive,Positive,Positive
ba42bdac-1ec5-43da-bea3-7d3b4174c732,Barclays,great app for money management,5,Positive,Positive,Positive,Positive,Positive
d3bd723e-4b25-468b-813f-b39ed703bf0c,Barclays,good application and keep getting more new stuff,5,Positive,Positive,Positive,Positive,Positive
8827061d-5fd7-4755-bf27-bde5e1db9402,Barclays,Best banking app. Security is very tight,5,Positive,Positive,Positive,Positive,Positive
24cbb178-c44b-42a6-bfbd-55cc7d6413d7,Barclays,always reliable and safe great app,5,Positive,Positive,Positive,Positive,Positive
ea2acf8f-61e6-4f36-a13d-c544b12364a1,Barclays,Easy to transfer money and pay bills etc.,5,Positive,Positive,Neutral,Positive,Positive
a27152b4-ed29-48e5-b9fe-549baa2cbe7f,Barclays,Great app. Wouldn't want to be without it.,5,Positive,Positive,Positive,Positive,Positive
bca08542-f20c-4207-bdb2-edc1bc4d9e07,Barclays,"All I need from everyday banking, perfect",5,Positive,Positive,Positive,Positive,Positive
82405672-61a6-48b4-9a5b-1ac38a117828,Barclays,simple to use,5,Positive,Neutral,Neutral,Positive,Positive
b534b7f9-6db2-47dc-b9a6-18811913acd2,Barclays,"trying to log in online is a joke. When i ask to log in my mobile app it just says we will send a notification, that does not happen. Barclays fails AGAIN",1,Negative,Positive,Negative,Negative,Negative
d7329db7-6c02-4b90-a00b-460a9be81813,Barclays,very helpful,5,Positive,Positive,Positive,Positive,Positive
bc779289-92ef-41fb-bf52-e43afe7f9168,Barclays,please support compatibility with GrapheneOS.,1,Negative,Positive,Neutral,Positive,Positive
e7fdcfc1-b2d5-4c4d-9991-f2a6581637ca,Barclays,Really useful App And secure 🔐,5,Positive,Positive,Positive,Positive,Positive
785d613a-4a8c-415d-ab05-ed477121c76b,Barclays,Spot on.,5,Positive,Neutral,Positive,Positive,Positive
62afbe74-2578-479f-8882-6aed096f005a,Barclays,Made life much easier,5,Positive,Positive,Positive,Positive,Positive
aa228209-0e9a-4501-ab16-045d3d64a48f,Barclays,good experience i have paid a bill but barclays look at everything to make sure it is going to the right person,5,Positive,Positive,Positive,Positive,Positive
917107ef-f52c-4abe-928b-f5cbc1f5195f,Barclays,easy peasy,5,Positive,Positive,Positive,Positive,Positive
7bffe5f6-cb84-47f8-8fc1-6214be8726d8,Barclays,Easy to use and straight forward app ⭐⭐⭐⭐⭐ 💯 👍👍,5,Positive,Positive,Positive,Positive,Positive
76d47f60-5b2f-4240-ba3d-0ba6c04d881d,Barclays,wont let me on my app keeps closing,1,Negative,Neutral,Negative,Negative,Negative
da36e54c-5ef0-4bf0-ad36-0486a13641ad,Barclays,Carnt fault it 💯,5,Positive,Negative,Neutral,Positive,Positive
2d553822-8444-40a7-aff4-ab864a265b9a,Barclays,always easy and stress free to use.,5,Positive,Positive,Positive,Positive,Positive
a71e57b3-d17b-4b28-80a1-b56e71399c66,Barclays,excellent,5,Positive,Positive,Positive,Positive,Positive
e319d6f3-b393-4e4d-bb9e-b931bd4c123b,Barclays,absolutely excellent service.,5,Positive,Positive,Positive,Positive,Positive
28a3c5c6-6d6f-45f0-8f5c-477dde7c0446,Barclays,verey helpful,5,Positive,Positive,Positive,Positive,Positive
2dc165e6-4da0-4f2a-8e8b-f8be9fec20e1,Barclays,"No rewards, significant or otherwise, interest cut with savings accounts, local branches cut, cut, cut, I have to go 5 miles plus down the road. Really would not recommend these scammers as anybody's bank by default, no thank you very much indeed.",1,Negative,Negative,Negative,Positive,Negative
38325393-d5b6-446b-be81-a823d23a0c18,Barclays,"the inability to hide ""tips"" or have features that are unavailable sw001 errors shows this app needs work",2,Negative,Negative,Negative,Negative,Negative
b49e0d6a-9030-46b0-8892-8d36b127ff58,Barclays,"had the app for years, does the job good enough, I particularly find the 'freeze card' option useful when I think I've lost my card",5,Positive,Positive,Positive,Positive,Positive
a7e1e334-7fe7-45f0-96f6-2511ceb8537f,Barclays,I have been banking with barclays for almost a decade now and find their app to be outdated compared to other competitors like monzo. it can be slow and buggy at times and lacks features other banking apps have for no additional fee. its still usable nonetheless.,3,Neutral,Positive,Negative,Positive,Positive
9a8d71f3-246c-4084-ae8d-33bcd10dffd2,Barclays,Brilliant Easy Good for stroke people brilliant staff at barclays,5,Positive,Positive,Positive,Positive,Positive
d6ea444e-f87e-4382-adc5-8f255c18e20a,Barclays,Great App to execute all your banking requirements very easily! Remains a great service! Keep it up! Nothing to add - still meeting all my requirements! Very happy with the Barclays App.,5,Positive,Positive,Positive,Positive,Positive
e14438c6-36f6-4eaf-9b30-bf9857c96f2a,Barclays,Easy to use,5,Positive,Positive,Positive,Positive,Positive
0e164ff8-703c-4f3f-a4df-d63920df714d,Barclays,"Very easy to use, thank you",5,Positive,Positive,Positive,Positive,Positive
df869871-a982-4b49-a0c1-f5db9977145c,Barclays,Can't register for the app to use it to manage my amazon installments account. How else am I supposed to manage it?,1,Negative,Positive,Negative,Negative,Negative
9c2e96ce-ebe1-4fc9-ab5c-7b23606f762f,Barclays,Easy and quick to use.,5,Positive,Positive,Positive,Positive,Positive
7c2d5ec7-c1a2-412f-b1bb-ad5600f690a3,Barclays,"easy to use, and helpful for balances and online banking and payments",5,Positive,Positive,Positive,Positive,Positive
5ecf8684-241a-4723-abd5-0633dc9917ab,Barclays,really great Banking Service 🤍🇬🇧🤍,5,Positive,Positive,Positive,Positive,Positive
6bc4e213-741b-437c-a3bb-1d09a8344995,Barclays,"It's fast, reliable, and easy to use.",5,Positive,Positive,Positive,Positive,Positive
2ab7eacf-76a0-4734-a720-ec1a0f0d1a9f,Barclays,Always excellent.,5,Positive,Positive,Positive,Positive,Positive
fd142b41-dda0-4479-b96e-46f0cd3ec28e,Barclays,it's best,5,Positive,Positive,Positive,Positive,Positive
923fcdec-1d87-4674-9b2b-b5c40cf0c6c3,Barclays,Easy to operate and can do most things there at my finger tip,5,Positive,Positive,Positive,Positive,Positive
c107fafe-9d55-4911-aadf-0518c588b1c8,Barclays,very easy no problem in transferring money,5,Positive,Negative,Positive,Positive,Positive
0fb427db-aaeb-4e5b-b338-a710cffa9e66,Barclays,"the barclays app is so easy to use, to make payments and to check payments and balances.",5,Positive,Positive,Positive,Positive,Positive
01487807-35aa-4f27-a9fe-1393eaef4d0a,Barclays,Excellent easy and fast to use so quick and convenient. Lets you organise your finances easily. and i like there got exta accounts for saving for other things or bills,5,Positive,Positive,Positive,Positive,Positive
c56e22f0-40d6-4a4d-9bfa-0605815f7ca2,Barclays,brilliant app,5,Positive,Positive,Positive,Positive,Positive
c91ece96-5308-4bd5-b6e6-1f0739feea20,Barclays,very easy to use,4,Positive,Positive,Positive,Positive,Positive
880a868e-d7a3-4e06-b48e-0fe1aa4a67d8,Barclays,"Excellent latest version even more useful. Best app for those on the go. Update: 10 years on, still of the same opinion. Now retired it's still so easy to use if you need something doing while you think of it, not when you try and remember what you were going to do!",5,Positive,Positive,Positive,Positive,Positive
4058ffde-24ac-4c5f-93c4-5b7d41119410,Barclays,easy to use. great for payment and cash transfers.,5,Positive,Positive,Positive,Positive,Positive
032a63e6-7d09-40f5-af9d-11207d0f2666,Barclays,so useful,5,Positive,Positive,Positive,Positive,Positive
08095a6f-50e9-48c9-bfef-0f036477ff6b,Barclays,"The most recent update clearly had a bug. I made a complaint and everything is back working as it previously did several hours later. Thank you Barclays, well done.",5,Positive,Positive,Positive,Positive,Positive
d579f41c-a010-4891-b8fe-1aa6bed500e8,Barclays,takes to long.,1,Negative,Neutral,Neutral,Positive,Negative
c91d8c1c-4d31-4811-93c1-9e41b7c403b9,Barclays,"been using this app for ages now, never any problems, very easy to use 10/10 from me",5,Positive,Positive,Positive,Positive,Positive
aade966f-34d4-4f9e-87c3-1c5496ac4a2e,Barclays,"Barclays bank is a fantastic an easy way to pay your bills, move your money around, pay people by bank transfer an so many other helpful ways of banking. I couldnt live without out it now I really couldn't.",5,Positive,Positive,Positive,Positive,Positive
08ee1bde-c68b-4d72-8b0c-b06a940d4db2,Barclays,I have no problem with the Barclays Bank Mobile App it's very easy and straight forward.,5,Positive,Positive,Positive,Positive,Positive
f07f0b44-4ef6-41cb-bc62-40bc42d13ba4,Barclays,Very easy without a bank close it's useful,5,Positive,Positive,Positive,Positive,Positive
708d21d1-ff63-4a2e-9dbc-4839442aeddc,Barclays,keeps crashing,1,Negative,Neutral,Negative,Negative,Negative
dfed7f85-d646-4454-bb95-dda030e03e7b,Barclays,just so easy to check payments and transfer money.,5,Positive,Positive,Positive,Positive,Positive
e51ef2b5-1303-46d6-922b-61d7b17cd695,Barclays,Usually smooth and straight forward,4,Positive,Positive,Positive,Positive,Positive
cc10f470-d76c-4a8f-9508-d3cb137261cc,Barclays,easy to use as I'm not tech savvy 😁,5,Positive,Positive,Neutral,Positive,Positive
36d82da0-998f-4d4b-86d1-f3f8892c203f,Barclays,it is not user friendly and times out way to often and to quickly which makes it virtually impossible to use while getting phone support at the same time.,1,Negative,Neutral,Negative,Negative,Negative
d0703ae5-6cae-419c-84fa-e964503260c7,Barclays,Keep the good work up.,5,Positive,Positive,Positive,Positive,Positive
384103af-a1bf-4a37-9bcc-38a7f4f6b605,Barclays,"excellent,simple and fast",5,Positive,Neutral,Positive,Positive,Positive
2d1bdadc-4577-46b3-9347-af26a512a42e,Barclays,very easy and secure,5,Positive,Positive,Positive,Positive,Positive
42897cd9-c950-429d-a700-d7c35778ac64,Barclays,"Don't forget, old people are being forced into using technology. Don't deny that. Please don't change GUI. It's a big job showing old people how to use apps and when things change, major problems occur. *** The app has a problem. You can't transfer from a stocks ISA to a normal ISA. ***",3,Neutral,Negative,Negative,Positive,Negative
44687d85-8139-4e13-8be5-83df39f4b43e,HSBC,very easy process,5,Positive,Positive,Positive,Positive,Positive
f76a1189-c7a4-423f-8d63-d003e87f62c2,HSBC,it easier,4,Positive,Positive,Neutral,Positive,Positive
2fa56dc2-c33c-416e-9608-22ba0a988be0,HSBC,"stuck with very little money in Norway, very helpful young man got me up and running with a Global Money account. He could'nt have been more helpful.",5,Positive,Positive,Positive,Positive,Positive
cdb0b037-d34c-4e9a-a288-f300c907bb1a,HSBC,Wonderful app. Easy to use,5,Positive,Positive,Positive,Positive,Positive
a0ca0704-b617-4121-a51b-48d698ef5355,HSBC,Getting this app to process and approve online purchases is often impossible.,2,Negative,Neutral,Negative,Negative,Neutral
a0637f31-33ab-44ed-98f1-2080a6206db6,HSBC,"Safe, Secure and Confident Banking",5,Positive,Positive,Positive,Positive,Positive
5701724c-5600-48ac-9824-2ad6206966bc,HSBC,rubbish! the poorest bank in Uk!,1,Negative,Negative,Negative,Negative,Negative
4914ced4-e8a3-40a4-b663-72abd8162b73,HSBC,Excellent Mobile App,5,Positive,Positive,Positive,Positive,Positive
939baa46-14d1-4594-af62-5fdda981bb65,HSBC,"The app gave me a popup when I logged in to say an account was overdue. It would be better to be notified when it is due - I suspect the only reason it doesn't is to get more money out of people. Then clicking the popup to make the payment the app crashed, twice. I had to take another route to make the payment",2,Negative,Positive,Negative,Negative,Negative
a5df739f-9db3-4b17-aaaa-617e23c0f7d8,HSBC,"doesn't open. crash continuously ZFold7 samsung. please fix it, I can't access my account without app.",1,Negative,Positive,Negative,Negative,Negative
e4e5c8e6-f915-4c2c-aec7-832cc9cae6c3,HSBC,"Despite email inviting mortgage customers to register on app, it's still not possible.",1,Negative,Negative,Negative,Negative,Negative
75923fa1-33ea-4c70-b66f-f2afebaabd02,HSBC,Not always intuitive to find functions.,4,Positive,Neutral,Negative,Positive,Neutral
a19d8fb5-6f68-4be6-8497-506eae8832aa,HSBC,I installed app then signed in but the app stalls after a few uses. I then have to uninstall and reinstall this is my 6th time please can you provide some advice on how to stop this thanks or link to help,1,Negative,Positive,Negative,Negative,Negative
a35bd066-83c7-484c-a924-34ffe673fa13,HSBC,Thank you,5,Positive,Positive,Positive,Positive,Positive
344cf6df-c544-4032-8246-5aea75ccc60a,HSBC,Exceptional...,5,Positive,Neutral,Positive,Positive,Positive
3e22b509-f57d-43dd-a8ab-b52524db697a,HSBC,"Excellent site, secure, but still easy to use!",5,Positive,Positive,Positive,Positive,Positive
613396db-e720-4a8c-9309-73fe8cd8983d,HSBC,In the mists of time I've used other banks and been treated like it's a privilege to bank there. HSBC has always been helpful to me and my business. HSBC/First Direct a great combination. 34 years and counting.,5,Positive,Positive,Positive,Positive,Positive
843fd615-6cab-40df-a7de-7b96ab5538d1,HSBC,notification YET again not working years down the line and not working shame on you HSBC talk about fraud prevention have you manually checked to see what's gone in and out of the account might as well change banks all troubleshooting done,1,Negative,Positive,Negative,Negative,Negative
a5f53a4c-040f-4249-87c0-00ad4b473288,HSBC,re-done now i can log on. I initially gave the app a one star due to the inability to log on. but i got a speedy reply explaining what to do. in this case the sort code and account number had been put as one in the email. the app seems easy to use after the initial issue. I have it for the mortgage.,3,Neutral,Positive,Positive,Negative,Positive
55dc6804-eda9-4fcf-b603-5fa161eea46c,HSBC,Just moved money to Barclays to make an international payment. The app and help from HSBC is like pulling teeth. I know I'll get instant help if I need it with Barclays,1,Negative,Positive,Negative,Positive,Positive
6b1d9ac7-e063-4d27-ae43-4d7982e2ca97,HSBC,"Nightmare for the last couple of months - keeps crashing at start up, just pauses and then shut downs. You forcestop and clear cache and it still does it - I have to restart my whole phone - which is not good when you are trying to do a payment or transfer.",1,Negative,Positive,Negative,Negative,Negative
6576d713-004e-4a45-892d-a1c3d199699e,HSBC,App keeps crashing and won't open. When it does open it crashes when I login.,1,Negative,Neutral,Negative,Negative,Negative
eec4a26f-9620-4b41-b075-d30e231b6949,HSBC,Great - professional and friendly staff member.,5,Positive,Positive,Positive,Positive,Positive
27939aef-3d61-43e5-beef-bd28058ae99c,HSBC,I am having problems setting up my account. it did not seem to recognise my ID. I photographed it and a selfie perfectly and it rejected it.,1,Negative,Negative,Negative,Positive,Negative
149518b0-4779-4e45-95ea-11bbdae778a7,HSBC,Excellent app. User friendly and with plenty of content.,5,Positive,Positive,Positive,Positive,Positive
1a5211ef-531d-4675-af01-ab6b7cd05a1b,HSBC,Painless transfer.,5,Positive,Positive,Positive,Positive,Positive
25251af1-9ac0-45eb-9aa4-d8aa6460a308,HSBC,"Smooth, fast and reliable.",5,Positive,Neutral,Positive,Positive,Positive
91ccd3cc-4ecd-41ea-85bc-99fa2ee76098,HSBC,the app is great and service of hsbc is fantastic,5,Positive,Positive,Positive,Positive,Positive
7b250983-e075-47bc-ba69-296632e451aa,HSBC,perfect,5,Positive,Positive,Positive,Positive,Positive
79d605a5-967b-4c6c-a82a-12b07beee0c3,HSBC,Easy to use and we feel secure!,5,Positive,Positive,Positive,Positive,Positive
651e1e41-ec61-4223-a552-e4c4be0eabda,HSBC,easy to use if you have a kid with a new card,5,Positive,Positive,Positive,Positive,Positive
47384661-3afd-4029-89f1-2c4105b734c4,HSBC,Amazing app 👍,5,Positive,Positive,Positive,Positive,Positive
531fe886-2e37-4e03-8f04-9ce4d5b0a7c2,HSBC,Very safe and simple to use.,5,Positive,Positive,Positive,Positive,Positive
32cf656c-4762-4963-878d-98b82d893c15,HSBC,always easy and very reliable,5,Positive,Positive,Positive,Positive,Positive
5275e249-0b09-4c9f-80e0-1a296ee8b7ef,HSBC,Amazing app,5,Positive,Positive,Positive,Positive,Positive
d18915ca-63e9-43dd-beb5-a5f8ee89fa22,HSBC,best bank ever,5,Positive,Positive,Positive,Positive,Positive
388da95f-3529-47e8-98ef-53a93772b557,HSBC,"Broken this morning. Freezes entire phone, usually asks to scan the thumb on open, today just stuck on the HSBC logo. No updates since May. Thanks for responding. Reinstalled and it works, but logged me out and now both, the app and the website need some security code from each other in order to proceed... Completely stuck. Absolutely horrendous user experience. Broken again today, stuck at the HSBC logo again...",1,Negative,Negative,Negative,Negative,Negative
cc1de8be-8036-45ee-8053-deddb1f4ee3f,HSBC,"I keep getting notifications that the app is crashing constantly and its draining my battery at an alarming rate at the moment!! Other than that, I find the app OK.",2,Negative,Positive,Negative,Negative,Neutral
e2912223-d699-4a8f-8a06-6599a32f86a5,HSBC,this app is useless I keep trying to install mobile banking on my phone but unable to do so. rubbish,1,Negative,Negative,Negative,Negative,Negative
6749c563-7442-498f-9282-c213e6acf664,HSBC,app will not open!!!,1,Negative,Neutral,Negative,Negative,Negative
c3afcc9e-fed5-488f-8c48-3afc4fe25b8f,HSBC,App was working fine on my old android phone. I upgraded my phone and can't use the app on my new phone. It detected Norton 360 running and said it hadn't been downloaded from Play Store. To use the app it says I must uninstall Norton 360 and download it from the Play Store. I always download Norton products onto new devices from my Norton account so I know they are safe and licensed to my account. HSBC support staff can only send me a validation device to access banking via the Web site.,1,Negative,Positive,Neutral,Negative,Negative
906798c3-892a-406e-bd46-29916df90291,HSBC,excellent service,5,Positive,Positive,Positive,Positive,Positive
a1d1e1a2-1c9e-4356-8356-88670a3f505b,HSBC,"It would be nice if ""delete payee"" feature was available on the app and not just on the website banking only.",1,Negative,Positive,Neutral,Positive,Neutral
7822e496-9d0a-42ee-9302-070c52d238ed,HSBC,latest update is awful and impossible to scan a qr code with the app when the only device you use is a mobile. Who thought it was a good idea to require the use of two devices to authenticate open banking ? Please restore the previous method and abolish this rubbish qr code scanning.,1,Negative,Positive,Negative,Negative,Negative
3ca68307-3cf2-4f47-8371-243259470076,HSBC,"Poor usability. This message, verbatim from the app, is a good example: ""to view more transactions go to your statements"".",2,Negative,Negative,Negative,Negative,Negative
e442609c-0383-4570-9491-6cfc7166a53c,HSBC,excellent,5,Positive,Positive,Positive,Positive,Positive
d77588d7-136d-4599-a8a6-c296f180fd1a,HSBC,I can't open,1,Negative,Neutral,Negative,Negative,Negative
4a3fbb75-5ab6-4657-af25-63ac7ec5cf82,HSBC,"Not a good bank. Still use paper for authorization. If you open your account in the app, then you don't have a phone code, soo you can't speak with theirs service. For that reason you are blocked. Really bad bank. To avoid.",1,Negative,Negative,Negative,Negative,Negative
db050d51-5444-4e0e-ab58-a5fa21bcce93,HSBC,garbage app doesn't work consistently,1,Negative,Neutral,Negative,Negative,Negative
93cf73a9-25c9-4ff0-b8d6-89f66e35dfb8,HSBC,straight forward. thanks 😊,5,Positive,Positive,Positive,Positive,Positive
dcb63200-9805-41c6-b425-c011d440109c,HSBC,wonderful,5,Positive,Positive,Positive,Positive,Positive
83c03a7a-21f8-42f7-a1ec-b68af98b321b,HSBC,"Scanning the QR code is basically impossible, I can't share any information with other services because the code doesn't scan! Also how are we supposed to scan a QR code that is on our phone? Such an awkward way of doing this.",1,Negative,Negative,Negative,Negative,Negative
dcae5f13-d2a2-4eac-8617-af80f3901d3a,HSBC,still unable to get into my account on my laptop please get this sorted out or we will change banks R Matthews,2,Negative,Positive,Negative,Negative,Negative
95801956-db9e-4223-8408-ec0cdca323ea,HSBC,Can you please add the ability to name and move around accounts in the app. The way it works now makes it difficult to know what savings account is for what. Goals don't help.,1,Negative,Neutral,Negative,Negative,Neutral
a5e6c2d0-7db5-477f-aaa3-893bdd292b04,HSBC,"totally counter intuitive and over complicated. it returns me to the same place and has had me going round in circles 5 times. Am sick of this, why can't I just talk to someone.?",1,Negative,Negative,Negative,Negative,Negative
9b84b90c-a096-4aaa-9fe8-440acb8652c4,HSBC,"Malicious app check still not removed. It's pointless phoning help desk as the malicious app check needs to be removed. App incorrectly reports Macrodroid as a malicious app, which its not.This is the only app that does this. I have at least 5 other banking apps. This stops me logging on either on the app or the website where they have introduced opening the app for login. So I'm locked out of HSBC. AVOID INSTALLING THIS APP UNTIL THIS MALICIOUS APP CHECK IS REMOVED.",1,Negative,Negative,Negative,Negative,Negative
86c194b6-8a75-41e3-b396-00c31a1c2fd7,HSBC,Service is 10 on 10.,5,Positive,Neutral,Neutral,Positive,Positive
31794cd7-aa79-42d6-958d-793083ec37bb,HSBC,is perfect is does everything what I need. i not have any complain about the app well done,5,Positive,Positive,Positive,Positive,Positive
bb36cf34-17cf-435d-a0a8-87dd90c9b0d2,HSBC,Satisfied but ask update frequently some time it's annoying.,4,Positive,Negative,Negative,Negative,Positive
d3e2b1a2-200b-40c8-b7f1-d4a3205be3e1,HSBC,having some issues with transfers,3,Neutral,Neutral,Negative,Positive,Neutral
cd1b04be-c78a-4189-935f-dfe6a007db68,HSBC,"Really secure and easy to use, would highly recommend",5,Positive,Positive,Positive,Positive,Positive
27ec3a9e-7b91-41c9-886c-285c758cbf69,HSBC,world top secure app,5,Positive,Positive,Positive,Positive,Positive
50ddfea5-ef20-4ffe-8a4b-0e29c7f03ca6,HSBC,"it is, by a large margin, the worst mobile banking app I have ever had the unfortunate displeasure of using. very clunky, not user friendly, hard to navigate and what ever you do, don't lose your phone as it won't let you log in to the app on your new phone!",1,Negative,Negative,Negative,Negative,Negative
530f4bf9-cfe6-48d2-b115-a44a69322268,HSBC,excellent just excellent,5,Positive,Positive,Positive,Positive,Positive
f18f7565-38b2-4c3c-b0ad-d92a6f35f6ca,HSBC,Excellent,5,Positive,Positive,Positive,Positive,Positive
332234bc-5377-42c0-80bf-28a0801d6bb0,HSBC,excellent,5,Positive,Positive,Positive,Positive,Positive
2066c6df-c493-4467-99eb-99771d3cda08,HSBC,"Quite good, been using it a lot. Don't need to use the online one so much now. Not sure why, but you have to go into swipe mode in order to remove the app from the screen, after exiting. It doesn't disappear with the back button. It stays on the main screen. Not a big deal though. Another thing is that the app does not have a rewards option to keep track of your rewards points when using the HSBC Rewards Card. Poor quality.",2,Negative,Negative,Positive,Negative,Positive
46f99327-a87d-4b4f-bfc0-019205cad59c,HSBC,Will not take photos of you cheque unless on a dark background. after ten minutes the software let me into this little secret. Straight forward otherwise. No point trying to use the cross hairs to take a photo. it does it on it's own anyway.,2,Negative,Negative,Negative,Negative,Negative
2eb45c0b-94cd-4080-b20d-859633246951,HSBC,Horrible..! can't do what I used to do easily. Just wanted to make a payment of £100 to Eon and can't. very poor!!!,1,Negative,Positive,Negative,Negative,Negative
3aca7187-6e29-47eb-8a19-8254743939cd,HSBC,"if in an emergency you needed to sign on and an update stops you from signing in but if phone hasn't got sufficient memory space it can't update, you are left with no choice to sign in without updating. i am not going to delete any other app to create space as all my other apps are essential. update should not be forced on.",1,Negative,Positive,Negative,Negative,Negative
45724d2d-b177-4a7f-b148-9b7700e08c8a,HSBC,"The Bank is running in a friendly, professionally and efficiently manner. The staff including the call centre are keen to help and support. They will ensure everything is dealt with all the enquiries or doubts.",5,Positive,Positive,Positive,Positive,Positive
60dda937-8075-4626-ba43-09fdb76908ef,HSBC,why waste more time in my life,1,Negative,Negative,Negative,Negative,Negative
88ee0473-7f82-4c27-8753-d5c400d1128e,HSBC,working as it should no.issues to date,5,Positive,Neutral,Neutral,Positive,Positive
b2187143-8d3c-423e-ad08-d73df8e5eea1,HSBC,easy to navigate and rarely unresponsive,5,Positive,Positive,Positive,Positive,Positive
32f15d6a-fd1d-4c88-b996-6574983e8c67,HSBC,"The worst implementation of ""approve in app"" payments I've ever seen: gives you the impossible task of taking a photo of a QR code displayed in the phone browser, with that same phone's camera😂 how did this pass QA?",1,Negative,Negative,Negative,Negative,Negative
541cc1a7-376f-4fdf-9db6-811cfe4b264f,HSBC,how can I get logged into the app keeps saying can't connect to server's any help greatly appreciated thank you.,3,Neutral,Positive,Neutral,Positive,Positive
934406e9-8018-4e01-8c36-32b2b49a8878,HSBC,just so easy to use .,5,Positive,Positive,Positive,Positive,Positive
4a9c93bc-190d-4bb6-8232-14406abddb19,HSBC,"I am afraid with this change all you have done is make life more difficult. As a pensioner I find the changes complicated and think that you must have computer skills to make it work.( which up to now I haven't), Thinking of leaving for another bank. I was happy with the previous system using a lap top or mainframe computer but now I have to use a mobile , what about the pensioners that do not have one. Sorry HSBC all your changes have done so far is alienate me and your bot is useless.",1,Negative,Negative,Negative,Negative,Negative
cb84ee8b-4e6f-4b6d-9779-47d6566302eb,HSBC,"it's appalling. it creates unnecessary hassle and after all that, it still kicks you out, and you can't use th app. truly awful.",1,Negative,Negative,Negative,Negative,Negative
cf91ddd4-0bb9-46ea-acf2-1c2bc3ede916,HSBC,forecast is very confusing and incorrect. once it showed in -ive and I almost got shocked. reported to support but still it's misleading. you should remove such inconsistent widgets or fix it. also notification doesn't appear if app is already opened.,2,Negative,Negative,Negative,Negative,Negative
d7e75f11-c26a-4554-9706-cd8a650c28ea,HSBC,"Useful, but very slow and bloated.",3,Neutral,Positive,Negative,Positive,Positive
0c8818a9-35e8-4bda-a2c7-ff342161d497,HSBC,love it,5,Positive,Positive,Positive,Positive,Positive
a2311593-ce37-4e9f-93f7-7311471a7370,HSBC,"Great banking App, very helpful",5,Positive,Positive,Positive,Positive,Positive
bfc29f6f-3b18-4692-a88b-5629b93a0696,HSBC,shocking app with poor connection to Trading212,1,Negative,Negative,Negative,Negative,Negative
d0877a27-a337-40e8-ab62-a5b7ff58071d,HSBC,so good service,5,Positive,Positive,Positive,Positive,Positive
a0c63734-2435-41f1-860e-979d651b7f67,HSBC,the app is crashing when im trying to setup biometrics.,1,Negative,Neutral,Negative,Negative,Negative
ba1791b7-f418-4f40-9cdc-38aa542bc10d,HSBC,Excellent !,5,Positive,Positive,Positive,Positive,Positive
deab3632-795f-45a2-a583-c5a44df11b91,HSBC,excellent app,5,Positive,Positive,Positive,Positive,Positive
aede74ca-9c24-47aa-b065-819c6ef00a6e,HSBC,vrey good aap soo good easy aap,5,Positive,Positive,Positive,Positive,Positive
207f7bb9-0687-4c2a-989a-6ce66641ad2e,HSBC,The logoff button doesn't work.,3,Neutral,Neutral,Negative,Positive,Negative
2a8eb369-75f5-4123-b488-d5556fd0f2bd,HSBC,very good used for Nice work,5,Positive,Positive,Positive,Positive,Positive
10ef4b23-74d9-414f-89b5-4b5c20b8c707,HSBC,great application for mobile banking,5,Positive,Positive,Positive,Positive,Positive
dc66734c-dd79-494d-a402-51f3831704ed,HSBC,Seamless app,5,Positive,Neutral,Neutral,Positive,Positive
678fb78e-5ff4-4116-a60f-5d80343f04d6,HSBC,bit confusing especially the UI,3,Neutral,Negative,Negative,Neutral,Neutral
b84e8d78-0ec3-411b-9aef-2745d6108ab3,HSBC,never had a problem with HSBC. online great in high street bank staff professional warm and welcoming very helpful. l have been with them for a long number of years so they are trusted.,5,Positive,Positive,Positive,Positive,Positive
ccdfc76e-d444-4066-9390-89fcaf0611e2,HSBC,"Easy to use, reliable and efficient",5,Positive,Positive,Positive,Positive,Positive
9e7f4233-54dc-47e2-acb8-13555697ac59,HSBC,"app has stopped working, worked perfectly for years, what's going on?",3,Neutral,Positive,Negative,Negative,Negative
60760e22-c20e-4a16-b3b7-9605b7f94966,HSBC,always helpful and have no complaints. Many thanks for your service.,5,Positive,Positive,Positive,Positive,Positive
24360516-8478-41a0-95a9-9e71ea221fa3,HSBC,user friendly online banking,5,Positive,Positive,Neutral,Positive,Positive
596231a2-feb1-4f3f-9708-db2e987bc546,HSBC,"Easy to use, doing exactly what i need done",5,Positive,Positive,Positive,Positive,Positive
39bc532f-67f9-45ec-bcb1-4d85e76cc3b8,HSBC,app stopped allowing me to log on.,3,Neutral,Negative,Negative,Negative,Negative
9ff39033-fd41-434c-a5b0-7559c80f563a,HSBC,App is very easy to access your account and pay bills etc 🎖🎖🎖🎖🎖,5,Positive,Positive,Positive,Positive,Positive
0a679228-43bb-4cfd-80ad-db596008a11c,HSBC,fed up of inefficient updates!,1,Negative,Neutral,Negative,Negative,Negative
acc4519a-0fad-44df-b031-7d464595f6de,HSBC,I wish I wasn't persuaded to go to online banking I find it pretty stressful and prefer having paperwork and having a mobile app it keeps sending codes etc so I can purchase things even my own Amazon account and told I can't go back to not banking online now?I don't have a flashy phone it wants me to delete 4 of the apps I use to update the hsbc app which isn't what I need to do for my piece of mind,3,Neutral,Positive,Negative,Negative,Negative
bc97a908-698c-4ec8-b349-4a8dffeab7d7,HSBC,App Crashes - No access to my own money. Time to move away from HSBC.,1,Negative,Negative,Negative,Negative,Negative
a111e207-fadd-4c7b-9321-8e13fc8daf8e,HSBC,That's was easy,5,Positive,Positive,Positive,Positive,Positive
6117404a-2294-4878-9a63-642c53098a98,HSBC,"I do internet banking through my computer, I don't want this app but am forced to use it. The customer is always corrent? Hah!",1,Negative,Negative,Negative,Positive,Negative
a2840742-c229-42ea-bb9c-9e3a8640fb3f,HSBC,Terrible product,1,Negative,Negative,Negative,Negative,Negative
4dc68ee4-c48f-495c-8ee5-823a905cec42,HSBC,updated but unable now to open bank account,1,Negative,Neutral,Negative,Negative,Negative
a7c85eb0-837b-4217-904d-2e8c49baccf0,HSBC,fantastic thanks .,5,Positive,Positive,Positive,Positive,Positive
db030efd-89c9-417a-b484-d90565523d63,HSBC,satisfactory,4,Positive,Positive,Neutral,Positive,Positive
1fea42fd-7a94-42af-becb-8860d308225c,HSBC,won't let me update 😒 so can't get in my account,1,Negative,Neutral,Negative,Negative,Negative
dcc7087b-c249-46eb-9b63-9cae1be09f74,HSBC,Fantastic,5,Positive,Positive,Positive,Positive,Positive
c3b0b7e4-e0c1-41e0-817c-0864f74e4053,HSBC,works,5,Positive,Neutral,Neutral,Positive,Positive
71a9a47a-fba7-4821-8a08-7ae970202f44,HSBC,all good. no problems 😃,5,Positive,Negative,Positive,Positive,Positive
e25de1d6-2010-454a-b19c-ac801617ed88,HSBC,beautiful,5,Positive,Positive,Positive,Positive,Positive
0aa88a5a-c62c-43cc-9936-db7565aeba0d,HSBC,excellent,5,Positive,Positive,Positive,Positive,Positive
c52de18c-7788-42ef-a9d1-33c16c9a0599,HSBC,Great service 👏,5,Positive,Positive,Positive,Positive,Positive
a815fdfb-d979-42de-ad97-54a63392017a,HSBC,"still trying to update this app, its so frustrating when it keeps asking u to delete nore apps, deleted 5 already & I want to keep the rest so WHY AY IT WORKING !!!!",1,Negative,Negative,Negative,Negative,Negative
3f8816b1-2f8d-4f2c-90c9-b3fe71c88e16,HSBC,"Please, for the love of god repair this issue. I cannot update it, and cannot use the older version at all. You'd think the UK in 2026 would have it's apps together. what??? You mess up an app yet I have to do the work. Is it my privellage to use HSBC?",1,Negative,Positive,Negative,Positive,Negative
4c5ad9d4-54c1-4547-a67d-372144564f03,HSBC,it's good some glitches but it's good,4,Positive,Positive,Positive,Positive,Positive
07c57d2a-5f54-4b5b-ab50-ff9916a778e1,HSBC,looks good .,4,Positive,Positive,Positive,Positive,Positive
f6e09084-6d24-4e53-9f20-ea2c3fc25a1d,HSBC,useless can't install it so no use to me what soever,4,Positive,Negative,Negative,Negative,Negative
0036e525-a0bd-441a-9b09-33b9e67871b2,HSBC,I have found it easy to use,4,Positive,Positive,Positive,Positive,Positive
bcc74329-54a9-44d3-8066-b41bde4cd595,HSBC,very successful,5,Positive,Positive,Positive,Positive,Positive
fcf01174-fc83-4d23-b470-4d262fd37496,HSBC,"great HSBC bank UK so much loved , very very nice bank staff loveli fully helped, good luck, I really enjoyed, I love so much",5,Positive,Positive,Positive,Positive,Positive
eae5edb4-fc13-4a6d-afd6-b956f3828ee5,HSBC,useful and easily to use,5,Positive,Positive,Positive,Positive,Positive
0000ae6e-df0d-4f08-a31a-e5216b9b5add,HSBC,it's shocking,1,Negative,Negative,Negative,Positive,Negative
738e6081-5941-46cb-a2cd-98448468bdea,HSBC,easy to ise and reliable,5,Positive,Positive,Positive,Positive,Positive
ea84c8ea-c605-4061-b068-ece532f9576f,HSBC,"I live in the US now and have not been able to access my UK funds in more than 8 months. Before the app I would log on to my bank acc, transfer money, pay bills etc with no problem at all. I changed my phone last summer and since then the app refuses my photo id and selfie, you have to manipulate the date of birth as it comes up 1 day out from the date you enter. it's holding hostage my funds. I have been a HSBC customer for nearly 50 years, starting when they were Midland. shame!!!",1,Negative,Negative,Negative,Negative,Negative
1b385e5e-08ab-4328-808d-c1859c9435e7,HSBC,so convenient to use,5,Positive,Neutral,Positive,Positive,Positive
8998176d-996a-4554-8fb3-04adc2890d50,HSBC,"App doesn't work with my phone security and says it wasn't downloaded from Playstore even though it was. Installed on my daughters phone and removed from mine and it says I have too many devices, so now I can't access my account",1,Negative,Positive,Negative,Negative,Negative
21f57c88-1dd2-47fa-b429-a6acca78ffab,HSBC,"Great online banking, easy to use app.",5,Positive,Positive,Positive,Positive,Positive
266eca74-f8da-436b-b70b-e0754b9ab9ac,HSBC,Fantastic,5,Positive,Positive,Positive,Positive,Positive
afa2e34e-add9-4867-b37b-7c3796619870,HSBC,good service easy to use,5,Positive,Positive,Positive,Positive,Positive
68254058-13ef-413f-aef2-b417ce3f4aaa,HSBC,Best bank in UK,5,Positive,Positive,Positive,Positive,Positive
d9c8729f-5501-4316-8289-611435bfa65b,HSBC,"excellent, so easy to use.",5,Positive,Positive,Positive,Positive,Positive
8e8ecbaa-c772-467d-8a5b-6fc66f8b3c8f,HSBC,"The App works fine for routine current account payments, etc. Its easy and exactly how it should be. My only gripe is the enormous frustration that results whenever I try to deposit a cheque via the app. Even with company printed cheques, and no matter how hard I try, it takes minutes for it to accept the setup is good enough to take the image. Even then cannot read the cheque, despite absolute clarity on the phone.",3,Neutral,Positive,Positive,Negative,Neutral
78d780b5-259f-4237-8177-1c8b7506fd25,HSBC,Really well made app,5,Positive,Positive,Positive,Positive,Positive
7553f8ca-496a-459f-8a3d-7ac1fcb8a727,HSBC,Great service,5,Positive,Positive,Positive,Positive,Positive
86b5613b-259f-4bba-9d2a-b3996c3adf15,HSBC,very easy to use and simple to navigate,5,Positive,Positive,Positive,Positive,Positive
8047066f-0632-4e10-a51d-65e527e9771f,HSBC,"App not working if I don't uninstall this or that? even showcased Google apps?... Emptied my account. Did the switch (cass) today. HSBC is not going to tell me how to use my phone. Be aware of being sued. It's clear your app developers didn't get the memo about FCA's Consumer Duty. Eventually you will fall, and hard. Sayonara.",1,Negative,Positive,Negative,Negative,Negative
f0a3440b-72a4-4854-8fed-d76d04f20c21,HSBC,Great experience,5,Positive,Positive,Positive,Positive,Positive
2fec6c88-c234-45a3-9d98-4d1c025bf88a,HSBC,Not very good. Unhappy at app continuously not working and having to uninstall and reload. Then having to prove who you are. Must think I've got nothing better to do with my time. 25/01 having to uninstall the app again and reinstall absolutely fed up to the back teeth of this app. Yet again on the 7/3/26 having to uninstall the app again and reinstall. Don't have this issue with other banking apps I use just this one as always,1,Negative,Negative,Negative,Negative,Negative
aeebe92a-b9a3-4bc5-ba70-ca5f4196c880,HSBC,"One star is one too many. I lost access because my registered number wasn't recognised and had to start again. The app on my mobile sends me in a loop, won't download the qr code and is very slow. Compared to other banking apps this is very poor.",1,Negative,Negative,Negative,Negative,Negative
30962a92-831a-418e-aac1-9f686952af24,HSBC,"wish I never tried this app. it's been a nightmare from the start. currently it keeps crashing (won't open at all). So, I am trying to log in through my browser instead, but it won't let me in without using the app. HOW AM I MEANT TO GET IN???? Edit:Tried using a different device. I used my tablet. Photo ID verif. failed too many times now I've got to wait 24 hours to try again and it will no doubt fail again. WHY DOES EVERY OPTION HAVE TO LEAD TO A DEAD END?",1,Negative,Negative,Negative,Negative,Negative
a12e8007-b0e8-4f25-bede-e165f058c0a0,HSBC,"that wasn't to hard for a 61 year old technophobe. things like this need to patient with idiots like me. so wonderful, thank you..👍",5,Positive,Positive,Positive,Positive,Positive
3377eff3-5cfe-48e3-9d56-b6c16fd76193,HSBC,standard guaranteed.,5,Positive,Neutral,Neutral,Positive,Positive
2e0e2b81-bee7-4443-bd9d-539ec266a920,HSBC,what a useless app completely waste of time,1,Negative,Negative,Negative,Negative,Negative
79fb09d3-0477-49c1-8823-e5e791598399,HSBC,does not work will not accept my details,1,Negative,Negative,Negative,Negative,Negative
e8df29ae-d98b-4d96-b326-69ca03ebf1d0,HSBC,brilliant all round as,5,Positive,Positive,Positive,Positive,Positive
96141340-0383-4be1-9669-8e9503cd37e4,HSBC,"Awful experience, I tried everything they suggested and I simply can't access the account because the app freezes every day",1,Negative,Negative,Negative,Negative,Negative
934afd2d-eeb2-43de-b853-55982baf7a13,HSBC,efficient,5,Positive,Positive,Positive,Positive,Positive
2c076f08-b2fd-417f-a994-622ee3cede8e,HSBC,does everything i need,4,Positive,Neutral,Positive,Positive,Positive
67505871-3407-4bf8-bd0b-effbd3c36961,HSBC,nice and easy for an old codger 😵‍💫,5,Positive,Positive,Positive,Positive,Positive
d9553def-a6c0-4e22-9f82-ed318457f461,HSBC,Great bank and top service.,5,Positive,Positive,Positive,Positive,Positive
436f71f2-f8d6-4763-8368-f89390a978cb,HSBC,Straight forward,5,Positive,Positive,Neutral,Positive,Positive
8ac2e9df-538f-43af-ba18-e5b42061b1b1,HSBC,"This new QR code scanning feature is a pain. Codes were simple, now we have 6-8 ways to login but you still cant because the end step is the QR code that wont scan between 2 of their own systems. Nightmare!",1,Negative,Negative,Negative,Negative,Negative
21b020a3-2040-426b-90cc-252d2c0ff296,HSBC,"No dark mode, and doesn't work with open banking connections. needs to be fixed",1,Negative,Negative,Negative,Negative,Negative
59e12726-e946-4d80-8930-6af51f7696d0,HSBC,very good experience 👍,5,Positive,Positive,Positive,Positive,Positive
c46d2c0c-1737-4dc4-a617-63ff8f079007,HSBC,Easy to navigate and simple to use. Much better than using the old pass code key fob,5,Positive,Positive,Positive,Positive,Positive
ba01ebcd-8bf3-45d5-b96f-7852da944f01,HSBC,Authentication a BIG issue and people have no idea how to help you. No local bank to go to to sort issues out. We will be closing the account once sorted out another as it's become useless and does not help any issues going on!!,1,Negative,Negative,Negative,Negative,Negative
85593b90-2055-4e5d-8d6f-d61578f8b6d3,HSBC,probably the worst banking app going. get in touch with Barclays and find out who designed theirs because yours leaves alot to be desired,1,Negative,Negative,Negative,Negative,Negative
a29ba493-0b74-4c18-8bbc-f546c7d342fe,HSBC,"This app now requires you to scan a QR code on your screen in order to log-in. The app consistently rejects the QR code with the message, 'Your scan was unsuccessful. Please try again.' So, now I can no longer access my HSBC account.",1,Negative,Negative,Negative,Negative,Negative
4fbb35d4-d875-44af-9c28-10f70ed9ee9f,HSBC,Excellent service & easy to use,5,Positive,Positive,Positive,Positive,Positive
85698835-2779-493b-9dc5-558a01a88ac8,HSBC,simple to transfer money to my Son,5,Positive,Neutral,Neutral,Positive,Positive
2df2c95d-612a-4358-a286-175519612d35,HSBC,fast and accurate,5,Positive,Neutral,Positive,Positive,Positive
3a319cef-681b-416a-8aa0-6a5b014276b6,HSBC,So easy to use.,5,Positive,Positive,Positive,Positive,Positive
19fa642e-42cf-4d2e-9490-106da75be337,HSBC,Chat feature has been broken for months; HSBC does not publish any error codes associated with the app so unavailable without explanation for months in on end.,2,Negative,Negative,Negative,Negative,Negative
a87643a9-f11e-4f13-b42c-fe478a0c6353,HSBC,This app is dreadful it barely works! Definitely do not use HSBC,1,Negative,Negative,Negative,Positive,Negative
a33fa1f9-06d1-472a-b01f-0e1ec370cec0,HSBC,"won't let me download onto my Sony Xperia mobile, says not available for this mobile?",1,Negative,Neutral,Negative,Negative,Negative
0bfc9dd8-0a9c-4816-a9b9-b878d3ef740a,HSBC,good experience,5,Positive,Positive,Positive,Positive,Positive
e3dbb8d8-e407-4564-b7b8-22c3e5e928c2,HSBC,"The last login method update is horrendous. scanning the QR code, at times, it feels like the biggest pain.",2,Negative,Negative,Negative,Negative,Negative
296904f4-0db8-4f02-8904-0792bf69fd13,HSBC,Very good services,5,Positive,Positive,Positive,Positive,Positive
b7f435b1-432b-4e09-9dff-76ee636a813e,HSBC,"New online qr code simply does not work - fails to scan every time despite all phone settings being correct. stuck with just mobile banking app. until this new change everything worked fine. does hsbc actually test these ""improvements""?",1,Negative,Positive,Negative,Neutral,Negative
fc660929-dbf1-4f2a-8620-66e5112bb82e,HSBC,super,5,Positive,Positive,Positive,Positive,Positive
a91e0a93-2d68-4c35-bf0c-dae9acb65d57,HSBC,"hassle free , not had any problems banking with hsbc",5,Positive,Positive,Positive,Positive,Positive
8309710a-3a3a-4961-a2ff-567f3a08b7fd,HSBC,lovely to Bank with,5,Positive,Positive,Positive,Positive,Positive
14fef13d-6148-47ee-963f-6242388fe445,HSBC,Quite easy to use even with my limited tech,4,Positive,Positive,Positive,Positive,Positive
4d63001d-6a9a-410c-b2f3-f92edb13081b,HSBC,"Very good Bank with friendly staff.speacially nabiha who is always very helpful,and a smile on her face gives you a good vibe.",4,Positive,Positive,Positive,Positive,Positive
e3153a21-2eea-4047-994f-b8e3d5e51bfe,HSBC,Excellent Service 🌟 🌟 🌟 🌟 🌟,5,Positive,Positive,Positive,Positive,Positive
69d253a0-7ec6-4f23-9713-5ff0d91a419e,HSBC,Easy use of app,5,Positive,Positive,Positive,Positive,Positive
d43cfb6f-262a-4012-b2a5-205a67e15f37,HSBC,easy to deposit my cheque,5,Positive,Positive,Positive,Positive,Positive
d876009e-2dbc-42fd-b924-0639dcce087f,HSBC,very accessible app went to the branch at Hounslow and dilpreet Assisited me very well and guided me quick shortcuts for banking definitely good service and bank,5,Positive,Positive,Positive,Positive,Positive
b8fff0bf-9494-4f9a-93e9-b99b32baf6f0,HSBC,Very efficient app. Does everything I require.,5,Positive,Positive,Positive,Positive,Positive
99c04b88-2d28-4429-b614-43a1f887490a,HSBC,I didn't know I could deposit a cheque but it was a smooth and trouble free process. 6,5,Positive,Positive,Positive,Positive,Positive
be8a90a8-baf6-4537-8f2b-7464ee4b2a90,HSBC,I have to keep restarting my phone because this app crashes when it opens every time.,1,Negative,Neutral,Negative,Negative,Negative
fb69c40b-3147-4eea-97ac-7b1d39dfe80b,HSBC,Always good service at Stevenage branch. Friendly staff. Kainaz is always helpful,5,Positive,Positive,Positive,Positive,Positive
2b9a7b8f-6ef5-4d37-8f13-07c0ecd2ec5b,HSBC,"Irritating and impossible verification process. Security is one thing but Username, DOB, Password, Passport, then Selfie, then Verification Code is absurd. I'll be dropping this app and accounts as soon as possible. Oh and the offline security key also fails to verify with the same laborious process.",1,Negative,Negative,Negative,Negative,Negative
cb87eea5-01d3-4d6b-bb37-69351e4847bc,HSBC,Overall Good bank but they donot provide us CSV bank statement through online banking.,3,Neutral,Positive,Neutral,Positive,Positive
dbf65c99-8994-4113-b9f6-18170bed3f31,HSBC,how am I supposed to scan a qr code on my phone.. with my phone!? NeW wAy To LoG iN,1,Negative,Neutral,Negative,Negative,Negative
34c7625d-4c17-494d-931b-20648fee6d77,HSBC,"Such an improvement to how this app was 10 years ago, gradual little updates improving the overall experience.",4,Positive,Positive,Positive,Positive,Positive
4c491740-272e-4b62-aeb0-646c074d3fe0,HSBC,that's OK I've nothing to hide,4,Positive,Positive,Positive,Negative,Positive
ed47c4c2-dedc-4786-b8dd-2135d5ee3362,HSBC,"This app is too slow, takes too long to load up; excellent otherwise",4,Positive,Positive,Negative,Positive,Neutral
d7afb753-ba32-4794-b465-53008ac50900,HSBC,I cannot log in on my new phone as it wants photo ID which I don't have . Why can't I log In using the Security code I have always used in the past,1,Negative,Positive,Negative,Negative,Negative
9ccd89fa-a5b2-40ed-9861-9dae50ef2965,HSBC,cancelled my credit card for no reason !!!,1,Negative,Negative,Negative,Negative,Negative
67e6c985-dcb1-4205-9a17-611016da4d84,HSBC,so easy to use app,5,Positive,Positive,Positive,Positive,Positive
373c50a7-ff94-4f2c-b615-0a7c16cd769f,HSBC,Always helpful,5,Positive,Positive,Positive,Positive,Positive
93780e33-7849-4073-b07c-295883b7073e,HSBC,App has improved a lot recently,4,Positive,Positive,Positive,Positive,Positive
6d7ebe83-1765-438b-b152-cdb9902aef25,HSBC,"complete garbage, can't see the text on the screen, richest gluttons in the world should be able to produce better work than this",1,Negative,Positive,Negative,Negative,Negative
ab6ba412-a63d-496a-a9ae-644eb67be20e,HSBC,it is a great experience,5,Positive,Positive,Positive,Positive,Positive
243c01c4-d48e-42d8-a450-4eda247fca72,HSBC,"When Inpay someone on my mobile app, I need a record of my international payments. There is no print facility.",1,Negative,Negative,Negative,Positive,Neutral
4b378a56-8a3b-4d5b-9fbc-ec162f6bda63,HSBC,sick of entering my year of birth endless tapping get it back to 1956. gets really annoying having to do three times and still not able to log in.,1,Negative,Negative,Negative,Negative,Negative
0c2b9d11-afd3-4906-96fd-d5518245193a,HSBC,Never had cause for complaint.,5,Positive,Negative,Neutral,Positive,Positive
53efbcf3-f541-4831-845b-ed14246fa390,HSBC,"(Edit to my original complaint about an app ""update"") I was unable to re-verify my app account and complained here. A very helpful member of staff Clair responded speedily and although my circumstances mean I will need to go into a branch to sort, their five star response was most timely and helpful. Thank you!",5,Positive,Positive,Negative,Positive,Positive
5f9dcff1-b7aa-43fc-867a-704e5390cf38,HSBC,Excellent service,5,Positive,Positive,Positive,Positive,Positive
8ae5aab3-e471-49bf-be54-f69f58e6bd78,HSBC,smooth usage.,5,Positive,Neutral,Positive,Positive,Positive
8def5dfb-ce58-4b3d-b7bd-beb8471ff1d2,HSBC,Sometimes this app is so slow that you think it's not going to be a successful transaction. However the notifications have become more reliable than my other banking apps.,3,Neutral,Positive,Negative,Positive,Positive
4f332835-d318-4d80-b5b5-96571a351279,HSBC,very smooth and easy to use !,5,Positive,Positive,Positive,Positive,Positive
006a4d59-f8a5-4e86-a02c-788ddd0409d8,HSBC,"Been with HSBC for ages, however no great incentive to stay with them as no interest on my balance and I don't like their investments.",3,Neutral,Positive,Negative,Positive,Negative
02f6985b-cc3e-43e1-993b-ad046a5c4ac9,HSBC,its a good bank. been with the bank years. always have helped me if I've had any problems. lovey customer service staff.,5,Positive,Positive,Positive,Positive,Positive
e933b803-c9d9-4ef4-aa26-18269adda493,HSBC,excellent thanks,5,Positive,Positive,Positive,Positive,Positive
c63260ae-61df-48a1-a363-ce7cd77827b2,HSBC,"payment through PC webpage is downright impossible, security is ridiculously set up that it doesn't work!",1,Negative,Neutral,Negative,Negative,Negative
e560dd6f-98b3-411b-8b6c-6d80501dac38,HSBC,so easy to use.,5,Positive,Positive,Positive,Positive,Positive
28a8c5a1-2f2c-4897-abce-63a5419d5f45,HSBC,love the app,5,Positive,Positive,Positive,Positive,Positive
dd05b899-0397-4917-8768-2d99f96663af,HSBC,it should contain some part about tracking the card order and delivery status.,4,Positive,Neutral,Neutral,Positive,Neutral
7336d1b6-39b8-429f-9995-a45f8f4de0a8,HSBC,can be overprotective when you want to transfer payment to family members,5,Positive,Positive,Neutral,Positive,Neutral
485da215-db2a-47fb-9306-0531242ba457,HSBC,when it works great but at least once a month stops and have to uninstall and go through all the registration id again. did call them about it but no help whatsoever. just kept saying nothing wrong with it!,1,Negative,Positive,Negative,Negative,Negative
d07222fa-85aa-4504-ba2c-1ca024eba906,HSBC,good and fast service,5,Positive,Positive,Positive,Positive,Positive
b5d56120-6d95-4c27-993a-0d08cbc2d2a6,HSBC,been with bank since 17 years old and 85 next month..had no problems.,5,Positive,Negative,Positive,Positive,Positive
621fc844-6695-4647-98ef-656cd766a09d,HSBC,excellent customer service as always,5,Positive,Positive,Positive,Positive,Positive
9cfc69e7-e2aa-4a63-9d7e-be8a81c35085,HSBC,"HSBC keeps sending me marketing emails but claims they are to do with their obligation to provide me with information that could save me money. Really? I have never missed a credit card payment in 23 years, so please tell me how this balance transfer rate is essential information?!",1,Negative,Positive,Negative,Negative,Negative
b003ed53-e2f8-4c9b-aac3-919ec98942a5,HSBC,Global money market is a fantastic way of paying abroad in your local currencies or with a good exchange rate for GBP.,5,Positive,Positive,Positive,Positive,Positive
d814c12f-0aba-4278-a717-bd05ed6342a8,HSBC,The worst banking support experience ever.,1,Negative,Negative,Negative,Negative,Negative
6e641ea8-d2af-403c-805f-65015d44319c,HSBC,Good and smooth service.,5,Positive,Positive,Positive,Positive,Positive
8c4ccf4b-1fc7-4fc7-8100-bfa37950e034,HSBC,highly satisfied,5,Positive,Positive,Positive,Positive,Positive
b1b8d651-c488-48ef-935a-d958354f50be,HSBC,"Rubbish, used to be ok until it won't launch if there is a non-play store app installed on my phone. Dictating to users what they can or can't have on their own devices is ridiculous. Yes security is important but now I have to choose between managing money and keeping an eye on my daughter's blood glucose levels. Thanks HSBC. UPDATE: Following HSBCs response I rang the number provided and was told there is nothing they can do I have to uninstall the Diabetes monitoring app to use HSBCs.💩💩💩",1,Negative,Positive,Negative,Negative,Negative
7c7d3e10-9fd5-43e1-85f8-e1d8e0cbdc31,HSBC,I am still having issues with the app and have spoken to two people separately and despite this nothing has been done- they want the issue to keep happening and for me to raise it a third time before they will even do anything. don't bother reaching out to them on social media as they won't be able to do anything and will ask you to call HSBC anyway (not that it will be more helpful),1,Negative,Positive,Negative,Negative,Negative
71aba28b-1901-47e5-b7c2-03c9d0bd8768,HSBC,"This app and service is terrible. I cannot pay my balance off so have debit sitting on my card. Chat function not working. The last time it was as working I was told I'd be sent out statements and they never came. I used HSBC for my previous business, doubt I would use them again. Absolutely awful.",1,Negative,Negative,Negative,Negative,Negative
92ae6834-52c8-4d53-a044-183e2026aacb,HSBC,Good service for over 60 years.,5,Positive,Positive,Positive,Positive,Positive
6658f4e7-0ef0-477d-bcf6-3b09db4bb764,HSBC,fantastic,5,Positive,Positive,Positive,Positive,Positive
567bf873-11bf-486c-8596-809b950593d5,HSBC,Exceptinally good app,5,Positive,Positive,Positive,Positive,Positive
73500d88-a34f-463a-b8fc-434ae6cf8b8e,HSBC,so amazing guys,5,Positive,Positive,Positive,Positive,Positive
de8152d2-7479-4786-8187-1e54cefff2ae,HSBC,very useful thank,5,Positive,Positive,Positive,Positive,Positive
8e37cad8-f6bb-45c7-a85a-2e06fa249ac5,HSBC,"This app makes banking & checking my accounts so much easier. The only problem I have is when I'm on a website on my phone & it tells me to confirm a payment on the app, the page on the website refreshes when I open the app so the confirmation doesn't go through.",4,Positive,Positive,Positive,Negative,Positive
a67eeae9-a9e5-4257-9ef8-9d5c434c1aaa,HSBC,excellent,5,Positive,Positive,Positive,Positive,Positive
0545e5aa-823d-4b48-a37d-2703c637c053,HSBC,"An amazing app, and its easy to use.",5,Positive,Positive,Positive,Positive,Positive
ddb5ab82-e7d8-43d2-8508-87192e9e9820,HSBC,App is getting slower with every update.,4,Positive,Neutral,Negative,Positive,Negative
eb3f00fc-ef85-4e58-aa06-ed0c8825b3df,HSBC,"Increasingly restricts what you can do on your own Android device, in order to use this app. No option to allow you to use other Keyboards within the App. I will be closing all of my bank accounts with HSBC. Enough is enough.",1,Negative,Negative,Negative,Negative,Negative
7adfcf1f-b719-46d9-af46-a88f10c01ff6,HSBC,always reliable.,5,Positive,Neutral,Positive,Positive,Positive
79a89120-fd34-47b4-966a-4e468b193dce,HSBC,BUG: managing a global debt card. The option to Convert or Withdraw only works for foreign currency wallets if there is at least 1p in the GBP wallet.,1,Negative,Negative,Neutral,Positive,Negative
3ad497aa-4aad-412b-8e03-fe3dfeae44a4,HSBC,sents /transfers money quickly.,4,Positive,Neutral,Neutral,Positive,Positive
8ebad137-da23-4198-a612-12a2a15fe042,HSBC,Very good app. Easy to use. A little slow on notifications when money goes out. Other than that I'd recommend this app.,4,Positive,Positive,Positive,Positive,Positive
82993cc4-d1a3-48f3-bb03-855edc0eeab1,HSBC,excellent,5,Positive,Positive,Positive,Positive,Positive
485f294e-2a24-4149-98fa-771de2937b48,HSBC,Paying in cheque rarely works,2,Negative,Neutral,Negative,Positive,Negative
8deeb7e8-e516-4698-8e99-27588b847a12,HSBC,very good quality I love so much thanks,5,Positive,Positive,Positive,Positive,Positive
4e9642d4-a332-417d-b51d-3253de2cd462,HSBC,"Update: I called HSBC and they advised me to reinstall the app and they went through it with me and now it's working again. The app is failing to launch. The screen goes white with the red HSBC logo for a couple of seconds and then it appears to close. When I switch between apps, the HSBC is shown as open but when you tap on it there's a delay for a second, the app appears, again with a white screen and red logo, but then it appears to close and I have to dismiss it from the apps that are open.",4,Positive,Negative,Negative,Negative,Negative
27d10e85-260d-4683-8fca-2632c87d3fbc,HSBC,"what on earth have you done to your app? if you must insist that customers need the app to generate a code login to their account on any device then you absolutely HAVE to make sure the app works. You will be losing customers until you resolve this. And don't just respond with a ""please reach out to us"" message, just fix the app ASAP.",1,Negative,Positive,Negative,Negative,Negative
97aefc79-dddc-4d9e-8e90-3db4c10a8489,HSBC,"Unable to pay in a cheque - as a banking app this is much the same as the others. I am however unable to get the ""pay in a cheque"" function to work on either mine or my wife's phones. The app is supposed to capture the image of the front and then back of the cheque but no matter what we try we are unable to get it to do so, which results in a trip to the bank to pay in the cheque, very inconvenient.",3,Neutral,Negative,Negative,Negative,Negative
4ee8f1d2-6b37-4948-a405-e5759dee6cd0,HSBC,"HSBC App is excellent, convenient and intuitive, a really helpful addition to the services that they offer!",5,Positive,Positive,Positive,Positive,Positive
23b296cd-620d-4443-ab13-5a01bee11333,HSBC,with this app it's hard to make any operation. User interface is very confusing,3,Neutral,Negative,Negative,Negative,Negative
d7bcc771-b29b-41d3-b662-10895634ec99,HSBC,works well enough.,5,Positive,Positive,Positive,Positive,Positive
e1067a53-ac4e-4df6-b92f-b38d5e722f8e,HSBC,works well but pretty slow sometimes,4,Positive,Positive,Neutral,Positive,Positive
fb0bb535-5678-47ff-993c-748237d42491,HSBC,"An utter joke. app stopped working so needed to uninstall and reinstall etc. Should be a one or two minute job. Instead, after an hour trying to reinstall via various methods ie QR codes, security codes and even photo id and selfie etc nothing has worked and can't log on. Why does it have to be this ridiculously complicated?",1,Negative,Neutral,Negative,Negative,Negative
2ed8e94f-b09c-483c-9268-de7c62e90968,HSBC,great app easy to use,5,Positive,Positive,Positive,Positive,Positive
9b8e4255-07e7-4e05-8881-50612666d000,HSBC,Excellent bank!,5,Positive,Positive,Positive,Positive,Positive
35388ef5-f2f5-46d7-a6ae-4cbae7c2230f,HSBC,great experience,5,Positive,Positive,Positive,Positive,Positive
202a176f-1818-4b2a-bcfe-ee2e295daeda,HSBC,good apps,4,Positive,Positive,Positive,Positive,Positive
11bd9ace-e941-4eb5-9091-540409fef623,HSBC,my first-time and found it very easy to use .,5,Positive,Positive,Positive,Positive,Positive
6f8ab847-c65c-4505-9bf8-2b194a7fa66d,HSBC,I preferred it when I could see more transactions,4,Positive,Neutral,Neutral,Positive,Positive
309be05c-f5e8-4230-a0da-abb6f5252019,HSBC,with new upgrades its much user friendly. please don't spoil it with tones of extra products adverts,4,Positive,Positive,Positive,Negative,Positive
417363f3-cac2-45de-9b90-c989100eb5d7,HSBC,"Great app, so easy to use.",5,Positive,Positive,Positive,Positive,Positive
c9b8b536-4a74-45b2-943e-5f9064f0bfee,HSBC,absolutely awful for a mortgage account. no access to overpayment information (generic link with wrong Information) and no access to statements... loads of rubbish! it makes me angry that we can develop AI but something as big as HSBC cannot even design basic apps. Customer support is not a solution for the poor interface. the interface feels like those cheap games where they throw adverts in your face and hide useful stuff behind 3-4 clicks.,1,Negative,Negative,Negative,Negative,Negative
99889742-9451-411e-b7cd-bee2dfc207f0,HSBC,No longer able to transfer money from my Global Money Account to my wise account. Customer service has no idea how to fix it.,1,Negative,Negative,Negative,Negative,Negative
f12b2a2c-acce-4a2d-9338-f673530603e8,HSBC,"Worst app I’ve ever used. You’re told you’re eligible, they run a hard credit check, and everything looks approved — then two days later they suddenly “need to review” and decline the account. This is 2025, when almost every serious bank can open an account in minutes, not days. Their process is confusing, inconsistent, and frankly embarrassing for a financial app. Running a hard credit check and giving the impression of approval, only to reverse the decision later, shows a lack of technology.",1,Negative,Positive,Negative,Negative,Negative
118a2c75-34c5-47d5-8230-df6a7c51326b,HSBC,A great app and nice user interface,5,Positive,Positive,Positive,Positive,Positive
99046ffc-104d-4feb-8299-ba1a3a6def67,HSBC,the app really easy to use.xx,5,Positive,Positive,Positive,Positive,Positive
15012a3e-b7ff-4896-9539-f9f9d39ef1fb,HSBC,Cheque deposit just does not work. Now to got try to find an open branch... Joking no one has that much time. I'll just bin the cheque. For me the App is otherwise functional for basics but it sounds like I'm in the minority.,2,Negative,Positive,Negative,Negative,Negative
1ab5e1d4-59f9-4460-9851-58691b231526,HSBC,your useless,1,Negative,Negative,Negative,Negative,Negative
0d071847-315c-4853-9625-e7b573c14002,HSBC,fantastic fabulous good,5,Positive,Positive,Positive,Positive,Positive
142566d1-b06b-456a-af04-122c8153fe3f,HSBC,Uses too much data for an app and can't update it because it needs a huge 1.2gb to update which is not available on my phone umless I delete atleast 8 other apps! Can't use online banking because the app generates the login code. Totally frustrating and useless. I have no idea how to make some urgent payments that are due soon.,1,Negative,Negative,Negative,Negative,Negative
b7533603-ae16-4a79-b774-4814b8ec3717,HSBC,the app stops connecting to my account every 2 months or so and I have to uninstall app and reload to get it working again. this has happened 5 or 6 times this year. why?,2,Negative,Negative,Negative,Negative,Negative
2a9625f0-5506-464b-8771-a1653f813238,HSBC,like it. thanks HSBC,5,Positive,Positive,Positive,Positive,Positive
b1a5f100-836f-40d5-acb8-e4bcd9512951,HSBC,I've uninstalled and reinstalled the app a few times but every time it stops working again after a few days. the app tries to load but doesn't launch. I am unable to even out a minus on another account as a result of this bug which is extremely frustrating.,1,Negative,Negative,Negative,Negative,Negative
5d9b16de-0edc-413a-8135-1db98785fc23,HSBC,"using the HSBC banking app is so easy to use and also it gives you 24 hour access to your accounts, I really like the forecast of how much will be left in your account at the end of the month great help",5,Positive,Positive,Positive,Positive,Positive
0d671b71-044b-44e5-b9c5-972374d26e19,HSBC,I am very happy with you and you are the best bank in the United Kingdom,5,Positive,Positive,Positive,Positive,Positive
265e6918-5674-4e88-a844-1b70bd73aa41,HSBC,"can't take screenshots, so I'm unable to demonstrate the store they charged me wrongfuly. I have to wait until next month for the credit card statement becomes available?",1,Negative,Positive,Negative,Negative,Negative
c89498d3-a7f2-4fa4-ad0c-356ffcad40ea,HSBC,Brilliant,5,Positive,Positive,Positive,Positive,Positive
6105139e-5313-4656-9789-2db0b9c13e57,HSBC,Can't pay credit cards unless you have a bank account with them. The most ridiculous thing I have seen.,1,Negative,Negative,Negative,Negative,Negative
7b03e758-3d5a-4cf9-843d-992eab6f2d49,HSBC,no nonsense bank great security,5,Positive,Positive,Positive,Positive,Positive
2e441029-dceb-4ef8-a546-6342801514b9,HSBC,Rubbish tech used to capture cheque information for deposit,1,Negative,Neutral,Negative,Negative,Negative
16fe6095-26d9-4b78-8c5f-2866ab1603a0,HSBC,"the app requires updates every few weeks & takes up a huge amount of space. ive just spent 3 hours deleting almost everything off my phone & there still isnt room for the apps update. without informing me, Hsbc switched off my security key so that access to my online banking is only via a passcode via the app; so if the app isnt available to me because it requires a huge update, then i cant access my banking at all! this is a nightmare at xmas ! i rang HSBC this morning.",2,Negative,Positive,Negative,Negative,Negative
efe6d324-a196-4689-b06b-47392a902d7b,HSBC,"Trying to transfer the app to a new phone, but tells me that other apps aren't allowed so can't proceed for security reasons. Interesting, the other app is Norton 360. So, for my security I need to disable my security? Go figure.",3,Neutral,Negative,Negative,Negative,Negative
2c195e8e-2c5e-4e1a-8b09-9261ce2ec3d2,HSBC,"superb, easy to use",5,Positive,Positive,Positive,Positive,Positive
50685287-6f78-4fcd-9dd1-2c95fa75ba19,HSBC,"very good service, nice people. Easy to understand a lot of information provided .",5,Positive,Positive,Positive,Positive,Positive
e5f007c5-d1ab-49e3-a97a-5f8d588a1ea3,HSBC,"What a load of rubbish, all I want to do is check my balances, Can't get into accounts!",3,Neutral,Positive,Negative,Negative,Negative
3863fa6c-4511-4e6b-a2d3-cfade9897fa1,HSBC,fast easy to use.,5,Positive,Positive,Positive,Positive,Positive
ed1c453d-d0fc-4ae5-b175-d25888e7dd29,HSBC,On Android 14 it's the only app that regularly freezes on opening. Reboot of phone it then works. All other apps are fine without a reboot. Just this one that has an issue. A reinstall has not fixed the issue. App good when it works.,3,Neutral,Positive,Neutral,Negative,Neutral
a287f504-4934-4d79-a579-eb25a5795c87,HSBC,"when working app is great, but out of nowhere the app has been updated and is no longer compatible with my device. So now I have to upgrade my phone? having this happen with no warning is appalling as the app is required for some online payments.",2,Negative,Negative,Negative,Negative,Negative
433a820e-9623-42cc-a249-fbf889e97b23,HSBC,Enjoying my first experience with HSBC UK. Smooth transition from my old account to the new one.,5,Positive,Positive,Positive,Positive,Positive
2ff788ce-be68-4af6-b70a-f4293a92e219,HSBC,much improved app,5,Positive,Positive,Positive,Positive,Positive
e5b39c2f-eb86-43e1-ae2b-2d45c9db387a,HSBC,Having to keep unistalling.,1,Negative,Neutral,Neutral,Positive,Negative
4dab307f-1bfb-4459-ba88-8020fbc03581,HSBC,very slow service 😔,1,Negative,Neutral,Negative,Positive,Negative
468d7048-de4b-4459-a0e0-6c2fc16a7e3b,HSBC,"Awful since they changed to the new app, hard to navigate or do nothing you used to be able to do in the old app",2,Negative,Negative,Negative,Negative,Negative
3f42fec9-4346-4fda-bd58-cbf2442246b3,HSBC,very nice app.,5,Positive,Positive,Positive,Positive,Positive
f0d9acc2-96e1-4984-8da4-3fb9e99e091a,HSBC,Opening app to confirm payments causes the web browser to reload. The payment doesn't go through as a result. FIX NEEDED,2,Negative,Neutral,Negative,Positive,Negative
8c288137-aa03-44c3-81de-eced24ac4287,HSBC,"The app fails to open, it's so frustrating",1,Negative,Negative,Negative,Negative,Negative
d7fa90e7-b077-4aaf-b1f3-dc8c88e8e823,HSBC,the app is quite slow when loading it up. it flashes between multiple layers and screens before finally getting to the point where you can enter your code. frustrating when other apps are much simpler and faster.,3,Neutral,Negative,Negative,Neutral,Neutral
1a76c75d-4492-4e69-bb77-89d41910630c,HSBC,HSBC Mobile app is fantastic! 👏 👌 Well done!,5,Positive,Positive,Positive,Positive,Positive
417c1942-e09c-4ab0-a5fc-d61577ee5615,HSBC,"I am unable to use the app for more than a week now, unable to log in online as the App is unavailable so I can't generate security .",2,Negative,Negative,Negative,Negative,Negative
642d7ee6-dbac-4949-a802-1f43caf53555,HSBC,I have been using it now for more than a couple of years and can't remember i ever had any issues. The only short coming I have come across is that I can not change the date of standing orders.,5,Positive,Neutral,Neutral,Positive,Positive
cb36e18a-e81a-487a-9632-c02ef19bf970,HSBC,So you update the App and everyone has to uninstall then reinstall the app jumping through security hoops are you trying to get rid of customers HSBC?,1,Negative,Positive,Negative,Negative,Negative
7f414016-d8ae-4c85-bcd7-258022f5744e,HSBC,easy to use,5,Positive,Positive,Positive,Positive,Positive
ef277020-958b-481e-94d6-d838f476283d,HSBC,awful buggy mess,1,Negative,Negative,Negative,Negative,Negative
995a2795-088e-4629-aeda-351a4f13aa9a,HSBC,very easy to use,5,Positive,Positive,Positive,Positive,Positive
0ee1dc25-7949-4943-a97c-5cc1eb9968b3,HSBC,"I cannot overstate how awful the service with their credit card is. You can't instantly change the direct debit, you can't make one off payment, and there are monster transaction fees for foreign currency. Every other provider let's you do these things, but not these clowns. It's like they are living in the past. The developers should be ashamed",1,Negative,Positive,Negative,Negative,Negative
aa8b173f-9314-4303-b395-2cae5330493e,HSBC,very good app and very easy to use,5,Positive,Positive,Positive,Positive,Positive
f1ff71e5-2562-44f3-b413-f4599eaac578,HSBC,Good so far. Fast and stress free,5,Positive,Positive,Positive,Positive,Positive
e85db45e-ea5f-4966-809b-7a81b577249d,HSBC,10 outa 10 x,5,Positive,Neutral,Positive,Positive,Positive
b7f27737-7e57-4934-a617-ec89b53540bb,HSBC,Blocks opening if you have apps installed from anywhere other than Google Play or Samsung Store,1,Negative,Positive,Neutral,Negative,Negative
9e2488d4-826c-42d2-948f-f6be7730cade,HSBC,"been banking with HSBC for over 50 years , they are amazing. Great advice always given and staff lovely.",5,Positive,Positive,Positive,Positive,Positive
4c21dc0e-9f51-4984-b777-67c5546b079d,HSBC,it gives me money so that mean good,5,Positive,Positive,Positive,Positive,Positive
32dabdea-b9f8-4ca7-bec5-e75a9b5a1664,HSBC,"I had my account frozen under investigation for a 9 weeks due to 'unfamiliar transactions' which were from a family friend. I had appealed it multiple times on the phone and in branch but received no additional information. They finally decided to close the account and refund me without any reason or explanation regarding the process. After almost 2.5 months of inquiring and waiting, I've finally gotten closure. Will never be returning to this bank in a million years.",1,Negative,Negative,Negative,Negative,Negative
461dd579-6bd9-45f4-b0e0-c7f925ce4127,HSBC,Excellent Service Thank you.,5,Positive,Positive,Positive,Positive,Positive
23158564-25e0-40fc-be79-6f70ea93ca65,HSBC,"They've always been fair, supportive and professional. I have just a current account, opened in 1976, so must do a pretty good job ay!!",5,Positive,Positive,Positive,Positive,Positive
fda4fa64-c17d-4751-b3f0-6e28e33f3340,HSBC,Very useful app to keep a check on personal finances.,5,Positive,Positive,Positive,Positive,Positive
aeb4e8d7-79ac-4276-9738-144cdf0a17c8,HSBC,Always been very happy with HSBC,5,Positive,Positive,Positive,Positive,Positive
df28e697-00b2-4f29-905c-ac1b176960c5,HSBC,problems typing my code in all the time,1,Negative,Negative,Negative,Positive,Neutral
37045c58-a458-4399-8ef4-b10c3e6465c5,HSBC,extremely satisfied with the services,5,Positive,Positive,Positive,Positive,Positive
f0990d62-1f13-4f6d-b591-2e447bc0837b,HSBC,easy to use,5,Positive,Positive,Positive,Positive,Positive
e4752639-a375-47bd-bc1a-b5cee712ea62,HSBC,Web site is easy to use.,5,Positive,Positive,Positive,Positive,Positive
322970cc-baca-49f4-b6e8-46d0c9d07b1f,HSBC,App stopped working last week. just hangs on the initial logo load screen. useless until fixed,1,Negative,Negative,Negative,Negative,Negative
f26a867a-a570-4d7b-b906-cae134025cb9,HSBC,"Whenever I try to update the app it just says it will be installed on your device shortly, but it doesn't. Now sorted.",1,Negative,Neutral,Neutral,Negative,Positive
dd31ce07-4ea1-4c69-959c-4af8388c4b2d,HSBC,Pants. Major in ternational bank. Communicates with an ineffective app. Laughable.,1,Negative,Negative,Negative,Positive,Negative
c5cc0ef8-056f-447f-af07-67cb2777e367,HSBC,brilliant and so easy to use,5,Positive,Positive,Positive,Positive,Positive
1b0df1d0-706a-4088-b0be-e3b37c4113a8,HSBC,excellent,5,Positive,Positive,Positive,Positive,Positive
63800770-4e00-4eea-9b99-64b828b56bbb,HSBC,cant log in. with previous mobile it said phone is rooted and security issue. i changed phone got from official Samsung store and it still says security issue. customer service is of no help.,1,Negative,Positive,Negative,Negative,Negative
788a26dc-6de0-4538-bb30-77995ca1b7c5,HSBC,Absolutely SLOW,1,Negative,Neutral,Neutral,Negative,Negative
533356b6-fd6c-457a-ac43-27fe1032158b,HSBC,installed so now what do l do? can't get into it now. where are the clear instructions. pain,1,Negative,Negative,Negative,Positive,Negative
b87da6b1-019b-4062-8dbc-15930a675550,HSBC,Just a easy was to transfer money over.,5,Positive,Positive,Neutral,Positive,Positive
1e671bd9-d334-4a2c-9cb3-f9f6859be2a8,HSBC,won't even load.,1,Negative,Neutral,Negative,Negative,Negative
3c419beb-126b-4640-bcac-4d95b6afef86,HSBC,rubbish frequently doesn't work bring back bank branches such a waste of time energy and energy,1,Negative,Positive,Negative,Negative,Negative
7b1a21e8-837e-423d-a860-d04c365166a1,HSBC,dreadful...Still attempting to update and having to delete other apps to facilitate it.....leave it alone!,1,Negative,Negative,Negative,Negative,Negative
46c64cd5-d7c3-43bb-a4d1-363a44a07822,HSBC,generally terrible ... like the bank itself!,1,Negative,Negative,Negative,Negative,Negative
d6e707cc-0ca5-4243-89dd-19dd87ab86ec,HSBC,very helpful very easy to use great public relations will recommend to everyone,5,Positive,Positive,Positive,Positive,Positive
64ed7b8a-4abb-49cb-81bf-c0628ef921eb,HSBC,this is asking to muck of my phone,1,Negative,Neutral,Negative,Positive,Negative
8458685e-c0c3-4169-9943-c4d62edacd3d,HSBC,nice service,5,Positive,Positive,Positive,Positive,Positive
85ead921-0a4a-407a-a809-8ae6dbbd5668,HSBC,"Revolut just has better app... such a bad service from hsbc, they don't even have an option to print a receipt of a payment made just hours ago to send it to someone for reference, insted you just have to print bank statement and send it fully which is so inconvenient.",1,Negative,Negative,Negative,Negative,Negative
4a699c46-1655-4e1c-ba6f-049f0faec111,HSBC,"App won't open, incorrect phone number that wouldn't let me update it.Incredibly frustrating and irritating.",1,Negative,Negative,Negative,Negative,Negative
4beb58d5-7f26-449d-841c-56591ce74974,HSBC,stops you from being able to use snoop to control budgets and is so slow,1,Negative,Negative,Negative,Negative,Negative
2d832ea2-6ded-4635-90b7-7d2a2a2b549e,HSBC,Previous issue resolved. Blocking my account without warning is wild work though. Could have caused me serious problems as I am not in the country to be able to easily deal with such things.,4,Positive,Negative,Negative,Positive,Negative
74e037db-893e-4e14-bd8d-86f653b05164,HSBC,poor,1,Negative,Negative,Negative,Negative,Negative
48c6ba36-0d9c-4ead-a468-f176caf9a6b6,HSBC,cant get payment confirmation,1,Negative,Neutral,Negative,Negative,Negative
f359fe52-66c3-413c-88d3-cc7e3b3861e6,HSBC,Everything needs to be done on website. Seems hsbc takes 10 working days to create a bank statement and it will be sent only as a hard copy.,1,Negative,Positive,Neutral,Negative,Negative
0eda757e-26c5-462a-9572-60045dad7c38,HSBC,The bank app is so easy to usr,5,Positive,Positive,Positive,Positive,Positive
46befddb-8437-4746-98a1-49305426ecdd,HSBC,Good service,5,Positive,Positive,Positive,Positive,Positive
bb995ce7-dbf6-4585-a802-e951972dec6c,HSBC,quick and easy to use,5,Positive,Positive,Positive,Positive,Positive
b4271120-3949-488b-a993-ef43ca6545ed,HSBC,Very slow to open.,1,Negative,Neutral,Negative,Negative,Negative
8eb43898-4c00-49a8-82d1-4b9c6b189590,HSBC,Cannot verify because codes sent to wrong telephone.,1,Negative,Negative,Negative,Negative,Negative
bdbf6516-c788-4f86-b1e8-5d6947abb39c,HSBC,don't use that often and no previous issues but now won't open,1,Negative,Negative,Negative,Negative,Negative
e1a7fe4d-560e-4f62-9107-c4c60924c52d,HSBC,Thank you to Watford hsbc branch for helping me . Excellent service. Suki helped me make a payment,5,Positive,Positive,Positive,Positive,Positive
b8d325b1-8c7f-4d64-97de-4039956ed16c,HSBC,the slowest app on my phone....,1,Negative,Neutral,Negative,Positive,Negative
0c261ae8-df46-460e-a2bd-51b35c0e48b8,HSBC,has ceased working in pixel 7a. always network unavailable or service unavailable,1,Negative,Neutral,Negative,Positive,Negative
4327a7ca-7a14-4157-ade6-0e70220d27a9,HSBC,excellent service,5,Positive,Positive,Positive,Positive,Positive
f6877480-b8cd-43b1-9097-466c166fccba,HSBC,brilliant app never had any issues been using HSBC app many years now .,4,Positive,Positive,Positive,Positive,Positive
ea9cb6a5-7071-489d-8af2-ab160ad35eb5,HSBC,I don't know what HSBC have done to the app but since the last update it is incredibly slow and there are problems when trying to verify online payments. It's really unreliable at the moment,2,Negative,Negative,Negative,Negative,Negative
76df89bc-b1cd-42be-a88b-991cbecf29fb,HSBC,Poor performance for a while now - very slow.,2,Negative,Negative,Negative,Negative,Negative
87c37f9f-2c92-45a0-b136-842c827357ae,HSBC,that was a very quick and easy transaction for me .,5,Positive,Positive,Positive,Positive,Positive
289d4dea-2cf7-42cc-8c3f-96c461d846cc,HSBC,"Hangs on loading screen, unusable",1,Negative,Neutral,Negative,Negative,Negative
5ffda05c-7b0d-4ee3-858b-381acdd72823,HSBC,very good customer response.,5,Positive,Positive,Positive,Positive,Positive
061c4f5b-582c-4fd1-88d9-e1811dcad66c,HSBC,this app is a joke it takes sooo long to load to even get logged in.,1,Negative,Positive,Negative,Negative,Negative
8f24e40b-b0e9-4780-9a6d-ed54b869b408,HSBC,"unavailable on line banking message now appears everytime i want to log in. its getting to the point now, im very tempted to go in branch and close account as im unable to access my account. I have managed to access my account on line only twice in 4 days!",1,Negative,Positive,Negative,Negative,Negative
63e68fc1-9ad9-4018-892f-ce90283fd1eb,HSBC,"we have always received excellent customer service with HSBC, nothing is to much trouble. First Class.",5,Positive,Positive,Positive,Positive,Positive
8d49b3ab-90f6-44ac-b51c-071edd2f414c,HSBC,I will be able to provide an informed view after using the services. thanks,5,Positive,Positive,Neutral,Positive,Positive
b21f60ee-9b5b-4558-b86a-0ba273e126f5,HSBC,Frustrating experience with the app lately. Logging in takes ages. Online authentication for payment keeps logging me out.,1,Negative,Negative,Negative,Neutral,Negative
41c95b23-458c-43a4-ae18-7813abdb4f8f,HSBC,"Takes like 2 minutes to load on WiFi and data. Approving online payments takes like 10 attempts, tapping it once does nothing, tapping it again says the service is unavailable. Tapping back says mobile banking is unavailable until I restart the app. Customer support doesn't know what to do with technical complaints, and just give you the generic ""We're always working on improvements"". Asking to be forwarded to a technical team gets ignored. Don't use it, or better yet - switch banks.",1,Negative,Positive,Negative,Negative,Negative
eee22065-61f4-4f5e-8002-fe069e707d2a,HSBC,"since the last update, you have to wait up to a minute for the app to log you in. It then times you out mid way through transactions!!!",1,Negative,Neutral,Negative,Negative,Negative
52e0dfdd-b218-4058-85be-4d29c2e71ed2,HSBC,This app and banking service is just an unbelievable joke. 2 weeks now with no way to process payment due to unworking confirmation security payment check on app. Looking for new bank as this is not a first time HSBC goes wrong way to customer service. Calling help desk is nightmare as well.,1,Negative,Positive,Negative,Negative,Negative
c2df5800-d10d-44cd-89fe-c628f3a1dbc1,HSBC,Takes forever to open.,1,Negative,Neutral,Negative,Negative,Negative
1f74905a-9cad-413b-bd95-75e819f307c7,HSBC,starting running really slow since new update its horrible lay out too,1,Negative,Negative,Negative,Negative,Negative
d1452b28-6f98-4654-9b2c-44c97ac4ac8a,HSBC,Cannot believe a company like hsbc can release an app without proper testing. After so many months of asking a functionality where after making a payment the details can be shared via a share button - they have provided it now but the reference field of the shared screenshot is incorrect. This makes the entire functionality utterly useless. please fix it HSBC.,1,Negative,Positive,Negative,Negative,Negative
60daa48a-8b17-4a7d-a7be-d1ceae01be0c,HSBC,"As with many others, recently the app has become close to useless. It hangs for 30-60 seconds on opening, and then half the time returns you to the authentication screen again anyway. Recently they have also removed sms pins for payments, meaning you have to use the app to approve payments. As this hardly works I might actually be forced to change banks after 30 years! It's not me. It's your app and you know it, sort it out.",1,Negative,Negative,Negative,Negative,Negative
ad497cf4-ee03-4c7c-a874-714b6b01e094,HSBC,Very slow,1,Negative,Neutral,Negative,Negative,Negative
adb7b62e-a759-4732-b2f7-fff446301812,HSBC,Just works......,5,Positive,Neutral,Positive,Positive,Positive
2c15bcd1-1bfe-4921-a187-0b82ae421261,HSBC,"Slow ugly app, and HSBC have the worst customer service - avoid",1,Negative,Negative,Negative,Negative,Negative
7d702bbe-e6ec-49b4-b6d8-88c17e52e77a,HSBC,Excellent service,5,Positive,Positive,Positive,Positive,Positive
e64295d2-acb0-45fc-8109-f311aeae30ba,HSBC,so easy to do money transfer between accounts since app update 👍,5,Positive,Positive,Positive,Positive,Positive
71d72868-db5a-41c0-8f47-7a4b556368ec,HSBC,"Very Strict personnel specially when transferring a certain amount of money. Easy to talk to when I get an anomalous transfer, money retrieved with zero hassle. Thanks for everything guys. hope I'll be granted a rewards credit card 😅",5,Positive,Positive,Positive,Positive,Positive
0631f157-670b-43a1-ad51-05876963524e,HSBC,too slow,1,Negative,Neutral,Negative,Negative,Negative
0a0ac42f-a2d0-4f5d-b01f-45762e716c71,HSBC,"easy to use lots of features, works well.",5,Positive,Positive,Positive,Positive,Positive
934fec88-0033-4db3-bab2-d3ab5f44a76d,HSBC,since downloading the app on my new phone it has been so slow,1,Negative,Neutral,Negative,Negative,Neutral
fefda448-90c2-4517-9abb-8c3969354353,HSBC,Use friendly.,5,Positive,Positive,Neutral,Positive,Positive
bd9a638d-0ac0-448e-ab6f-bd704d1187d5,HSBC,Excellent HSBC UK Account,5,Positive,Positive,Positive,Positive,Positive
8eb0bd1a-fb6d-4696-a4eb-0fb5a4a2e632,HSBC,"the app is so slow ( loading) it needs 3,4 times to try till it is open,",1,Negative,Neutral,Negative,Negative,Negative
a201eb07-6f1c-4a9c-b27c-4fddf22bd0ae,HSBC,latest update's really slow,2,Negative,Neutral,Negative,Negative,Neutral
fb8ea105-6cef-4b46-b53f-1ff54da108c5,HSBC,"awful, duff info, getting really peed off",1,Negative,Negative,Negative,Negative,Negative
3ff3bb7e-e2ca-4344-b1d2-372ce78061ee,HSBC,perfect,5,Positive,Positive,Positive,Positive,Positive
2395f522-8c06-418f-bbfd-49981dde9cea,HSBC,"Very fast, simple and easy to use.",5,Positive,Positive,Positive,Positive,Positive
c39676f0-d8ad-4bcf-8c25-fc32c7eacb5e,HSBC,fabulous 👌,5,Positive,Positive,Positive,Positive,Positive
c1abdd47-bbc7-42f8-86ab-1c7788afe30f,HSBC,fantastic 🤩😍😍,5,Positive,Positive,Positive,Positive,Positive
ae68ffb6-c20b-4572-848d-8ee9848a143b,HSBC,"Pretty good. Sometimes server is unavailable, but I think that's the bank rather than the app. EDIT: loads of trouble with this app recently. Just not responding. Tried checking for updates and reinstalling, but nothing seems to work. I can conduct any basic banking online at the moment. NEW EDIT: Just discovered I'm only allowed this app on 3 devices. What If I need access on more than that? They want me to go through the drawn out process of phoning the call centre. It's just unnecessary.",2,Negative,Neutral,Negative,Neutral,Positive
19162f2b-7668-4cc7-9813-6d33e90fdf16,HSBC,Excellent and vety easy to use,5,Positive,Positive,Positive,Positive,Positive
d8639bca-5b47-47a2-a403-9265999e3042,HSBC,"Not so much an ""upgrade"" as a downturn. UPDATE - HSBC rather than call I'll tell you here. The default limited view screen is poor and the lack of immediate credit card data (transactions and due date) is inconvenient.",1,Negative,Negative,Negative,Negative,Negative
164d95ad-0f4c-4fb4-b4ed-66bc41506758,HSBC,I had no trouble using this app until August this year it is always unavailable. I have deleted the app 3 times in 8 weeks and reinstalled it and its still never available and will not open. I am fed up with having to upload my I D everytime too,1,Negative,Negative,Negative,Negative,Negative
e33f1f7e-603c-4bea-93b1-50b6e6d0795e,HSBC,"This app used to be good, but now it's extremely slow and oftentimes surfaces errors. Very poor",1,Negative,Negative,Negative,Negative,Negative
4114fd2b-3802-4028-a8ab-229ec4ba51dd,HSBC,To me HSBC is the best in the world.,5,Positive,Positive,Positive,Positive,Positive
73df60cf-9136-410b-8a0c-1ffc8303e94d,HSBC,previous version stopped working on wife's phone samsung s7 can't install update at all,1,Negative,Negative,Negative,Negative,Negative
0ed0400c-e2d6-44be-81cc-91cb84a9eb4c,HSBC,App OK. Takes 30s to open on my phone. Other banking apps 15s.,4,Positive,Positive,Neutral,Negative,Neutral
499be071-bcbe-4b9a-baa7-80d4e4ccd936,HSBC,Very easy to set up and use..,5,Positive,Positive,Positive,Positive,Positive
89cede62-275e-4d90-bc1e-1e3ba40b6a6f,HSBC,"Surprisingly good app with just a few minor niggles, such as pending cheque payment not showing.",4,Positive,Positive,Positive,Positive,Positive
21bc3e07-272e-4521-a9fc-da95475e7471,HSBC,"Got a new android phone, thought HSBC notifications would work on this one, no such luck, still the same as my old phone, problem must be HSBC apps?",1,Negative,Negative,Negative,Negative,Negative
4a64db35-4829-42d2-94a2-d5fbb6c6e3c3,HSBC,excellent service .,5,Positive,Positive,Positive,Positive,Positive
b8b6ad85-4838-47cb-a41c-9d1c8f1b1f88,HSBC,keeps not working. Have to uninstall then reinstall.,2,Negative,Neutral,Negative,Negative,Negative
bf625b0c-8d56-47fc-a6c3-8ca1dabc927f,HSBC,Fantastic App,5,Positive,Positive,Positive,Positive,Positive
932765c4-b312-47c8-a9fd-cb64f392712f,HSBC,I am installing it for the first time on my phone.I am not getting the code to verify the mobile number..I didn't receive any code.. still it says I have reached the limit..,1,Negative,Positive,Negative,Negative,Negative
a235c3e6-40f7-43e0-ad7b-33e007f50ef7,HSBC,excellent service,5,Positive,Positive,Positive,Positive,Positive
1aa991e0-e394-4449-b1fa-108524c60cd0,HSBC,foarte buna sol catiw hsbc,5,Positive,Neutral,Neutral,Positive,Positive
8130de35-3e5e-4f02-918e-5700472e573b,HSBC,Easy to navigate around the App,5,Positive,Positive,Positive,Positive,Positive
45a5d659-7921-4dc4-bc51-4b5185db0eff,HSBC,Good but if any mistakes log off. It's bck on a hour later 😩,5,Positive,Negative,Negative,Positive,Positive
b968b8f6-f3fc-467c-a5eb-249dc56b8705,HSBC,"changed phone , can't access app on new phone because it's on too many apps , can't access website to change this , because I need to access app to generate code , it's like going round in mad circles",1,Negative,Negative,Negative,Negative,Negative
d0ec0fa5-21b1-45a3-9180-eacff149c0b9,HSBC,App doesn't work anymore. Asks to disable developer settings and usb debugging.,1,Negative,Neutral,Negative,Negative,Negative
0b4c8089-6394-4d65-a72a-e3ef86e540d2,HSBC,Annoying new feature where you scroll transactions and have to hit see more and start again. And what is with the stupid reason for payment that does not give 'spending my money' as an option,1,Negative,Negative,Negative,Negative,Negative
bc88c4d8-907d-4d28-8c54-532e9734b915,HSBC,Absolute joke of a bank. The app Is useless and you can't do share trading. The online is no better and end up having to do basics things that should be simple. Had nothing but issues with this bank. Rubbish. Can't move money between accounts as they aren't linked for some stupid reason. Useless bank glad I left. Trying to contact you and get someone who knows what they are doing is anlthwr joke. Worst bank ever. Moved my entire family to lloyds away from this garbage,1,Negative,Negative,Negative,Negative,Negative
19fbdc1e-84a7-475a-bac1-40e337dc7d94,HSBC,I had a problem where the app was unresponsive. I resolved this by removing a floating back button that I normally have.,2,Negative,Negative,Negative,Positive,Positive
b34442fa-0824-471f-ab39-805285704096,HSBC,"All my banking needs captured and so convenient and effortless. I can view and transfer funds at the touch of a button between my personal account to our joint account, my Global card that has revolutionised how we exchange travel money. And lastly, my personal loan which I can monitor and increase payments as I need. Basically, I couldn't live without my HSBC banking app.",5,Positive,Positive,Positive,Positive,Positive
16e0be0b-29a2-40ae-88c8-8012e1464030,HSBC,The app is so easy to use. Glad I've got it now.,5,Positive,Positive,Positive,Positive,Positive
0751313a-5066-4846-a093-26e87ba062d8,HSBC,all good for me thanks 😊,5,Positive,Positive,Positive,Positive,Positive
56f70869-27ca-46e4-8802-28eabf275253,HSBC,Sorry but I find it very hard to believe that once an update is done I have to buy a new phone to control my account. Ridiculous I fully understand the security of it all but I'm not happy that the costs for a customer are made more by having to invest in a new phone and more expensive contracts Reply would be nice to help people with costs.,1,Negative,Positive,Negative,Negative,Negative
03ca3c88-9384-4105-92a9-e2036011093a,HSBC,"app won't open, just get ""app keeps stopping"" when I try to open it",1,Negative,Negative,Negative,Negative,Negative
faa91a4d-66c9-44b2-b0cb-233357e54772,HSBC,I know this site is perfectly safe thankyou HSBC,5,Positive,Positive,Positive,Positive,Positive
e0117b19-8495-474b-ae66-c2772787678e,HSBC,"HSBC have now blocked my app because they've identified an app which may not be secure and I may have downloaded from an unofficial store. It's Norton 360; literally an anti-virus software to keep my phone safe, downloaded from the Google Play store.",2,Negative,Positive,Negative,Negative,Negative
4c8f936d-4554-4ebb-adfe-cd21d599b3fb,HSBC,update for android 16.... please,2,Negative,Positive,Neutral,Negative,Positive
70058a94-123d-416c-8ffd-6bf8c4e99443,HSBC,"Must disable developer mode to now use... completely unusable, especially considering all other banking apps not requiring this.",1,Negative,Neutral,Negative,Negative,Negative
5701f8a7-9cc6-4e6d-8c57-c21107e4af62,HSBC,You blocking developer mode usage is just ridiculous. Shocking as it might be users can take care of themselves on their phone. Seriously if it wasn't such a hassle I'd leave you lot after 15 years.,1,Negative,Negative,Negative,Negative,Negative
6be1d8d5-c778-497f-baf7-3fa7a3a0032d,HSBC,not compatible - unbelievable!,1,Negative,Negative,Negative,Positive,Negative
5026a6a4-910c-45de-81aa-d7c687de9df9,HSBC,August 2025 App update problems. Unable to access App without disabling 'Developer Mode' on my phone. Therefore I can't access my account. HSBC is good..... your Mobile App at the moment is notgood Contacted Service Centre not helpful.,1,Negative,Negative,Negative,Negative,Negative
4765e375-dcd2-43ee-9766-05a6b7b05bfb,HSBC,awsome,5,Positive,Neutral,Positive,Positive,Positive
3b4a49e0-738f-4bd9-a3b9-83072c2ac24f,HSBC,Account setup was easy to was great with the help of Lauren Lane. She's friendly patient and fantastic. I recommend HSBC bank especially for students.,5,Positive,Positive,Positive,Positive,Positive
57ee27a4-a8bf-4173-bb3f-811e64fc9ad6,HSBC,"Being elderly and not used to apps, I have found the app very easy to use after using it just to pretend moving money just to get used to it. Now I'm getting to be a dab hand at it.",5,Positive,Positive,Positive,Positive,Positive
ec61efd3-2b06-4da9-8fc1-d19d3c5bd17b,HSBC,"Dysfunctional. Explicitly refuses to operate because of developer mode enabled and some of my other apps installed. Come on HSBC, this is MY phone and only I decide what and how I'm supposed to use it! I do rely on all of those functions in my daily use of my phone and I have it all for a reason. Very poorly designed app.",1,Negative,Neutral,Negative,Negative,Negative
1b74a101-c4fb-4281-866b-57fa04274dc3,HSBC,"A great app, but takes times to get used to the functionality if you don't use it often and have so many different accounts. It's absolutely amazing as you can have several kinds of accounts and in different currencies which aids travelling without the need to physically have cash.",5,Positive,Positive,Positive,Positive,Positive
f7459286-e926-41c4-802f-e332b753fcb7,HSBC,best service,5,Positive,Positive,Positive,Positive,Positive
8f94c8b0-c8f3-423f-8ce5-f89d84165639,HSBC,"I would give zero stars if possible. I cannot even register for online banking because the app does not recognize movement when taking the selfie to authorise mobile banking access (app says ""nod slightly"" but it does not detect even the most vigorous nod as proof of life). Basically, beyond useless, this app. Deleting it immediately, waste of space.",1,Negative,Negative,Negative,Negative,Negative
9099b5c4-e178-4af8-9b6a-7cb8b63a8111,HSBC,app no longer works on my device,1,Negative,Negative,Negative,Positive,Negative
794905f1-16b7-4077-af76-c33b84f45191,HSBC,I absolutely love that I can sit in my bungalow and access my bank details pay my bills transfer flipping money every time my delightfully grown up kids lol bt no honestly if u don't have online banking I Highley recommend it much love x,5,Positive,Positive,Positive,Positive,Positive
397b4495-0a44-4d43-9ab3-61941a493a42,HSBC,"Doesn't work...again! With the last update the app doesn't open anymore due to a 3rd party app installed on my phone. And of course to log on to my web account is not possible, because I need to generate a security code on my app to do that. HSBC, since when do you tell me which apps to install on my phone? HSBC, since when do you control my life or my phone and tell me which apps to keep or uninstall?",1,Negative,Positive,Negative,Negative,Negative
ebe82080-48b3-45fd-81c3-c205f970e8aa,HSBC,"Great service ,5star",5,Positive,Positive,Positive,Positive,Positive
970778a4-9735-4dfd-a5d2-edbbc5a15661,HSBC,"this app is obviously very good, and customer service is excellent.",5,Positive,Positive,Positive,Positive,Positive
637e0afb-d266-401e-9189-1f0ed555335f,HSBC,broken. tried to register and it kept giving an error message. tried a few times and gave up.,1,Negative,Negative,Negative,Negative,Negative
61ac5d7e-fe17-4243-aca7-effb076c2e77,HSBC,"Used to work fine, have had problems with phone over past year, new phone tried to login but forgot my username! Do I really have to scan through 80 odd years a month at a time to put in my birthdate? It's only 8 figures! Which I tried 3 times due to fat fingers! Unsuccessfully! It doesn't deserve 1 star.",1,Negative,Negative,Negative,Negative,Negative
1a21a74e-b5cd-4794-ba06-772f5dda90a6,HSBC,Doesn't work on my phone. Update two weeks later still doesn't - but my other banking apps work. One more week then I think I will have to move bank!,1,Negative,Neutral,Negative,Negative,Negative
2aa5e63e-f7e4-425b-9755-4761aa9f352e,HSBC,"I've used this app for some years for basic account management stuff and it has worked well. But. Since the last update it refuses to work if USB debugging is turned on on the phone. I must protest in the strongest terms about this. I have my own reasons why that is turned on, and it does not compromise my security in any way (especially since there is no cable connected when I open the app). Please reverse this boneheaded decision and stop trying to dictate how I use my phone.",3,Neutral,Negative,Negative,Negative,Negative
999d9949-9870-46c3-8432-cadeacf71e7c,HSBC,detected risk apps which didn't exist so can't use this app,1,Negative,Negative,Negative,Positive,Negative
4cb4524d-0db1-4013-8927-059aa4adcab7,HSBC,great dream experience from a bank,5,Positive,Positive,Positive,Positive,Positive
b5bc869e-28c6-4fb7-999e-9d230c11b912,HSBC,won't open at all,1,Negative,Neutral,Negative,Negative,Negative
fff7eea0-7e95-4a4b-9d3d-0399dbc83f27,HSBC,"Too invasive, forcing users to switch keyboards and disable some phone settings that are essential to some.",1,Negative,Neutral,Negative,Negative,Negative
5f7f0302-cceb-4ecc-bb85-c0352b8f67a4,HSBC,Absolutely Life Changing!!!,5,Positive,Neutral,Positive,Positive,Positive
42ca8cd7-516f-4078-a567-d17161019453,HSBC,Doesn't have receipt to forward of print out,1,Negative,Neutral,Neutral,Positive,Negative
50dfb914-1170-481a-a6c0-2b748f0a5493,HSBC,Very good and reliable service when you travel abroad for holidays for example.,5,Positive,Positive,Positive,Positive,Positive
baa57e4a-a747-4c0d-896a-481bb7cf5dea,HSBC,"Installed the latest update, now unable to access online banking. It keeps telling me there is a security issue with other apps which I have never had before, not even with the previous version of the HSBC app. Can't even login to the web site as I need a code that is generated by the app. I have seen responses to other reviews and I know the version of android on my phone is suitable for the HSBC app. I've uninstalled the app then reinstalled it but no good. Rubbish.",1,Negative,Positive,Negative,Negative,Negative
3276b77a-cecd-4441-a8a0-da1730cb93a9,HSBC,"Started to ask what I'm spending my money on, I think that's none of their business. Won't be asking me for much longer as I've found Zopa biscuit. Pays 2% interest on balance and direct debit cash back and a 7%saver to boot thanks HSBC for being nosy",1,Negative,Positive,Neutral,Negative,Positive
677da027-6431-490d-9048-3b3e4ee0ede3,HSBC,"worked fine for ages and wasn't a problem. The security update like with many many people has broken it. I've added no apps, I have no unsafe apps on my phone. I have not got dev mode on or any of the debugging but it won't open due to a security issue. I used this app for basically all my banking exclusively and now it isn't working I'll be changing bank account away from HSBC.",1,Negative,Negative,Negative,Negative,Negative
fd7c59bf-2959-4306-aa03-7b4100a47e78,HSBC,easy and convenient to use.,5,Positive,Positive,Positive,Positive,Positive
8b948f53-f3a7-45e4-b4fa-fa2444e6594c,HSBC,"Until recently I had no issues with it but when I just attempted to open the app I was blocked because of security issue - stating I had to turn off developer mode. I do not have developer mode on. All apps I've downloaded have been from the Play store, the only new ones since I last used the HSBC app are NYT Games and the Chelsea FC app! Somehow don't think those are a security threat. This is totally unacceptable. Edit - They've responded and clearly not read my review. Developer mode isn't on",1,Negative,Negative,Negative,Negative,Negative
156415c6-4a3b-4b01-a5c8-d363194d2dfd,HSBC,"for the last week I click on the app icon it goes to launch after a long pause then just shuts down again before showing the log on screen. cleared cache and data but still doing it. Maybe need to go back to banking in a branch, oh but wait they closing all those too; just like the app at the moment. Bit rubbish really",1,Negative,Positive,Negative,Negative,Negative
cf861385-4cdf-473e-87b5-e0d935f0d783,HSBC,cannot find manage bills. cannot find update app.,1,Negative,Neutral,Negative,Negative,Negative
408aab04-70e1-41e4-8a9c-ff15f3b822bd,HSBC,Prevents copying and pasting numbers. Does not work if you have developer mode enabled.,1,Negative,Positive,Negative,Negative,Negative
3ff11305-41b4-4039-a4c1-89f9b8659b10,HSBC,"I've been unable to open the app for 10 days now, since the last security update. I am running Android 13 on a OnePlus phone. HSBS customer service have absolutely no idea if or when this update will be fixed. Now it is fixed, but I had to turn off a number of features on my phone",4,Positive,Positive,Negative,Negative,Negative
8df4385e-16d8-4ca5-b01b-08efeb0281ea,HSBC,i cannot access the app after the last update for Android .. it asks to disable DEVELOPER OPTION.,1,Negative,Neutral,Negative,Negative,Negative
444b1270-0a08-439e-938b-06d28d698267,HSBC,cheque pay in app superb,5,Positive,Positive,Positive,Positive,Positive
e0d39e00-d458-42ff-b417-ff376ec32a36,HSBC,"Upgraded back to 5 stars. My app was not responding properly, and the team promptly sorted this out.",5,Positive,Neutral,Neutral,Positive,Positive
06721157-7755-444b-8cfa-d50940fcb56e,HSBC,constant crashing never shows what need it to do. so many errors and nothing ever changes,1,Negative,Negative,Negative,Negative,Negative
bbf42160-6f0e-4a9b-981a-6727e91fbc85,HSBC,Great Service,5,Positive,Positive,Positive,Positive,Positive
69c07bd3-7f53-4b59-be80-745441907303,HSBC,HSBC should not be checking if USB debugging is enabled to run. Make your app secure if there is any issue.,1,Negative,Positive,Negative,Positive,Negative
582243fe-a0ae-4a32-948e-4f9e3b992818,HSBC,"locked me out for having unsafe apps, of which I have none. No customer support at all. The website asks me to use the app to make enquiries, which I cannot do as they locked me out. The chat feature send me around in a circle. It's literally infuriating!",1,Negative,Negative,Negative,Negative,Negative
8c2dcec3-b8a8-4880-a4bf-1f72a42cdf9d,HSBC,I do like the app. One thing that bothers me is why you need to know who I am sending money to? It's my money. It just feels like a form of control. im going back to using cash. cash is king,3,Neutral,Positive,Neutral,Negative,Positive
fbe81b0b-b181-45bb-8327-e8703af363b6,HSBC,excellent service for all the time..,5,Positive,Positive,Positive,Positive,Positive
66cdeae1-0f48-428a-973a-f4a69772ca0c,HSBC,Great layout. Good menu options. I've used the 'block card' feature on occasion. I like the instant alert for money in or out.,5,Positive,Positive,Positive,Positive,Positive
36718a40-0fde-4ee7-860b-f185da8c214c,HSBC,Just started with HSBC and found it nice and easy.,5,Positive,Positive,Positive,Positive,Positive
29f836d5-4208-495b-aec3-97859d56d224,HSBC,its private what i do with my own money......,1,Negative,Neutral,Neutral,Positive,Negative
6a5228b1-076b-43f5-8f82-3c329b57eda6,HSBC,chat can be a little bit odd. but recent use had me connected to a human within a few minutes.,5,Positive,Negative,Neutral,Positive,Positive
00538299-7975-4345-8991-23aa773d2c34,HSBC,apart from the fact that you now need to give a reason as to why you want to pay someone I have no issue with this app.,4,Positive,Negative,Negative,Negative,Negative
68273ab9-7fa6-4507-abe9-5be5f80fb5f4,HSBC,"Can no longer access the app without turning off developer options and USB debugging, I require the use of these features on a regular basis and will have to move my account to another bank if this is not reversed.",1,Negative,Negative,Negative,Negative,Negative
7f8fe942-f1be-44d2-be6c-65d2e256a64a,HSBC,So quick and easy to use the app,5,Positive,Positive,Positive,Positive,Positive
c6263b37-a9fe-4d1f-a6ef-620eda8ee44e,HSBC,"Seriously I can't even access my bank now because of developer mode? You make me choose between work and being able to access my bank account? how is this even allowed... As expected I called and you can't do anything, this is the app feature and now I have to find a new bank or restart my phone every time I want to check my bank account...",1,Negative,Negative,Negative,Negative,Negative
74f00718-fa3e-4130-8fd1-ea801e675f4d,HSBC,The app won't open because I have dev mode and USB debugging on. What is this nonsense? Get the app compatible with these features or I'm changing banks!,1,Negative,Negative,Negative,Negative,Negative
555aa32b-f03a-44aa-bec7-8cb459cefb5c,HSBC,"Online service is very easy to use, even for those not used to online banking.",5,Positive,Positive,Positive,Positive,Positive
86bb4d0e-2b1f-4cea-b5cb-b731e8e937ad,HSBC,nice,5,Positive,Positive,Positive,Positive,Positive
df1e803d-2239-4492-90b0-76feae848cdf,HSBC,It was well nice And thanks for the offer I'm you,2,Negative,Positive,Positive,Positive,Positive
e476fd03-d0bb-48fe-a50b-59544bbf0c8e,HSBC,"I've lost this app since June, HSBC assured me not them but Samsung , not them either. No help whatsoever. it states downloaded from a non viable app , uninstalled and installed probably 50 times . Have had to resort to the antiquated key fob ,so no notification,s no cheque depositing in etc . Will soon be transferring my accounts.",1,Negative,Negative,Negative,Negative,Negative
779fab85-887c-422a-8866-fcf0cc18d46a,HSBC,Setting to one star since now it refuses to work if developer mode is active citing it as a security risk. The person who decided to implement that check is the security risk. If it's not fixed anytime soon I'll just have to move to another bank.,1,Negative,Positive,Negative,Negative,Negative
bd32d995-5d1e-4ff6-ab36-18c7850e44df,HSBC,"blocks access to the app if developer mode is enabled, developer mode only shows you the advanced settings! While wireless debugging allows a rogue application to connect to it, USB debugging REQUIRES you to connect via physical surfaces!",2,Negative,Positive,Neutral,Negative,Negative
280d6055-5a78-4b89-9341-0344a79e13f1,HSBC,"Since the app was updated months ago, I can't fill anything to make a transfer. The app has lots of issues and is pretty dysfunctional",1,Negative,Positive,Negative,Positive,Negative
55801fde-1842-4992-a628-686c2c571fbf,HSBC,"I'm a software developer and can no longer access the app. It's locked me out due to the developer options being enabled on my phone, which I need for my job. I will have to look at switching banks entirely now. Ridiculous.",1,Negative,Negative,Negative,Negative,Negative
87180cb7-acfc-4851-890d-c97d52e5b1ad,HSBC,Keeps telling me my S24 ultra has apps which are a security issue and won't let me use it. Nothing has changed except an android system update yesterday and now the app won't open.,1,Negative,Positive,Negative,Negative,Negative
7dfc746c-8f06-4702-b419-103ae08a65d1,HSBC,"After latest update, touch registration AND cheque deposit function is now restored and working!",4,Positive,Positive,Positive,Negative,Positive
1d313dc7-3996-448a-89d3-6589f4d00f54,HSBC,"Recent update refuses to run because I have the audacity to enable usb debugging/developer mode on my own phone. Whilst I understand the intent, this is not a security risk in the hands of an experienced developer... nor was it mentioned in the release notes, and without a working app I cannot even login to the web tool, because this app is the 2FA What this nannying will actually drive is me installing the app on an old device without android security fixes just to get into my banking. Dumb.",1,Negative,Negative,Negative,Negative,Negative
113b6b53-5a33-4176-8716-4015c5861124,HSBC,absolutely horrible! not user friendly & impossible to add app to a new phone,1,Negative,Negative,Negative,Negative,Negative
508273ec-93cf-40af-89a3-85e0a1344282,HSBC,"Loads but won't work, please fix",1,Negative,Negative,Negative,Negative,Negative
d7082d21-7bae-4a6e-a655-d8851aa03314,HSBC,Can you please disable the check that requires developer mode to be disabled? I can't get into my bank account now at all,1,Negative,Positive,Negative,Negative,Negative
7951c8e8-54bb-4c20-8e5a-dcace1e09c12,HSBC,no longer works with the latest update. It has restrictions and doesn't load if you have USB debugging or developer mode enabled.,1,Negative,Negative,Negative,Negative,Negative
9b590bf1-beaa-486a-a8e7-3dbcb3799bd5,HSBC,Good nice bank account,5,Positive,Positive,Positive,Positive,Positive
f9689f36-7d29-4a92-8710-a5680ca8282e,HSBC,Easy to use,5,Positive,Positive,Positive,Positive,Positive
52260949-8fa5-4a4c-8a0d-a179e80a9b0c,HSBC,"Normally fine, but the app stopped working right when i needed to verify my finances for a visa. Tried everything and got ChatGPT on the case but couldn't figure out why it's locking up every time i open it. Cost me a lot in wasted train to London, not happy.",2,Negative,Negative,Negative,Negative,Negative
a2ac8a22-65d0-45d6-9efc-20c9ed91b078,HSBC,"Reading other reviews, I realised that they have glitches when they are making payment. It freezes when the payment is supposed to go through.",5,Positive,Neutral,Negative,Negative,Neutral
fc121dc5-094f-435b-ada3-c71a70678115,HSBC,"Why tf you don't let me use the app if I have developer mode enabled on my phone or a certain app installed?? It's none of your business, this is MY phone",1,Negative,Positive,Negative,Negative,Negative
365653f2-d772-4c63-bfa5-53c6e7a5651b,HSBC,you can't set the date for payments. it defaults to today,1,Negative,Neutral,Neutral,Positive,Negative
9e711692-0bc3-40de-9b22-4ac2ed39b26e,HSBC,The bank is fantastic. They have helped me in my darkest hours.,5,Positive,Positive,Positive,Positive,Positive
f0b2a506-3d6b-4d27-a3a9-c734458fe70d,HSBC,easy to use,5,Positive,Positive,Positive,Positive,Positive
458bf7aa-f23e-429d-bb52-8f1b31ff88ea,HSBC,This app is not working since 15 days and support team is unable to resolve it. Mobile banking app is unresponsive (hanging),4,Positive,Positive,Negative,Negative,Negative
19c3f966-21d7-429a-9a22-b3494c027500,HSBC,nice and easy to use,4,Positive,Positive,Positive,Positive,Positive
9c3b78ed-a0cb-4c45-be6f-9dda12aef331,HSBC,Used to work well now regularly freezes up when opened. I can log in but then unable to do anything. Sometimes it's works if I restart my phone. Very unhelpful app especially as it's important to be able to access and perform tasks. Please fix the bugs. I see that lots of people are experiencing the same issues. Overall I think HSBC is great but unfortunately your app sucks.,1,Negative,Positive,Negative,Negative,Negative
537a58e6-ad37-47ec-bd6d-15bcaafbae96,HSBC,Why can I not access my bank account on the app it is coming up security matters. I have been to the bank and called hsbc and they cannot see why I cannot access my account.,1,Negative,Positive,Negative,Negative,Negative
c03d5d36-4549-41f5-8a01-64f042a0184c,HSBC,Well organised,5,Positive,Positive,Positive,Positive,Positive
d1bba1f8-a67e-4197-843b-dd5d0c32f3e2,HSBC,"Ever since you did the major update on the app, I have to switch my phone on & off to get the app to work every time I need to use it. Otherwise it doesn't recognise I am pushing buttons. This is ridiculous, impractical, especially if purchasing something & needing to confirm it. Genuinely considering leaving HSBC over this & I've been with them 30 years. But Internet/ app banking is crucial and you haven't resolved whatever is clearly the problem. You took a working app & broke it.",1,Negative,Negative,Negative,Negative,Negative
969006f3-de67-4a57-af7e-e93cd9f4f1ef,HSBC,i can login but then the app doesn't register any of my taps. absolutely unacceptable bug for an app of this calibre. reinstalling just means i can no longer login either.,1,Negative,Negative,Negative,Negative,Negative
42a89686-fb19-4508-81f3-e2956bffc231,HSBC,"Buttons don't work anymore, cache cleared, phone on and off, app uninstalled and reinstalled, still locked, buttons unresponsive. This was a good app until the update. Appears to be a lot of people on here with the same problem, should provide a roll back with this many failures and no fix. Disappointing replies from HSBC, letting customers down badly.",1,Negative,Negative,Negative,Negative,Negative
827da3f5-ff6b-4dc0-bc6b-e5e2c17b85c3,HSBC,"trash,nothing works very confusing had worst experience with a bank of my life,would not reccomend to my enemy,stay away from this.",1,Negative,Negative,Negative,Negative,Negative
07613a46-b544-4f91-9e30-d283331692ff,HSBC,I have had problems with trying to sign in and said in uninstall then reinstall. I have done this 6 times today again and still cannot get onto my account. very unhappy,1,Negative,Negative,Negative,Negative,Negative
f29cf066-18db-4ba1-8e92-856495f23920,HSBC,"A seamless app with all features, including liver chat available.",5,Positive,Neutral,Positive,Negative,Positive
f82d807e-3a9e-4ab8-8bbf-3c51602ab1fc,HSBC,"something happened, can't use my mobile phone .",1,Negative,Neutral,Negative,Positive,Negative
6b28fa0c-49d8-4a59-8d07-0625f461a9cf,HSBC,"App stopped working post update. I understand this is causing issues with lots of users on various platforms(Huawei,oppo etc ) but no updates on fixing or releasing patches. this stopped me from accessing via phone. surprised for a bank like HSBC to release an update without proper testing and leaving customers bear the pain",1,Negative,Negative,Negative,Negative,Negative
2b160c7e-61dd-48a1-9632-83f126238725,HSBC,"Totally rubbish. For the last 3 weeks im trying to contact the supprt to fix the bugs relating to Samsung android phone, but in vain.",1,Negative,Negative,Negative,Negative,Negative
55b3dcea-4c48-4d28-a68e-3eda86a049d2,HSBC,pretty simple to use,5,Positive,Positive,Positive,Positive,Positive
5dff5cec-7941-4bcf-abc6-7884e7bc9e97,HSBC,"Problem similar to below - does not recognise button presses on my touch screen. Nothing hapens. I am on the phone to them now trying to sort out. So much of what is asked of you is predicated on having the app working, it essentially locks you out of your account. Expect better from a multinational organisation frankly. Also expect a generic robot generated response to this review to appear below.",1,Negative,Positive,Negative,Negative,Negative
c1cc53e5-c3bf-4c64-a9e4-f84d6dbdcf8e,HSBC,"so easy, and instant!",5,Positive,Positive,Positive,Positive,Positive
a5993fc0-0fab-449c-99d9-59c1290e23b8,HSBC,Efficient and easy to use. Highly reliable and secure Bank App. Extremely user friendly and the chat option is simply wonderful.,5,Positive,Positive,Positive,Positive,Positive
250a833f-7cf0-4f1d-aaec-f6ee7518a527,HSBC,payment was immediately sent,5,Positive,Neutral,Neutral,Positive,Positive
fac0c056-5276-4707-8142-17bc13b28d63,HSBC,"just gets worse. since the update the app no longer works at all on my OnePlus 6T. Support were dealing with it as the ""highest priority to get me back online"" not heard a peep for a week. Nationwide app works fine. so time to move...",1,Negative,Negative,Negative,Negative,Negative
f851d42d-5422-4600-87c8-3d1e31532c23,HSBC,"Nice and easy to use service, hassle free transaction. Happy customer thank you.",5,Positive,Positive,Positive,Positive,Positive
45e511e5-49d4-450a-9936-e40757205052,HSBC,"I do like the app, it's normally user friendly. But please can this be investigated. I can see that other people are having the same issue. I can login to my app just fine, with no problems, but then when I try to click something, nothing happens as if the app is frozen. I've tried turning my phone off/on, restarting, clearing the cache, updating to the latest version and redownloading the app. I've tried to speak to someone but they said to go to customer service on the app. But I can't.",1,Negative,Positive,Neutral,Negative,Neutral
b0412c9e-5275-4919-9547-a3874c1467d2,HSBC,App is currently not working at all,1,Negative,Neutral,Negative,Negative,Negative
0bd7b9fd-b252-4022-ad6c-417e9448255d,HSBC,"Rubbish APP, can't do a lot of services, like on a desktop pc. Avoid find another Banking App that works.",1,Negative,Positive,Negative,Negative,Negative
f2f0700d-f3b1-4d7e-ae05-c95bb8f03891,HSBC,app has recently started freezing all the time. very annoying.,2,Negative,Negative,Negative,Positive,Negative
09105d9e-b4f9-4f49-96cc-ac40d857763c,HSBC,new app is very easily use,4,Positive,Positive,Positive,Positive,Positive
289238f2-37c0-4ea2-a787-0ba5141c0dd5,HSBC,App crashes and lags a lot,1,Negative,Negative,Negative,Negative,Negative
f36a2ab4-8353-4b5b-b344-4f6635fe47ba,HSBC,"Excellent service, counter and online",5,Positive,Positive,Positive,Positive,Positive
8f95e89a-afe8-4652-9a02-fabba443b971,HSBC,I am trying to get pn my pn line banking appcan you sort this out please,1,Negative,Positive,Neutral,Negative,Positive
29cc9e88-d258-4b89-a5c2-daccf5e9f55d,HSBC,Excellent app. Easy to use; well laid out; pertinent information; fast notification of transactions so I always know what's going on with my account and feel I have control. Recommended.,5,Positive,Positive,Positive,Positive,Positive
4952102e-ac09-4917-91fe-7d251e37c87d,HSBC,I've just changed my bank account too HSBC and I'm highly delighted with the service,5,Positive,Positive,Positive,Positive,Positive
c3786f06-65fd-43e4-a51f-2f0b87781fb4,HSBC,"app does not work freezes. restarted phone,works a few seconds then stops. uninstall and reinstall, freezes completely on notification page, can't even get to login.",1,Negative,Negative,Negative,Negative,Negative
5a0293b3-710e-4b95-a560-fd60920418d3,HSBC,July 2025 I've given it a fair chance but the new version of the app is awful. really badly thought out and can't get to the essential things quickly.,1,Negative,Negative,Negative,Negative,Negative
e3dfdcf1-75fa-4dab-91a8-ac88677559e2,HSBC,"App has been great up until yesterday, can't get into app, I get the home page to log in and nothing responds to touch screen. Edit. Have done all suggested. The recent update seems to be the issue, how can I remove it's update",5,Positive,Positive,Negative,Negative,Neutral
818f8686-a8b5-4448-97fb-b115e501fbad,HSBC,"the camera function doesn't work at all when you need to scan QR or check driving license for verification, literally won't scan or take the picture",1,Negative,Neutral,Negative,Negative,Negative
6f46f01c-1398-499e-906e-371f73450a43,HSBC,Great quick banking never a problem,5,Positive,Positive,Positive,Positive,Positive
046fb5d1-2ad2-445e-88df-25e0d6127461,HSBC,five days I've tried to use my mobile banking and still you haven't sorted it why at least is not just me I've been a customer for over 30 yrs disgraceful service sometimes ya just need things alone that genuinely work I've used mobile banking for a week and nothing but trouble since the secure key was a much better option,1,Negative,Positive,Negative,Negative,Negative
6a0d4b08-1ea2-40fb-ba6c-e83cf6db7a6b,HSBC,So easy to control my accounts and see almost instantly what is happening.,5,Positive,Positive,Neutral,Positive,Positive
aed79803-31ba-44b6-b1cb-cf17d55bad99,HSBC,Lousy. can't contact anyone to dispute a credit card transaction ...,1,Negative,Negative,Negative,Negative,Negative
bb7e6122-39e7-4cdf-856d-7353590649a8,HSBC,super,5,Positive,Positive,Positive,Positive,Positive
5ce026bf-7293-4172-900d-f3c469dbd948,HSBC,clunky,2,Negative,Neutral,Neutral,Negative,Neutral
1559e11f-19e2-4c47-9f65-48baa265e105,HSBC,not user friendly can't get it to let me register,1,Negative,Negative,Negative,Positive,Negative
bb450c96-60a8-45b4-acb7-1727f5dc6ee6,HSBC,"Within the last day or so the app has just stopped working, can't log in, just frozen. Been in contact with HSBC yesterday and today to no avail. Now have to wait for an old fashioned security keypad to arrive. Meanwhile I have transactions to complete. Completely unsatisfactory. And yes I have the latest updates",1,Negative,Positive,Negative,Negative,Negative
303b23d9-dd25-4efd-8358-305c9af9ffc4,HSBC,"The app is completely unusable! As soon as I log in, nothing works and I cannot interact with anything... what an amateurish terrible experience....",1,Negative,Negative,Negative,Negative,Negative
ea97fd20-9510-4664-a84d-5f5e3ae24828,HSBC,"works well, better than on computer",5,Positive,Positive,Positive,Positive,Positive
c76a3119-fca1-469b-9be7-cbf29e94382d,HSBC,"Awful app, constantly crashes and locks up since the most recent update.",1,Negative,Negative,Negative,Negative,Negative
aa1abf80-d57c-45f5-88b2-f11cb7d3b93f,HSBC,id verification doesn't work. useless. says technical issue,1,Negative,Positive,Negative,Negative,Negative
f48f5a9b-fb39-4781-85b5-44300c906f1c,HSBC,Brilliant bank,5,Positive,Positive,Positive,Positive,Positive
3982378d-e31e-4c64-b57a-0900683935a6,HSBC,Just so easy to use.,5,Positive,Positive,Positive,Positive,Positive
ecf867d0-d08c-480c-b275-e8ee0948a9ef,HSBC,"Was a great app until the last update, now can't get past the login screen, just frozen, cleared the cache, uninstalled and re installer, only works as a one off if I restart my phone and go on the app straight away!",1,Negative,Positive,Negative,Negative,Negative
87bb4b22-027a-421a-a33e-bd076edc95ad,HSBC,The app has recently decided to be unresponsive to anything after logging in. no problems with other apps. With the deep pockets of HSBC. sort it out immediately.,2,Negative,Negative,Negative,Negative,Negative
2859c1b8-84d4-44de-9366-20c1e05fa353,HSBC,Easy to use a pretty reliable tbf,5,Positive,Positive,Positive,Positive,Positive
afc737cb-f72d-4332-99b5-544086c64a61,HSBC,"App is laggy and impossible to use, it's horrible that HSBC forces you to use this app if you want to access your global money account.",1,Negative,Negative,Negative,Negative,Negative
5236b7f1-9c1d-4634-9f3b-3147058597c7,HSBC,"I have not been able to log on for over a week. I'm unable to move past the 'Security Matters' page because the 'Continue' button isn't clicking. Called customer care who told me to uninstall and reinstall didn't work, removed my device from my account still didn't work. Now said she was going to raise an IT ticket that will take 11-15 days to resolve. I can't use online banking because I need my app. I'm now completely locked out. Not having this issue with other countries' HSBC apps",1,Negative,Positive,Negative,Negative,Negative
1b84420c-203f-44ba-8377-c6887e2787f9,HSBC,My overall experience with HSBC UK online banking is fabulous.,5,Positive,Positive,Positive,Positive,Positive
319740bb-f21e-40f9-84d3-95bb62757fe0,HSBC,"This is so nerve wracking, to try to navigate this APP. I don't understand changing to something that doesn't work. I log in with biometric and the page frozen straight after, enabling me to do any transactions. even the screen does not scroll",1,Negative,Positive,Negative,Negative,Negative
fcea7285-d8fb-45fb-b9f6-4fc2c3c0b3f1,HSBC,"It's a really good app, but at the moment, the app isn't working, and when I try to go on it, it just won't let me so I don't know how much I have in my bank account.",4,Positive,Positive,Negative,Negative,Positive
05c2d6d1-e23d-4716-bfc6-0d416551decc,HSBC,"App has stopped working completely - it no longer recognises that I'm pressing buttons. I've tried reinstalling, clearing cache etc but it just won't recognise button presses at all. Can't log in to online banking in the browser because that requires an app. Can't start a help desk chat because that requires the app. Edit/update: On a whim I tried using the app in a floating window, and in that mode the app is responsive. Not ideal, but it's something.",1,Negative,Negative,Negative,Negative,Negative
4a3e1a74-c22d-483f-959a-08dea46f1ef7,HSBC,It's terrible,1,Negative,Negative,Negative,Negative,Negative
18d60b86-dcab-4dc3-813d-8067fdfa796e,HSBC,"garbage, went to the branch useless didn't want to know, just want a security number",1,Negative,Negative,Negative,Negative,Negative
b2782474-f0ba-44d8-a443-8aedd557f98b,HSBC,"Works fine so far, does what it's supposed to and feels secure but why is it impossible to close the app?",4,Positive,Positive,Neutral,Negative,Positive
6da02d60-6d01-4afa-b469-f5f328e0448a,HSBC,Been trying now to open up an account through the App it tells you too download the App then when you get to final stage it throws an technical error been like this for a week now,1,Negative,Negative,Negative,Negative,Negative
d0d0cdbf-0675-43f2-8cbf-23302f530398,HSBC,cheque deposit feature still broken,2,Negative,Negative,Negative,Negative,Negative
3d2205ee-cf8c-4ee3-bb27-adac1423cf1e,HSBC,"Do banks actually use the apps they create? HSBC app is slow, provides minimal useful features and is absolutely huge. How can an app with hardly any features be over 500mb? That's just sloppy coding. The ""new and improved look"" has made it worse. Now my credit card is in a different section to my current account and often I accidently log out of the app trying to get back to my main balance. I use the app as little as possible and I'm seriously considering changing banks because of it.",1,Negative,Positive,Negative,Negative,Negative
1df2e9a5-28ad-4801-8bbd-81f69bb1aca8,HSBC,Fantastic Bank. A pleasure to use and deal with. Extremely helpful.,5,Positive,Positive,Positive,Positive,Positive
aea81096-7fc2-4fdb-addf-ea0ad2fdeca4,HSBC,"Impossible to pay in cheques. This feature has always been hit and miss but now our local branch has closed and it is more essential, it is failing completely. If this is not fixed soon I will be forced to move banks",1,Negative,Negative,Negative,Negative,Negative
c10a7931-1f3d-4d8d-8aa9-ab29f40e1b1b,HSBC,Don t work,1,Negative,Neutral,Neutral,Positive,Negative
246f7357-2416-4609-9fb5-618d04d96528,HSBC,Not able to use it to pay in cheques. Very glitchy and app keeps restarting mid process,1,Negative,Negative,Negative,Negative,Negative
50f599d4-21fe-45c7-be20-ab1d4815155c,HSBC,"Disappointing to see that the deposit cheque function is still not working - looping photos and causing the app to log out or revert back to the start of the process, despite several other customers posting negative reviews about this issue in recent months. What is HSBC doing to fix this issue? Please don't ask me to contact you via another route, enough people have complained about this problem for you to fix it without asking your customers to jump through more hoops.",1,Negative,Negative,Negative,Negative,Negative
91b819a3-1fad-4fc7-a173-f5975c0fc762,HSBC,unable to cash a cheque via app. crashes each time,2,Negative,Neutral,Negative,Negative,Negative
f4cb3906-c29d-483c-b751-2b56779c8664,HSBC,too many places where you have extra steps where a single touch would be sufficient,3,Neutral,Neutral,Neutral,Positive,Negative
d70ac906-236c-4141-ad5a-bfff34e75220,HSBC,so convenient to be able to do all my banking from my mobile phone,5,Positive,Neutral,Positive,Positive,Positive
844ede41-1f18-48be-b60a-2efaaebfe375,HSBC,Kelly went above and beyond,5,Positive,Neutral,Positive,Positive,Positive
a80913e1-e5a9-4a8e-8f84-253573078a5d,HSBC,"Sort your deposit cheque system... this is beyond a joke! You spent all this time and money making the app ""more navigational and user friendly"" but can't even fix this function. I have uninstalled and reinstalled the app. But I have to keep opening and closing the app several times till it decides to load up the login screen. It is becoming tedious and infuriating. App needs to be updated or something. As this can't continue.",2,Negative,Negative,Negative,Negative,Negative
fd2f1ebc-53d7-4d2e-bea1-e46572517967,HSBC,"Santander's mobile banking app allows me to reset up on a new phone after my old one bricked. I'm locked out of this one because despite accepting my ID when I changed my name, it's suddenly not good enough to get into my own account. HSBC attempted to hide this review. I will repost until I have access again.",1,Negative,Negative,Negative,Negative,Negative
80185188-d8e2-4275-be1c-6120b4b93b03,HSBC,can't deposit cheque app keeps crashing! camera keeps saying error!,1,Negative,Negative,Negative,Negative,Negative
2641395c-ab55-464b-b030-eda5437d54cc,HSBC,"Trying to deposit a cheque through the App, won't accept any pictures I take of the cheque, so frustrating! What's worse is that we have no HSBC branch where I live. Extremely frustrating!",1,Negative,Negative,Negative,Negative,Negative
0028e110-5985-47fb-acf3-2b400627df40,HSBC,makes it easy.,5,Positive,Positive,Positive,Positive,Positive
9cae97f6-2262-474a-9697-7b2d750b5dee,HSBC,very user friendly,5,Positive,Positive,Positive,Positive,Positive
e276b961-eaa7-4672-8c04-764cde7c84dd,HSBC,nice and easy with confidence,5,Positive,Positive,Positive,Positive,Positive
d433b4ef-a795-4018-9262-0e463d1c4175,HSBC,"Great App, works faultlessly, the bank itself is as good as any, gave me an account when I had just divorced and had poor credit, great investment and saving plans too",5,Positive,Positive,Positive,Negative,Positive
2f0b5414-5abb-42d2-8122-66c82b0b387f,HSBC,average. hsbc expat dreadful,1,Negative,Negative,Negative,Positive,Neutral
4c9bac7f-8f4c-41cf-afff-814b9b76fa38,HSBC,"OK, had and issue where the app was just bombing out and not starting at all, ran updates in play store until everything was updated but still had the issue? went into app info and down to the bottom where it tells you it's installed through Google play store but when I went into this it showed an update was awaiting for installation?? after I updated the app is now working fine.",2,Negative,Positive,Neutral,Negative,Positive
c4a90baf-95cd-494b-add1-d4934b355de8,HSBC,Brilliant! I don't have to go to the next town or change banks now.,5,Positive,Positive,Positive,Positive,Positive
ea3ef0e7-438d-4f09-aaa2-600faab49dca,HSBC,excellent,5,Positive,Positive,Positive,Positive,Positive
124168d8-19c0-42cd-aded-30e291c07f83,HSBC,"All v good, thx.",5,Positive,Positive,Positive,Positive,Positive
6221a7c5-4859-4751-9451-207cc258eb1f,HSBC,"easy to use,",5,Positive,Positive,Positive,Positive,Positive
f29f5505-75a3-4013-a0f0-8bfa9f6a0a04,HSBC,"chat service not working, waiting for 30 mins without response or even a message saying that someone will join the chat",2,Negative,Positive,Negative,Negative,Negative
4e50d48e-f510-4229-965f-797310715ee8,HSBC,"The regular banking areas of thr app work OK but trying to deposit a cheque is genuinely the most frustrating experience. The app takes pictures before you can frame the cheque properly, then gives error messages saying the framing isn't right. It tells you to make sure the cheque fills the frame, but the frame is the wrong shape for a cheque. Once you finally take a picture and select ""use"", the app glitches and takes you right back to the camera anyway. I could go on. It's terrible.",2,Negative,Negative,Negative,Negative,Negative
f90b288c-1ffb-4c12-bbaa-8f05b4a86511,HSBC,Very proud service,5,Positive,Positive,Positive,Positive,Positive
e2fe0e69-5f62-4ce7-9522-655b14023a31,HSBC,"I thought I would give it time but still hate the new design. I create dashboards and UX for a living know this wouldn't get signed off by us. navigation is not intuitive, does the app allow me to go back or exit the app, who knows? can I find my credit card or ISA? can I use my points, no I have goto the website. and I have to change my keyboard to default just to log in... look at the chase app for inspiration!!!!",2,Negative,Negative,Negative,Negative,Negative
0e37c9b6-1421-404b-a8ae-36d14e7af0e5,HSBC,An essential feature for a banking app is that it opens quickly and reliably when needed. The current HSBC app fails on this.,1,Negative,Negative,Neutral,Positive,Positive
5382d6ec-c878-4472-a932-7b9f9651e697,HSBC,cannot deposit cheques since the app redesign. I would like to know when this will be fixed?,1,Negative,Positive,Negative,Positive,Negative
bd5e9e72-2e02-4076-aa50-7775073704ac,HSBC,Update: tried it on the wifes phone. Exactly the same issues so must be the software. Can't pay a cheque in on Samsung Galaxy. Software and phone both up to date. When taking a photo app keeps flashing until the screen goes blank then app closes (timeout).,2,Negative,Positive,Negative,Negative,Negative
f106dac1-b15b-4854-8473-30622d6eb530,HSBC,excellent,5,Positive,Positive,Positive,Positive,Positive
bdb262b2-f141-4cf8-90d1-7c1cacf49537,HSBC,"Simple, easy to use App",5,Positive,Positive,Positive,Positive,Positive
338e316e-3ddb-4a45-acec-43a19b5c001e,HSBC,"I can no longer scan my cheques. It won't take the photo, and then once it does, the app tells me ""session expired"" and sends me back to the main menu. If banks are seriously closing down branches in favour of apps, then these apps NEED to work!",1,Negative,Neutral,Negative,Negative,Negative
80e0e399-343f-4439-88aa-05d80536470b,HSBC,Stop changing the layout. Christ.,2,Negative,Negative,Negative,Positive,Negative
0b79ded1-5150-495b-a159-e0c8bf8082df,HSBC,better than it was but still difficult to use when overseas,3,Neutral,Negative,Negative,Negative,Positive
9cb95350-cd39-4515-b2ab-3a2b756f0c9f,HSBC,now app isn't accessible!!!!!!!,1,Negative,Neutral,Negative,Positive,Negative
9942376e-6690-475a-ac8a-66838e98b328,HSBC,"Doesn't show all transactions.I sent out overdue reminders to clients cos they don't show on app but do on website.Statements show up to 2nd of month but recent transactions may just show up to 11 May, missing out days & won't see all of that month till next statement.'Complaints/feedback' url just leads to chat box.If you ask agent for complaints email they give u theirs.Sometimes it won't show who sent you payment.One came in as 'O' another 'credit'.Had to call around to find out who they were",1,Negative,Negative,Negative,Negative,Neutral
099d9082-6fac-4fce-b513-fc6a5292084b,HSBC,this mobile app is really easy to use simple layout and clear,5,Positive,Positive,Positive,Positive,Positive
53d5de22-3b07-4bb3-bf33-9c60cb3eb06a,HSBC,"App used to work well, but since the update has become utterly unreliable. total lottery as to whether I get payment notifications, can't pay in cheques etc",1,Negative,Positive,Negative,Negative,Negative
4b0108c0-30bf-4934-ba5b-fd87d33b3c63,HSBC,Great bank to deal with.,5,Positive,Positive,Positive,Positive,Positive
0bfd916e-83f5-44d7-9470-a2027e8b8d82,HSBC,top app,5,Positive,Positive,Positive,Positive,Positive
28fa29a0-6492-48d6-999e-4a305437d9ea,HSBC,Credit card balance takes several days to be updated. Transactions are not updated on weekends. credit card details can not be seen in additional cardholders' apps.,2,Negative,Positive,Negative,Negative,Negative
f3dd4fa7-31b3-420c-ae9c-3b7fcd4bcc29,HSBC,"good Bank, I'm really impressed by there service",4,Positive,Positive,Positive,Positive,Positive
c7dab833-e56e-4cbb-8e13-0bf7e833522e,HSBC,the app was perfect before and now it's updated it's really difficult to use.,1,Negative,Positive,Negative,Positive,Negative
b5b6cfc7-0748-45b1-8399-77b1c53df9ce,HSBC,can't pay in cheque s24 ultra. App says make sure cheque fills window which it does then crashes. Reinstalled app still same. Works on my wifes a51.,3,Neutral,Positive,Negative,Negative,Negative
fac16635-425f-49cf-a20a-b0e965c28e7f,HSBC,"excellent app,easy to use and follow.kerp up to date with all your transactions.",5,Positive,Positive,Positive,Positive,Positive
f59ff148-3bed-4223-975e-580beb98d282,HSBC,"excellent, & super fast .",5,Positive,Positive,Positive,Positive,Positive
abe8d9a7-2701-4f1f-bec6-80eac5fed9dd,HSBC,Excellent,5,Positive,Positive,Positive,Positive,Positive
3b115e45-d187-4aa4-8f08-6dff56831841,HSBC,I can't seem to login without using a secure key. I no longer have it. Very frustrating.,1,Negative,Negative,Negative,Negative,Negative
5e3ef04b-e744-472e-a736-2a0d078c7a57,HSBC,Appalling customer service.,1,Negative,Negative,Negative,Positive,Negative
8c69ce25-04e9-4498-9d08-7dd6f4a43566,HSBC,Works ok but has a bug where it does not let you pay in a cheque when using a Google Pixel 7a phone. This is a long-term and common problem (with pixels in general) and yet they have done nothing to fix it,2,Negative,Negative,Negative,Negative,Negative
91c58e9f-51fd-4cdb-862c-415acaa0331e,HSBC,Friendly staff help to me to open my account thanks for Mr Myke.,5,Positive,Positive,Positive,Positive,Positive
a8c54a74-5820-4b5e-9a8f-ea19b834140e,HSBC,sending payment simple and easy,5,Positive,Positive,Positive,Positive,Positive
99e0451e-fa9f-41f7-bf1d-a2f4966ab13d,HSBC,latest app is a big downgrade on the previous,2,Negative,Neutral,Negative,Positive,Neutral
723ae30e-cdaa-4e68-be00-b1c021f4859e,HSBC,Always been good but past month can't pay cheque in on the app . keeps crashing and saying banking session expired after about 20 seconds. very frustrating when most branches near by have now closed .,1,Negative,Negative,Negative,Negative,Positive
433aa05c-a924-409d-b62e-31f11a374fda,HSBC,unable to share the payment confirmation with others as LLoyds app does. thanks.,2,Negative,Positive,Negative,Negative,Neutral
c3d24a10-e220-4f06-902b-6abc58202df7,HSBC,excellent and easy to use app. all accounts including saving and investment in one place to see overall financial situation. My only bank,5,Positive,Positive,Positive,Positive,Positive
2cc7f137-0a2c-4fca-a83f-5db3f866252b,HSBC,great service,5,Positive,Positive,Positive,Positive,Positive
90e25938-6297-414b-a64c-aa9cdb814989,HSBC,Great easy yo use ans simple.,5,Positive,Positive,Positive,Positive,Positive
cbdf550d-803a-43a0-a943-ca834ae32313,HSBC,Excellent,5,Positive,Positive,Positive,Positive,Positive
266336d4-9d11-45ba-b49b-79c1053b042d,HSBC,Mostly great but lots of trouble when paying cheques into my account. Problems occur when taking photographs. It all looks good but keeps saying error has occured.,4,Positive,Negative,Negative,Negative,Positive
f9a80598-dbca-491e-bb25-aa75ab899615,HSBC,a very easy app to use,5,Positive,Positive,Positive,Positive,Positive
d8887631-830f-4b9b-b19d-a73b94b25257,HSBC,Not as easy to use as the old version of the app,3,Neutral,Negative,Negative,Positive,Neutral
dcb9f2ca-1d57-4618-a0ef-7001f83ceca8,HSBC,"Quite handy, does all what you need.",5,Positive,Neutral,Positive,Positive,Positive
de97f269-d23f-4fcc-a97b-3f3d61e90571,HSBC,One of your HSB c colleagues got the police onto me for sending my girlfriend my future wife 35 pounds if you're created to so many pesos which was much 35 pounds they got the police on for me police I assure to place it wasn't this camp I wasn't annoyed with police but with the bank waste of space in the present for me,2,Negative,Negative,Negative,Negative,Negative
6ac74a00-e139-4cbe-b260-6d1623e0a029,HSBC,they don't answer the online chat also the bank statements are not available for two months,3,Neutral,Neutral,Negative,Negative,Negative
9fb930d3-aff1-43fc-a993-50ad3d82bbe2,HSBC,best Bank,5,Positive,Positive,Positive,Positive,Positive
4a764900-9891-47a7-b123-854181ccda5d,HSBC,they have a nasty habit of making you wait at least 12-14 hours to be connected to an agent on chat through the app. then they ignore emails,1,Negative,Negative,Negative,Negative,Negative
5f27fff8-0580-4796-8ac1-88fc225c8d31,HSBC,"not working, keeps crashing on boot. android 15",1,Negative,Neutral,Negative,Negative,Negative
c193e4da-8bb7-4641-8f47-0433117c0b59,HSBC,"I don't like it,the older version was much more straight forward",2,Negative,Neutral,Negative,Positive,Negative
db539f51-5086-4160-9060-e31374d03100,HSBC,HSBC changed my card without my request then began charging me interest on my purchases despite me having an arrangement to pay my balance off in full at the end of every month on my old card. Absolutely disgusting behaviour,1,Negative,Negative,Negative,Negative,Negative
69026fe5-bf6b-47bd-b884-ce7f9199cbd2,HSBC,dont let you move your money when and where you want .,1,Negative,Positive,Neutral,Negative,Negative
bcd3902b-0d07-4825-a9c1-6107b4197aa6,HSBC,Neil at Beverley was first class.,5,Positive,Neutral,Positive,Positive,Positive
1127469f-1c9d-49e6-b58b-6214ee931025,HSBC,I have no idea how to continue this update all I want to know how much money do I have in bank. think over 80s are overlooked,1,Negative,Negative,Negative,Negative,Neutral
8a8f1dfb-d58d-4900-ae2c-c9ace0d8eeaa,HSBC,it's the 'only' app on my phone that constantly 'hangs' when opening and forces me to restart my phone to continue.,2,Negative,Neutral,Negative,Negative,Negative
673c2f36-9f7f-4447-8bf9-907181c27d58,HSBC,2025 edit since the most recent update the app keeps locking thinking my phones rooted when it is not been modified in anyway I have to consently force close to reset app.,2,Negative,Neutral,Negative,Negative,Negative
a6b4ce6f-aa9a-4e19-840d-36c24e3daa50,HSBC,"easy to use, you don't have to go to the bank. However, it doesn't allow you to share payments like other banks do. please add this to this app.",4,Positive,Positive,Neutral,Positive,Positive
9b326c0b-dcee-4eb4-a701-967c2951fbed,HSBC,I've watched this app develop from the very beginning and the features now are exactly what I wanted all those years ago,5,Positive,Neutral,Positive,Positive,Positive
ccd7b055-e65e-47e8-8262-afb8c6bca712,HSBC,I much prefer the old style of this app the balance forecast was always visible now you have to go to balance forecast to see it also transferring funds has become more confusing and long winded.. Generally there are more steps to doing anything on this new version. when something works why change it ?.,3,Neutral,Negative,Neutral,Positive,Neutral
f93d8449-aac1-47fc-99fe-021206ef4a18,HSBC,"chat keep crashing, and I can't get to speak to a real person, nowhere to send a secure message even though there is an app page for secure messages!",1,Negative,Negative,Negative,Negative,Negative
01b02109-4d5c-480a-9659-3ee49a518ef5,HSBC,Behind other apps in terms of services and not user friendly. Looks very good and professional but basic things such as finding your 16 digit card no. are difficult.,2,Negative,Negative,Negative,Positive,Positive
0415e0a7-4ae7-48b9-948d-a3ba9df59c5d,HSBC,"No global account while we were in Spain. Not good, reduced trust in your banking. Is the transaction behind a VPN safe?",3,Neutral,Negative,Negative,Positive,Negative
7d53ed70-fd39-46ab-9dfb-6299c8f88fab,HSBC,Cheque deposit issues with image capture. No dark mode.,3,Neutral,Negative,Negative,Negative,Negative
1a76366c-840e-45ec-beb0-3b405c108401,HSBC,"Cannot get past the selfie screen to open an account from overseas. Consistenly says 'movement not detected' despite multiple attempts, light conditions, head movements, restarts, re-installs and software updates. 30min on an international call with support did not help. HSBC is recommended for expats but I will be warning people off it.",1,Negative,Negative,Negative,Negative,Negative
d073c22a-4f24-4edb-9c4e-e8b11b7962ef,HSBC,"it's a shame they are not more crypto friendly, because I will be moving to the first bank that is.",5,Positive,Negative,Negative,Positive,Negative
2439b5f9-0630-42ce-94e6-57d106f8d7c2,HSBC,easy to use,5,Positive,Positive,Positive,Positive,Positive
7bcb13d0-1530-4cee-b633-5b51674853f5,HSBC,"Easy to use app, real people ready to help. Great place.",5,Positive,Positive,Positive,Positive,Positive
bfa2f1e5-1d27-4aff-9b9f-777f305ffe0a,HSBC,Excellent service,5,Positive,Positive,Positive,Positive,Positive
45dda1a6-bb7a-4421-9059-e29ea2b19ed5,HSBC,this new 2025 design is horrible. I loved the old one. it's looks like we jumped back in time I hate it,1,Negative,Negative,Negative,Negative,Negative
3432a409-19b2-417c-9076-51a8759422a2,HSBC,"the app is a massive downgrade than it was. Alot harder to navigate, confusing and the functionality is poor. Im not sure what made HSBC change it to how it was but boy are there going to be some bad reviews on this! Please just roll it back, worked perfectly fine! Also, please give us the capability to name our Flex saving accounts....others banks do and its game changing.",1,Negative,Positive,Negative,Negative,Negative
b2deff2c-2ac4-4033-8a27-c2030ec0b0a0,HSBC,"I have just got the new app, it's okay. I don't understand why I need to click through to see my ""balance after bills"". It was really useful having that readily available, please readd that to the account main screen. Also having my credit statement at the top of my transactions even after I've paid it is very confusing Edit: Even after response no mention of removing credit statement after payment, still leads to confusion. Thanks",1,Negative,Positive,Neutral,Negative,Positive
a0d5ac49-1cc8-4b75-b3cc-08ec77f3a57e,HSBC,I cannot use the pay in cheque feature with Android on Google Pixel 7. When taking a photo the image does not save and the app crashes.,1,Negative,Negative,Negative,Negative,Negative
6e4605de-f6fc-4b20-8e1e-1cf63fb0ec18,HSBC,Best bank for students in Scotland.,5,Positive,Positive,Positive,Positive,Positive
da3a8dfa-a452-46cd-89fe-1cb7ba510bb7,HSBC,Thank you for the excellent service,5,Positive,Positive,Positive,Positive,Positive
6c639cf9-71a7-4195-bd68-56f393ab52d7,HSBC,"l've given a rating of 1* simply because the cheque paying in function just does not work. Spent an inordinate amount of time on LiveChat yesterday complaining about it only to be told eventually to call PhoneBanking. Called today just as bad in fact worse as the individual spoke very bad English. All HSBC say is pay the cheque in at a branch [they've all been closed near me] or go to a Post Office. Not helpful at all. Fix the problem HSBC, clearly there is a problem.",1,Negative,Negative,Negative,Negative,Negative
c5c181e3-4417-47ab-ba9c-e6766736122f,HSBC,"Cannot pay cheques in since new update.. Have done all I've been told to do by advisers uninstalled the app restarted my phone, deleted the cache and data, and still it doesn't work. Won't allow me to pay cheque in it takes photo of front of cheque then when I press use it just flashes then closes the app saying my banking session has expired, tried numerous times, had to pay cheque into bank machine which is really inconvenient, really don't understand why this has happened.. Frustrating",1,Negative,Negative,Negative,Negative,Negative
f0d7d4fd-10d3-440c-a298-2fe7ba62d79e,HSBC,it was easy to set up and transfer money to an account,5,Positive,Positive,Positive,Positive,Positive
6118f4d6-4973-49cb-8f84-ac52e4c5f4fb,HSBC,"Terrible, glitches when you try to deposit a cheque and kicks you out of the app. Tried several times, still not successful",1,Negative,Negative,Negative,Negative,Negative
9c8ad6a4-7052-4fc7-8784-fe6533a04bc5,HSBC,over 81years of age easy to use.,5,Positive,Positive,Positive,Positive,Positive
484f449c-c1e0-47d3-8e04-6e73b36ed23e,HSBC,very easy to use at any time,5,Positive,Positive,Positive,Positive,Positive
2a619a75-4410-409f-987c-03111dfa79d6,HSBC,"the new update is confusing. simple tasks takes forever to find, the Ai bot service doesn't reply for about 3 hours wait. I gave up trying to speak to a real person",1,Negative,Negative,Negative,Negative,Negative
ea4f1b8c-35a5-4a8f-99e1-d93675361399,HSBC,"visited Kendal branch 9/6/25 Once again I was fortunate enough to receive excellent service, help and advice from your colleague Lewis Carney. He was brilliant. thank you Lewis.",5,Positive,Positive,Positive,Positive,Positive
66833d15-0145-4665-81d7-9c87daf8d86b,HSBC,fantastic update but balance after bills is a bit harder to find,5,Positive,Positive,Positive,Positive,Positive
10e69845-992b-41b9-af87-460e1882f730,HSBC,"can't deposit a cheque via the app anymore, try to take a photo and it won't move to the next stage after taking the photo, the app crashes and makes me log in again, cannot deposit the cheque via the app at all, useless",1,Negative,Negative,Negative,Negative,Negative
c4c7fa0f-e6fb-4618-bd87-05b71fd5915e,HSBC,Rubbish. Prior to the update this worked brilliantly. Now whenever I try and pay in a cheque it crashes. Previous payees have vanished. Confusing menus.,1,Negative,Positive,Negative,Negative,Negative
883dc91d-84ec-4f51-a04a-bab434bf20db,HSBC,"can't pay in a cheque anymore, but otherwise, very efficient",3,Neutral,Positive,Positive,Positive,Positive
54e390dd-5948-4e6a-b360-16d4e11666a4,HSBC,Amazing experience and app information with Hounslow with staff Dilpreet,5,Positive,Positive,Positive,Positive,Positive
568d7f5e-99e1-4c7f-834a-ea52f5bdf044,HSBC,"last update is absolute rubbish, rubbish, rubbish, rubbish, one million times rubbish, so complicated, so many time wasting to find the right service, I even still can't find how to manage my bills like standing orders and direct debits, I don't understand, if something is working, why it is changing, absolute rubbish, waste of time",1,Negative,Negative,Negative,Negative,Negative
e0dd5ef2-6d95-49dc-a4a2-8c02978bf56f,HSBC,amazing and user friendly,5,Positive,Positive,Positive,Positive,Positive
9eaf6a95-6c6c-4bbf-8fc6-9b4626101165,HSBC,"Since the recent update to the app I'm not receiving transaction notifications despite all settings being switched on in the app and the phone. Advisors online say no issues but clearly, there is.",2,Negative,Positive,Negative,Negative,Negative
3b88382f-efe6-491e-b8b1-8bd63def898a,HSBC,"The new format is AWFUL-- cluttered and confusing. it now takes several clicks to quickly see transactions, let alone try to make a payment. Although I paid my credit card this month, it still says I need to make a payment by the due date-- not helpful! I really don't need to see an image of each of my cards, taking up half the screen! Did you do any UX testing on this??",1,Negative,Negative,Negative,Negative,Negative
a5d8e89a-96f8-47b4-bd7e-e9925443fb47,HSBC,"paying a cheque disease not working keeps showing error when taking a photo of the cheque. all settings are good , dark background etc it's the app program at fault.",3,Neutral,Negative,Negative,Negative,Negative
f60561eb-99ed-4f54-9181-ec8075e4a4bd,HSBC,"With branch hours being so limited these days, it would be really nice if the app actually worked when you need it. Used to be able to pay cheques in fine, but not any more. Absolute mess, with it looping taking pictures no matter how many times you say to use one. Very disappointing, and it seems to have been broken for a while according to reviews - seriously, it can't be that difficult to fix.",1,Negative,Negative,Negative,Negative,Negative
930836d7-a8db-4e43-aebf-7aa10ea71b67,HSBC,works great,5,Positive,Positive,Positive,Positive,Positive
fcc92f15-ac3c-4e8b-8f2f-131f38ec58a2,HSBC,Manages your bank account without going to the Branch.,5,Positive,Neutral,Neutral,Positive,Positive
ea38effa-5cf3-4907-baf1-3557bf07c209,HSBC,the cheque deposit does not work and the app keeps crashing. i have the up to date installation. the camera and shot process is very poor,1,Negative,Negative,Negative,Negative,Negative
5d79d754-2b72-46b0-a1e7-eaf87d6689d2,HSBC,since the update cheques are very difficult to pay in. it crashes. and won't save the picture of the cheque to submit.,1,Negative,Negative,Negative,Negative,Negative
d71d0024-8738-416b-9815-a614a679b266,HSBC,this app used to be great but is awful now and HSBC have closed all the branches near me too so I have to drive for an hour to pay a cheque in as the USE button doesn't work when you take a picture. Thanks a lot for that! and the response from the developer isn't to ask questions so they can fix the problem with the app but that i should pay the cheque in at a post office. you'd think they'd want you using their app. I also notice loads of others having the same or similar issues.,1,Negative,Negative,Negative,Negative,Negative
bd8f1d8d-2b00-4596-8aec-1682f6fd7b72,HSBC,satisfactory,5,Positive,Positive,Neutral,Positive,Positive
d8e88dc3-dd05-4a30-a624-b5e078dd0773,HSBC,Practical and intuitive.,5,Positive,Neutral,Positive,Positive,Positive
8f83a230-d1a9-4939-b673-b2e3982459aa,HSBC,"new app is really bad, I don't know what happened but it was def not a step forward. scrolling is atrocious, ui is unintuitive and laggy.",1,Negative,Negative,Negative,Negative,Negative
d7d5e11c-4609-4cdf-8b44-58f3e0662c8d,HSBC,"Terrible. Customer service is useless, literally speaking to a girl with a baby screaming in the background. Make a payment by setting up payee from my bank. So outdated, I had my doubts but now I'm sure. Ironically the link supplied below keeps closing. Useless",1,Negative,Negative,Negative,Negative,Negative
c7bc3d85-b558-4ab3-9190-8db326167799,HSBC,very simple to use,5,Positive,Neutral,Positive,Positive,Positive
fa33e89c-d006-4eb1-aa13-47a63eeeaace,HSBC,"really dislike the latest update. it was great before, easy to see pending changes to the balance and keep track, now it's confusing, you have to find windows and drop downs and it seems to get caught out by the weekend. not a fan.",1,Negative,Neutral,Negative,Positive,Negative
fae61b97-11ea-4708-a293-ba338269d2c1,HSBC,is anyone else finding the new app so slow to start?,1,Negative,Neutral,Negative,Negative,Neutral
6358c91e-9b77-43b8-a892-c2ab129c9ca1,HSBC,"can't pay in a cheque since the last update, pretty poor app now, close all the branches now we can't pay a cheque in",1,Negative,Positive,Negative,Negative,Negative
94e3de6a-0450-487b-8be1-3811546dbec1,HSBC,easy to use and prob the best bank,5,Positive,Positive,Positive,Positive,Positive
e18d26d3-ab2d-492c-83f7-b6fea3c5b7d5,HSBC,"worked fine for years, stopped on Saturday. reinstalled three times over the weekend. amnow unable to pass the ĺoading screen.",1,Negative,Neutral,Negative,Negative,Negative
2620db98-45c4-4ab2-a43a-e5323fddcd3a,HSBC,"not keen on the new set on mobile banking. Before it was pretty straightforward to view balance and expected balance at first glance. this review is purely on mobile banking, we that what I used most for my banking needs",2,Negative,Positive,Negative,Positive,Neutral
31c8768a-ac92-4356-980b-46109aacb5bb,HSBC,"Updated: why did you make this app so much worse?! It was simple and straightforward before. Now information is split across screens, visible for some accounts but buried for others, and the swipe navigation is just awkward. Please HSBC, I have to use this app regularly. Roll back to the old version.",1,Negative,Positive,Negative,Positive,Negative
49f60ca3-7fba-4b7e-8e2e-328f26a925f7,HSBC,"My app was working, but today, keep crashing. I've cleared all data and cache, uninstalled, and installed it again and again, but it doesn't fix the problem. Evan, I called to phone on the back of my bank card, and they couldn't help me. The new version of the app is very bad and obviously has a big problem. Can someone help me?",1,Negative,Negative,Negative,Negative,Negative
cbe1e184-35db-4ae0-9c8a-6e59e41eef0d,HSBC,A definite upgrade on the previous app,5,Positive,Positive,Positive,Negative,Positive
ae35b6db-a368-4e05-b0e4-c34efbfe3a83,HSBC,It now keeps failing to open by misidentifying some apps as being downloaded from unofficial places. They've all in fact been downloaded from the Play Store and I have to uninstall then reinstall them from the Play Store where magically they're OK despite them being installed from the same place the HSBC App thinks are unsafe. It seems to me that the HSBC App is the dangerous one as it can't tell what is genuinely safe. Idiots in charge of development by the looks of it. -10 stars,1,Negative,Positive,Negative,Negative,Negative
354f5ec5-2ec4-45dd-bcdc-69ce8d49333e,HSBC,My other bank app is 100 times better than this rubbish,1,Negative,Positive,Positive,Negative,Negative
fe1dc96b-e7e0-490b-8657-2310009799e1,HSBC,best updates,4,Positive,Positive,Positive,Positive,Positive
1fbbcd80-721b-4e49-ae1d-85d5932f7b07,HSBC,I can't open my app,5,Positive,Neutral,Neutral,Negative,Negative
01285c92-ee63-4a67-8939-38fefdf18628,HSBC,The new display features are horrid. What an absolute mess. Looks absolutely crazy.,1,Negative,Negative,Negative,Negative,Negative
ffa406e6-7d6c-425b-b36f-0b5726cebe57,HSBC,"was 5 star, changed to 3 star since update. went from simple, easy to use... too blocky, ugly, slow, hard to find what you want. poor design made worse by poor execution.",3,Neutral,Negative,Negative,Negative,Negative
8641920f-83b4-4903-bcda-2e46e7c4442f,HSBC,"good luck trying to find anything in this app, it is a mess. I can only see the last 3 months of transactions on each account and it sends me to statements for more but statements don't seem to exist anywhere in the app.",3,Neutral,Positive,Negative,Neutral,Negative
881e5418-4356-4810-8ba9-b5e6af0f00aa,HSBC,can't get on app..I have been using this for some time but now it seems to have crashed. is there a problem,1,Negative,Negative,Negative,Positive,Negative
b4043ba5-a249-437b-b9c6-e8e5aa81557b,HSBC,HSBC REFUSE TO FIX IT. INSTA CRASHING WITHOUT REPORTING WHY THE SECURITY CHECK FAILED IS APPARENTLY NOT A BUG. 6 YEARS NO FIX. Has crashed at start for at least 18 months (recorded Dec 2022). It is now October 2024 and it still will not work on anything newer than an aging pixel 2.,1,Negative,Negative,Negative,Negative,Negative
ae1de726-0c91-45d7-bf7b-47f795610f44,HSBC,"It seems to have stopped working, possibly since an update... It now won't go any further than the splash screen",1,Negative,Negative,Negative,Negative,Negative
2f601899-fd7b-4a34-bf26-4933fd9a893e,HSBC,new app is brilliant,5,Positive,Positive,Positive,Positive,Positive
0183fe66-7ea4-4284-b002-aa132d8ea7ba,HSBC,app keeps crushing cant open my mobile banking now.,1,Negative,Negative,Negative,Negative,Negative
863dec45-887e-44f2-a457-21f1e2e81f05,HSBC,buna banca,5,Positive,Neutral,Neutral,Positive,Positive
d9218f12-aab2-4280-b5d4-0a05a636b52a,HSBC,not very happy my HSBC app has gone off of my home screen and I have to go into play store to get it which is most inconvenient was perfect before the change,2,Negative,Positive,Negative,Positive,Negative
ad256d65-6a40-4f79-b064-3780a890f47c,HSBC,"Hate to have to do this, but I'm not getting understood by the support people: giving one star so I hope you can fix the bug where cheques cannot be cashed in on Pixel devices - hitting a generic error after submitting a picture of the front.",1,Negative,Positive,Negative,Negative,Negative
472b08d4-04b0-4e23-9e04-ed334d274e04,HSBC,won't load at all. never had a problem before. been away for a week so not used it. it just won't work,1,Negative,Positive,Negative,Positive,Negative
f7ccb653-ece2-42b2-90e4-45d77910112a,HSBC,"Changing for the sake of changing is never a good idea. Changes should be made to optimise functionalities and user friendliness. This last update is anything but that. Very confusing, cluttered, messy. And now I can't even use the fingerprint to login or for transaction approvals as each time I open the app it prompts me to setup biometrics. And it takes ages to load. Whoever approved this design is definitely not a mobile user. To be considered...",1,Negative,Positive,Negative,Negative,Negative
8bc92c00-968c-408f-9e95-11b1b5209c65,HSBC,where has the balance after bills feature gone...,2,Negative,Neutral,Neutral,Positive,Negative
16c9b6ee-9788-4607-a010-666e4906eb4a,HSBC,the pp does everything I need it to do all these people crying this and that get a better phone am using a Moto g22 it a few years old but haven't had no problems with the app,5,Positive,Positive,Positive,Positive,Positive
8e42ccfd-f30d-4927-8503-32c7d493f433,HSBC,"Since the update, the app won't open, which is a worry as now I can't control my money. The fix offer here, as the reply only takes me to an HSBC error code 404. So, no help.",1,Negative,Negative,Negative,Negative,Negative
f1ae2db7-7a79-4364-80f1-115cbdb1af18,HSBC,Really easy to use.,5,Positive,Positive,Positive,Positive,Positive
ad7b9456-99c3-4ebe-b92e-a101da337f44,HSBC,"cant upload cheques, haven't been able to do so for months, chats void as say just deposit on branch not helpful",1,Negative,Negative,Negative,Negative,Negative
d8147d2f-617c-45ed-80de-8c94338c9cb0,HSBC,the new update is nearly impossible to navigate.,1,Negative,Neutral,Negative,Negative,Negative
09492546-3bb0-4580-9333-5fe31d878de2,HSBC,does not subtract pending items from available balance accurately. Just as slow since recent update,1,Negative,Neutral,Negative,Negative,Negative
616e0f36-cd68-49be-b780-2a346626d9a3,HSBC,"Oh dear, HSBC have updated their app. Obviously they used a load of kids who did not listen to any previous feedback. This new app is more complex to use and STILL DOESN'T WORK IN HORIZONTAL MODE! Why can't the Bank think about tablet users. There are millions of us. Very shoddy work.",1,Negative,Positive,Negative,Negative,Negative
d018038a-95e8-44b4-a8cb-5c7f4d1c1288,HSBC,app needs a dark mode if phone is set to default dark mode text goes invisible on white backgrounds only fix is to set phone to light mode 😕,3,Neutral,Neutral,Negative,Negative,Negative
625dd87d-0223-4d31-ac26-7f0edc04dc48,HSBC,"it looks good and is not too difficult to navigate, but it did take a while to find what I was looking for",4,Positive,Positive,Positive,Negative,Positive
7ec90a51-b823-49cf-b9ba-a642f68002d2,HSBC,"I'm with Lloyds as well. HSBC app has improved since changes but still a mission to get what you want quickly with no fuss. eg statements, if I download I end up with 2 statements as well as 8 pages of unrequited info???",2,Negative,Positive,Neutral,Neutral,Neutral
d6d6574f-6192-43a9-a41c-63796fc65272,HSBC,Doesn't work well has lots of error messages,2,Negative,Negative,Negative,Negative,Negative
754ee649-1660-4c26-9c7d-7dc374d0ef63,HSBC,"awful awful awful update. I haven't got problems with any of my other banking apps, but every time I use this app it take ages to load or doesnt load at all. I have to reload or refresh every single time I use it. Terrible.",1,Negative,Negative,Negative,Negative,Negative
a3dffe7e-8782-442b-82c9-726e74520515,HSBC,The new update is disgusting. You have taken away the ease of use and dressed it like the website. This is an app not a website. It is impractical. not fit for use. please change it back.,1,Negative,Positive,Negative,Negative,Negative
0800f556-4fd2-4bc4-8cb9-c0f873987f51,HSBC,Used to be the best banking app. Now it's awful.,1,Negative,Positive,Negative,Positive,Negative
9ac9239f-6231-4dc1-b3c1-e1f93550fe8f,HSBC,I want my app to be simple. Not unnecessarily complicated. I don't see this as an improvement in anyway. The buttons are keep getting smaller with every design redo on here. I have quite a large phone now. But what if someone has smaller screen? Very well! 👏👏👏,1,Negative,Positive,Neutral,Positive,Positive
cb5ce015-b672-4f67-a690-530854971236,HSBC,"As someone visually impaired, the more cluttered you make my screen, the harder you make it for me to use your app. I appreciate this redesign may suit someone with multiple HSBC products. But I'd appreciate the option to remove all the elements I'm never going to use. I'm not opposed to change, but I do wish accessibility was made more of a priority. HSBC could be leading the way in this, and it's disappointing to see you being part of the problem, not part of the solution.",3,Neutral,Positive,Negative,Negative,Negative
aeeb6880-bf7c-4572-bd48-b88fed933b19,HSBC,Glitchy,3,Neutral,Neutral,Negative,Positive,Negative
4ef865ec-1b88-42b1-9d16-44f7211d3ff1,HSBC,Good service using the app,5,Positive,Positive,Positive,Positive,Positive
9abc9f18-43e9-4aad-b085-9b6615c8be64,HSBC,I find the new version of the app very confusing and not all intuitive,1,Negative,Negative,Negative,Negative,Neutral
40385962-113e-48e6-af05-7aeaf01266ba,HSBC,struggling to pay in a cheque via the app. it keep crashing. very frustrating. the updated version is a regression. it does not work well!,2,Negative,Negative,Negative,Negative,Negative
f2b42c21-60b5-4487-9d54-674016f946da,HSBC,"Could be so much better. Still missing the ability to see a future payment that I've scheduled that's not a SO, and recent update that was advertised as being an improvement seems to have removed the ability to edit SOs completely. Poor. Also after all this time of having Internet banking, i still can't search more than 2 months of transactions without downloading statements and opening them all.",2,Negative,Positive,Negative,Negative,Negative
7a18c06a-f026-4ea7-8fcb-35ced59ad6e9,HSBC,"The team is very responsive and supportive, love my banking experience with HSBC and especially the new modern version of the mobile application.",5,Positive,Positive,Positive,Positive,Positive
dc6c256e-cddd-4640-b59e-c5091d0b2c82,HSBC,"The new version seems buggy. Basic banking appears to work, but the chat function doesn't work at all, and other options don't do anything when you click them either.",3,Neutral,Neutral,Negative,Negative,Negative
9f840cdf-8532-4473-a0d0-1792a17ad979,HSBC,bit slow at times,4,Positive,Neutral,Negative,Neutral,Neutral
a92d2b86-1f66-4b95-b4d1-aabcc9606c98,HSBC,cannot cash cheques. constantly fails to take pictures of the cheque and then the app crashes. Have contacted HSBC to ask for help and they were not able to help. The app needs to be fixed to address this issue.,1,Negative,Positive,Negative,Negative,Negative
dd9a3929-be88-48e1-a25a-9bb080b7a170,HSBC,it was fine until the new update deleted almost all of my payee's - now I can't pay my card for a different bank,3,Neutral,Positive,Negative,Negative,Negative
b8833719-0bb4-440b-9da1-46cac040c565,HSBC,I never normally use a banking app. This is so simple and convenient. I love it💖,5,Positive,Positive,Positive,Positive,Positive
7bceceb3-9640-4744-a4df-a2650d39de19,HSBC,Since the new update I can no longer see my accurate balance when things are pending and it's very frustrating. The balance forecast only shows regular bills and not normal pending spending transactions so you don't know how much money you actually have.,1,Negative,Negative,Negative,Negative,Neutral
34bc526b-27ad-4c70-80cb-742fac775492,HSBC,"A new update, a new disappointment. still can't pay cheques in as it fails to take a photo, then logs me out, then fully crashes. Google pixel 7, latest version of everything, all permissions granted. This is a core app function and it's not performing as per requirements",1,Negative,Negative,Negative,Negative,Negative
6faa4de8-7e70-4e62-bb25-501b7df9f882,HSBC,Still can't bank a cheque as it keeps crashing. Phone and app are both fully updated.,3,Neutral,Neutral,Negative,Negative,Negative
e07f4dd2-62f6-47f5-890f-b544f1dedc0d,HSBC,so easy,5,Positive,Positive,Positive,Positive,Positive
8b7af71b-1926-4a19-b6e7-234686cc0d24,HSBC,"I really don't like the app update, particularly that you now have to dig through menus to find 'balance after bills' rather than it being shown upfront. Most of the update just seems to have been done to push more adverts and products. I just want to check my balance, not wade through this nonsense!",1,Negative,Negative,Negative,Negative,Negative
9b021ae8-75e1-47a1-9a5f-302ef630fc59,HSBC,The newest version of this app imo is going the wrong way. Its even more hideous than the 2022 revamp that i comment on below. When will they get a grown up to design these things? The new interface is hideous. While everything works OK the appearance is so childish they (the bank) have obviously decided its customers are all sub 5 year old. Please give us the old look back,2,Negative,Negative,Negative,Negative,Negative
f1f40dae-aff8-4e54-a0a3-b7dfaad0739e,HSBC,"This new App style is unusable for a Dyslexic! there's No contrasts and Amounts are Tiny, I can't use it, I will have to chabfe bank unless you sort it!!",1,Negative,Negative,Negative,Negative,Negative
bfff1723-294b-46df-a91a-5277560114cc,HSBC,The recent UI update is horrible. The information feels too cluttered on screen and the app is performing slower than previous versions. Please revert this.,1,Negative,Negative,Negative,Negative,Negative
2d589570-7863-4450-b8e5-9871076b44ed,HSBC,You have updated your UI and customer experience within the app and you still don't have dark mode which is a feature that is common in most banking apps today.,1,Negative,Neutral,Neutral,Negative,Negative
b86eabca-8c6f-4f5c-b528-e255c1b7fc57,HSBC,"The new UI update caused the wrong transaction that leads to loose interest against BNS account, the entire app UI should not change in one short time , really disappointed with this kind of major updates from the HSBC app team, you should consider all genre of customers",1,Negative,Negative,Negative,Negative,Negative
1bcc209d-2687-4cdf-b38d-52a3c1d7c1d3,HSBC,"The negative comments left have it spot on. This app used to be responsive and half decent. Now its a buggy mess. Crashes 4 out of 5 times, navigation is painstaking. I dont understand how a banking group with the financial might of hsbc can provide such a poor product to its customer. Especially when physical branches are being phased out and more & more people are relying on mobile banking. Sort it out, its not acceptable. update May 2025: what happeend to ""balance after bills""?",1,Negative,Negative,Negative,Negative,Negative
d1b5515d-7e0e-4c62-891c-311e2051d189,HSBC,"The new UI isn't all that good, no option to revert it to the old one and now to navigate through it's more complicated than it needs to be.",2,Negative,Negative,Negative,Neutral,Negative
e9ff0708-d181-49b8-ae08-6026a1b2b487,HSBC,"Nice intuitive, clear design. V user friendly",5,Positive,Positive,Positive,Positive,Positive
746708c5-886d-4805-8844-99230a7738c8,HSBC,"Used to love this app, until the last update on 13/5/2025. Now an awful layout, makes everything difficult to see. Disappointed 😞",1,Negative,Negative,Negative,Negative,Negative
8e19fd99-a37e-4530-aff5-918bce50cb45,HSBC,"new app same issue, still can't deposit cheques, and yes the app and android are all up to date with the latest versions, in case the many previous generic responses to this ongoing issue are posted below?",1,Negative,Positive,Neutral,Negative,Negative
43d8cc95-c9dd-4ed6-84da-e20627947386,HSBC,one of the worst bank. I have ever used.,1,Negative,Negative,Negative,Negative,Negative
8c9aa389-0ca4-4ca0-9717-88f4715970ab,HSBC,a much needed feature is to be able to download bank statements at any date rather than either waiting for your monthly bank statement or requesting via live chat and then waiting for the next working day. it's extremely inconvenient when you need a bank statement but can't do much about it.,2,Negative,Negative,Negative,Negative,Positive
1662fd2e-1966-42da-a876-5fdd77ddf616,HSBC,I love the new look way better than the old,5,Positive,Positive,Positive,Positive,Positive
c2d738fb-7a7a-4c05-b14f-a21dae6632c9,HSBC,Simple and intuitive new interface with a much simplified transaction process (May 2025),5,Positive,Neutral,Positive,Positive,Positive
54b7429c-2948-4f8b-aa99-5c58a3e76257,HSBC,I am trying to open an account in the UK. I was born in the Uk but having a lot of difficulty,1,Negative,Negative,Negative,Negative,Positive
ae580443-ba9d-4f43-abd7-a14ab5dd103f,HSBC,Never worked properly - even with latest updates,1,Negative,Neutral,Negative,Negative,Negative
d09e600e-5bad-4434-b244-8fddf1cc7eb9,HSBC,"As I'm using the app for a credit account, I must say this is the slowest of them all. Updates all purchases in a matter of days, not earlier than 48 hours. Always confusion... Shame!",1,Negative,Negative,Negative,Negative,Negative
9a6041e3-d872-4983-bae6-62cfeb510e7a,HSBC,Recent update has made app unusable with phone in dark mode. Please fix this!,1,Negative,Positive,Negative,Negative,Negative
3e0ca553-4c87-45d5-9234-9ab8cf6188e0,HSBC,"I haven't been able to pay in a check for months now. Probably way over 6 months. Have raised it on the chat numerous times, no help. I'm not sure how ringing a hotline number solves paying in a cheque digitally?? I keep it up-to-date and I was hoping (praying) that the latest snazzy update would finally fix it! Nope. Please fix for Google Pixel users. It's worked in the past, a long time ago...",1,Negative,Positive,Negative,Negative,Negative
1d5f13a9-9d97-43db-8532-c92e737c2e06,HSBC,Exceptional Service.,5,Positive,Neutral,Positive,Positive,Positive
f9d18039-2f55-4eb2-bd6c-ca49456feb1e,HSBC,"Balance After Bills was v useful. Following updates I now have to make two extra clicks to see it. Not helpful! I want to see my transactions and ""Balance Forecast"" on the same page so the widget isn't helpful either.",1,Negative,Negative,Negative,Positive,Neutral
73238127-37a6-469e-8f82-e958036ee15c,HSBC,Why have you changed the log off button? It used to be conveniently at the top right! Now I have to go and look for it!!,4,Positive,Positive,Negative,Positive,Negative
37126b09-44d7-4040-bb9f-59ce93c166eb,HSBC,doesn't register my head nodding so can't set up mobile banking,1,Negative,Neutral,Negative,Negative,Negative
cb00cbcf-37e7-42aa-bbea-2fdc64dad547,HSBC,app crashes everytime i try to deposit a cheque,1,Negative,Neutral,Negative,Negative,Negative
2fd15862-4914-49a0-a535-55efb3e6bb1a,HSBC,"loved the app, new update and all the simple things have been made a lot harder. used to be able to see money after bills as soon as you go in but have to fiddle about now.",1,Negative,Positive,Positive,Negative,Positive
84bb0baf-40b1-47de-b1c5-9c8407053a0a,HSBC,You've just updated the app. Why is there no dark mode??,3,Neutral,Negative,Neutral,Positive,Negative
94ad9872-793b-4364-9b5a-56c23b69d8ef,HSBC,New update May 2025 and I still can't access my HSBC Investdirect brokerage account via the app. Not good enough HSBC.,1,Negative,Negative,Negative,Negative,Negative
70178300-a8cd-414b-a81a-78228a03182e,HSBC,"Sadly the recent update manages to confuse and complicate what was once a nice user-friendly app. They appear to have gone for ""look! more features!"" rather than keeping things nice and organised. Hopefully future updates will sort it.",1,Negative,Positive,Negative,Positive,Negative
c344f2e2-8098-4333-97ea-ef2b9a9a2d91,HSBC,quick easy reliable,5,Positive,Positive,Positive,Positive,Positive
6d215d28-2228-4d0d-ad19-9202b4693a1f,HSBC,Perfection. All I want in a Bank. HSBC has them all. And KHALID attended and directed me very well. He treated me like a VIP. Thank you KHALID. Thank you HSBC.,5,Positive,Positive,Positive,Positive,Positive
7c5472cc-5fa4-4ef0-ac6d-fdc1e8e21d27,HSBC,"good bank, but certainly not the highest interest rates.",3,Neutral,Positive,Neutral,Positive,Positive
11937adf-fd4d-45df-b06c-408533bc39fd,HSBC,Easy to navigate.,5,Positive,Positive,Positive,Positive,Positive
f989ec4c-4c2b-46a0-8960-835b0f53e844,HSBC,easy and convenient,5,Positive,Positive,Positive,Positive,Positive
f4e870dd-61ca-4173-aed7-e0e437446249,HSBC,very good supporting staff at wembley and good netbanking service,5,Positive,Positive,Positive,Positive,Positive
3d66fdd5-39ed-4190-a77b-2135ccfd56c1,HSBC,it's the first time I've used this option and it's really simple 👍,5,Positive,Neutral,Positive,Positive,Positive
9bc23b42-677f-4377-aa21-b5d4eee93004,HSBC,"I wish I could give zero stars, can't log in to this app. As an overseas account holder it does not work and I have never been able to log in.",1,Negative,Positive,Negative,Negative,Negative
32c5d60b-2408-47bd-bb2a-b5b559ab7208,HSBC,amazing service from shubra kumar HSBC for helping to open n accounts etc,4,Positive,Positive,Positive,Positive,Positive
0c8b4186-8a43-47a4-9eef-415c49cdc3f4,HSBC,"Easy to use, everything in one place. I use every day",5,Positive,Positive,Positive,Positive,Positive
89533383-39a4-4523-b006-a0303a27ce7f,HSBC,quick &,5,Positive,Neutral,Neutral,Positive,Positive
1e0e2268-44c5-40f9-9c92-26d0eb9e3911,HSBC,Everything is made so easy to navigate to whatever you need.,5,Positive,Positive,Positive,Positive,Positive
20bf81ad-9d71-4d0c-8638-d77c6ac8f85c,HSBC,very easy to do transactions,5,Positive,Positive,Positive,Positive,Positive
5c826932-8962-41b8-a9dd-6a5d987e58a3,HSBC,"Excellent app experience, I love this app UI and how easy menu options are designed.",5,Positive,Positive,Positive,Positive,Positive
dcbcb314-e1b5-4f03-b36f-3e48d59b0924,HSBC,excellent,5,Positive,Positive,Positive,Positive,Positive
438f31bd-9e8f-4d1d-b976-7b8ba6c9a33a,HSBC,easy to use and quick,5,Positive,Positive,Positive,Positive,Positive
7cc4a4eb-56d1-40a8-a976-d904e744e219,HSBC,the cheque deposit is very awkward,1,Negative,Negative,Negative,Positive,Negative
4808eaf3-e02f-4bc6-8c28-7307467d9b51,HSBC,excellent banking,5,Positive,Positive,Positive,Positive,Positive
a7419a74-df0c-46c8-b5fd-d6d04dd5525c,HSBC,don't understand how the points work when using my credit card. please help. thanks,3,Neutral,Positive,Negative,Positive,Positive
d3df0fd9-1722-4809-aa05-44e204fb8f11,HSBC,it's slow sometimes,3,Neutral,Neutral,Negative,Negative,Positive
1882a00a-2a48-4a77-9a0e-4b3c102bc35d,HSBC,very bad not letting me login,1,Negative,Negative,Negative,Negative,Negative
4d619cc3-8f62-4827-a808-709ad84d6c6a,HSBC,This is a good mobile banking app that could use more features to match their online banking's features.,4,Positive,Positive,Positive,Positive,Positive
66401d04-453e-4f01-bd63-eece96b2903d,HSBC,It is slow. If have something urgent i have to go to the bank. Or something happens to the phone.,3,Neutral,Positive,Negative,Negative,Negative
f03aaf21-e917-47a0-80a3-f68990dfa30c,HSBC,Been with HSBC for nearly 20 years and they are always excellent in terms of banking,5,Positive,Positive,Positive,Positive,Positive
f67b0198-ebbd-49cf-b9eb-d3e9eea1f8d8,HSBC,more than happy with the service from Lucia.,5,Positive,Positive,Positive,Positive,Positive
494f6b80-c46e-4f18-b6af-33790362208c,HSBC,very very nice really great HSBC UK 🇬🇧 lovely i really love so much . so nice sir great David lovely thank very much good luck Allah bless you long long life good health name of YESU MESSI amin,5,Positive,Positive,Positive,Positive,Positive
6ca75c91-492c-47df-894e-55b50968fb19,HSBC,Perfect banking system,5,Positive,Positive,Positive,Positive,Positive
3e50124f-bd4b-4d10-9181-e5a2920f1b7d,HSBC,Excellent.,5,Positive,Positive,Positive,Positive,Positive
41fee3e6-814a-4d05-99a9-7b47a1ccb516,HSBC,"good in the most part. can't pay in cheques crashes every time. been on the web chat they tell me there is no issues, but there is, I've done everything they have advised to do and still does work.not as many features as some other banks give you.",3,Neutral,Positive,Positive,Negative,Positive
220b6be4-0727-4ccc-af0b-0bcf8b051185,HSBC,very happy with HSBC app,5,Positive,Positive,Positive,Positive,Positive
565dba1c-8262-4ad4-8ad4-c6e09ea1e452,HSBC,Simply the best banking app!,5,Positive,Positive,Positive,Positive,Positive
b2d3bf54-608e-451c-97cb-f9dcfc519edb,HSBC,"Does what you need it to do very well, support is fast and helpfull. I would revommend this service.",5,Positive,Positive,Positive,Positive,Positive
e5564cc2-5200-4d3e-b6a4-48f9648f546a,HSBC,Fast & Secure,5,Positive,Positive,Positive,Positive,Positive
3ec43adc-5a19-4d67-9cae-fe32f27749eb,HSBC,Never had a problem with this app. Straight forward to set up. Easy enough to add payees. One criticism though; it is limited to use on a single device.,5,Positive,Positive,Positive,Positive,Positive
9ea025ed-b3ee-4823-9482-be0426f46c55,HSBC,New app you cant avoid updating is' no longer compatable with your device'....what? I'm now locked out of my finances ....along with many older customers I suspect ....really can't spend some profit on better tech solutions ....biggest bank in the world.... ..buy me a new phone HSBC,1,Negative,Negative,Negative,Negative,Negative
8c2857b9-6f3f-46f2-bdce-af6a59b12a15,HSBC,"I have pay in hsbc credit card 2 days ago. but no show in my application transaction . and misguide your payment and after late payment charges will be applying... so rubbish working , not properly working",1,Negative,Negative,Negative,Negative,Negative
dc0c0845-6253-4af1-bac2-58d611f71de3,HSBC,"Website easy to navigate , clear ,",5,Positive,Positive,Positive,Positive,Positive
690857dd-05f1-4364-99e6-290397554cb5,HSBC,Very reliable and easy to use. Can't manage without it!,5,Positive,Positive,Positive,Positive,Positive
b5645b3e-14f5-46d9-9dbe-bc8bbd5b5324,HSBC,"unable to generate a security code - app crashes, buggy",1,Negative,Positive,Negative,Negative,Negative
5b9e81aa-32a8-489e-85a0-da513d41d607,HSBC,helped me with my savings and reached my goal,5,Positive,Positive,Positive,Positive,Positive
bf2d9a58-6676-45b4-833a-4b498dacdb4a,HSBC,"Had this since 2022, never any issues. Now can't deposit cheques, husband tried on his app and exactly the same issues. Have updated, restarted phone but it's definitely the app. Slowly reducing the star rating as depositing cheque feature STILL not resolved. From reading other reviews I'm not the only one wishing cheques didn't exist anymore! And yes, I have the most recent update.",2,Negative,Positive,Negative,Negative,Negative
69af46d3-b2d6-4ae5-8182-50996ff23b3b,HSBC,"Can't set up a savings account easily, can't find information easily. Just trying to log in can be a mission. It's the worst banking app I've used, Lloyds and NatWest are much easier to use",1,Negative,Positive,Negative,Negative,Negative
7c2f0e02-14f9-4785-af72-d75d89ba9de0,HSBC,Very convenience and easy to use,5,Positive,Positive,Positive,Positive,Positive
d4634344-a335-4c15-9b8c-cf183b710bfb,HSBC,Did not have a working link to generate codes.,2,Negative,Neutral,Negative,Negative,Negative
cbaf07eb-5f6c-48c3-9328-d52f810fa7f0,HSBC,"easy to use, never had a problem",5,Positive,Positive,Positive,Positive,Positive
c3004e1e-e6be-408e-8fe8-2c1a5287febd,HSBC,"Generally good, but I've just tried to pay a cheque in on the the app and although it seems to accept the picture of the cheque for a second it then rejects it and you're stuck in a retry loop with no option but to cancel it. (on a Samsung S24)",3,Neutral,Negative,Negative,Negative,Positive
a9acf463-100f-4e0a-a842-5eea0bb560c1,HSBC,best bank,5,Positive,Positive,Positive,Positive,Positive
490d3121-7828-4c62-8cfa-f0766b90a3a5,HSBC,"So far, so good.",5,Positive,Positive,Positive,Positive,Positive
13244e1c-bf09-46c1-800b-509e219f8c9e,HSBC,app so slow at loading needs fixing,2,Negative,Neutral,Negative,Neutral,Negative
d445f9c0-9259-4ea4-9b63-d8061f592159,HSBC,"awesome bank, awesome app",5,Positive,Positive,Positive,Positive,Positive
45c32db6-41c3-4a11-9d4e-28ce47759afe,HSBC,Nice. User friendly,5,Positive,Positive,Positive,Positive,Positive
9c7e6ea0-c837-43a0-8709-7a97ddd81b97,HSBC,Why does the app block screenshots and not even allow sharing payment confirmations? It's super inconvenient when you need to confirm payments with others.,3,Neutral,Negative,Negative,Positive,Negative
0deda0e8-7776-4252-875d-fed40229cf5e,HSBC,"Very useful app, rely on it to make payments/transfers etc. Is rarely down for maintenance etc and displays everything you'd need for majority of day to day banking needs.",5,Positive,Positive,Positive,Positive,Positive
5b7bb638-41f2-49e1-8b28-240bb0976715,HSBC,Nice App,5,Positive,Positive,Positive,Positive,Positive
850abab9-2a74-49a5-b292-5c3fb118943b,HSBC,very useful.,5,Positive,Positive,Positive,Positive,Positive
c19e0216-cc96-4903-b23e-db008c8c9e29,HSBC,terrible service,1,Negative,Negative,Negative,Negative,Negative
41de2be4-1350-4857-91ff-ece12a4f6000,HSBC,"I would like to create another side account for savings through this app. But I can not do that on here. Apparently, I need to login to the website?",4,Positive,Positive,Negative,Negative,Negative
37a71d40-bae2-4633-bfa0-a264a8a25334,HSBC,Excellent,5,Positive,Positive,Positive,Positive,Positive
1d86889d-5d55-45b1-a83b-b41a8fd749c5,HSBC,"why don't I get notifications any more, I really want them back on my Samsung phone.",5,Positive,Positive,Negative,Negative,Negative
a45eff33-8b7e-4159-a5ad-9c6e66f24e79,HSBC,"Redacted screenshots not allowed, unlike HK app",4,Positive,Neutral,Negative,Positive,Negative
0765ba5a-df18-42f8-84ae-ca99c616f07d,HSBC,"The app used to be the one place that showed the date of credit card transactions accurately, i.e. when the transaction was made. Now they've changed it to when the transaction is *processed*, which is useless to customers. HSBC are going backwards in functionality. Crazy. Updated for 2025. Functionality going further backwards. Now the app has totally removed the ability to see the card transaction date, even if you select the transaction. Really HSBC? What use is this to customers?",1,Negative,Negative,Negative,Negative,Negative
11efb47c-b1fc-4369-aac6-edfaad2cb5c4,HSBC,Hounslow branch good experience by Kaur D,5,Positive,Positive,Positive,Positive,Positive
26c4f7f6-fb10-4d28-96d8-985fd3ae4794,HSBC,great service,5,Positive,Positive,Positive,Positive,Positive
11e1fbe5-eb69-437f-966a-65327baea4bb,HSBC,useless banking system and poor online customer care services very awkward.,1,Negative,Negative,Negative,Negative,Negative
2a9dfb6f-dc14-4a88-85e1-10b8b2865857,HSBC,Great app easy to use,5,Positive,Positive,Positive,Positive,Positive
e5cf8929-a10d-48eb-b74c-2849c4ab2bb3,HSBC,Excellent service,5,Positive,Positive,Positive,Positive,Positive
218725a1-eb03-441f-95ae-3f07a6c84437,HSBC,Very helpful and friendly. Thankyou,5,Positive,Positive,Positive,Positive,Positive
2f9ebac5-fab5-46fe-9280-e0a91b5f4c38,HSBC,"New app is unable to photograph cheques on a pixel 8 pro. ...In fact, this app is actually just straight up trash since the Q1 2025 update. They've literally thrown everything that was useful about the app out the window. You'd think they'd try to make the app more customisable to let people choose what they need/want to see. NOPE! Instead you now have your balance and the value of your agreed arranged overdraft. What use is this!? Tell me how much money I'm projected to have month end! Christ!",1,Negative,Positive,Negative,Negative,Negative
233f4a4e-7753-4ec6-8823-2be421cf1849,HSBC,efficient and excellent 👌 Bank,5,Positive,Positive,Positive,Positive,Positive
4e91317c-e8a5-44e5-b4b7-2ba462111547,HSBC,Safe Banking,5,Positive,Positive,Neutral,Positive,Positive
1d779516-eb37-4f17-8ba8-05c549d360bd,HSBC,"Can rely on HSBC,always helpful.",5,Positive,Positive,Positive,Positive,Positive
cba89c6a-c7d3-40fd-943d-f4a47dee89de,HSBC,Reliable. Always.,5,Positive,Neutral,Positive,Positive,Positive
c31a4b86-61db-47db-975a-b312aa01f82c,HSBC,does what it's supposed to...,4,Positive,Neutral,Neutral,Positive,Positive
fcbe5af6-ce12-43f5-a6cf-68162eda9a3a,HSBC,App doesn't show notifications when money comes in and out of the account anymore,5,Positive,Neutral,Neutral,Positive,Negative
3ca5b681-0832-4102-85fb-6ceab485d03b,HSBC,"open the branch again, paying in cheques in this way is painful",1,Negative,Negative,Negative,Negative,Negative
a2e1e4e1-d99e-4864-89d5-ff62bfde551f,HSBC,"Great app. Found nothing wrong with it. Quick, easy and very useful.",5,Positive,Positive,Positive,Positive,Positive
1f4b9af4-c98e-4fce-93f3-209b37cb9704,HSBC,Easy and helpful,5,Positive,Positive,Positive,Positive,Positive
b29bf095-6d9a-4735-b5fe-759b16262872,HSBC,Brilliant 👏,5,Positive,Positive,Positive,Positive,Positive
11d108a0-467f-4b34-b629-3f0b0eeacdae,HSBC,A very reliable Bank.,5,Positive,Neutral,Positive,Positive,Positive
dc4d18fe-a0e2-4c8d-9e06-7cb968a32cf4,HSBC,always a helpful and trusted bank. Thank you HSBC,5,Positive,Positive,Positive,Positive,Positive
af2ecf28-8a15-4040-ac16-17d44af236b4,HSBC,never works,2,Negative,Neutral,Negative,Positive,Negative
eadb1052-aa92-401b-b36b-0effd7c03396,HSBC,can't do what it says to do,1,Negative,Neutral,Negative,Positive,Negative
de41cf94-ec33-420c-8898-198641d8e2dd,HSBC,great service by dilpreet Kaur HSBC Hounslow ready to assist with smiling face,5,Positive,Positive,Positive,Positive,Positive
04d57d5d-c892-4af5-83c6-2fb48e2b40d5,HSBC,Good and efficient operations.,5,Positive,Positive,Positive,Positive,Positive
76aed9f4-cde3-4908-b7e5-7b257c146bb1,HSBC,it works fine,5,Positive,Positive,Positive,Positive,Positive
427211f7-74bd-49f4-ba22-a79f4fd6921a,HSBC,easy to use and critical check for fraud.,5,Positive,Negative,Neutral,Positive,Positive
d9e79b66-dc85-4fca-b9c2-abdcab401cb0,HSBC,Fab app.Very easy to use.,5,Positive,Positive,Positive,Positive,Positive
bb4e6f20-c8c1-4c6c-b72e-a553ae1efe5b,HSBC,keeps saying unsecure internet.,5,Positive,Neutral,Negative,Negative,Negative
e0b7ace2-ffbd-4722-bbe6-0d1e0fcfe37b,HSBC,Efficient.,5,Positive,Positive,Positive,Positive,Positive
bd6c87c0-c9c0-47f7-98d2-757128b77796,HSBC,wish we could rename the flex saver accounts,4,Positive,Positive,Neutral,Positive,Neutral
941a1efd-cace-4a48-ac68-4f5a921a0a59,HSBC,Excellent,5,Positive,Positive,Positive,Positive,Positive
646684f2-0d3f-4c77-a23e-3e310eac193f,HSBC,Nothing exciting feature wise but works well. Payment authorisation in app is a bit clunky compared to eg Starling,4,Positive,Neutral,Positive,Neutral,Positive
87e9829f-480f-4364-9107-ead335259007,HSBC,can't open it been through security and still says I will be blocked even though I have used I'd many times before,1,Negative,Positive,Negative,Negative,Negative
b4ad227b-8962-471a-a853-61bc71fc8d47,HSBC,easy to use,5,Positive,Positive,Positive,Positive,Positive
0e081004-4f8a-4efa-9ae0-ef5ece16e218,HSBC,honestly a good company for working financially 👌,5,Positive,Positive,Positive,Negative,Positive
c575ed5b-ca57-41be-97ff-083766caa6f2,HSBC,"if you make an official complaint, in this case about them not allowing me to have a statement more than 6 years old, then they will effectively close your account, which they are in the process of doing to me right now. best not complain everyone.",2,Negative,Positive,Negative,Positive,Negative
4163c0f7-b83c-4d55-be55-f16b7a9523f3,HSBC,the best,5,Positive,Positive,Positive,Positive,Positive
ef710bdf-14a5-4839-9a8f-aaa06c95e83f,HSBC,"Does not open and keeps crashing. Used to work fine, then a recent update has caused the app not to open... Rang HSBC and they said its most likely a issue with my device and I should use another device... They did not offer any other support. Think I might change my bank.",1,Negative,Positive,Negative,Negative,Negative
58b9e76d-28aa-438e-9eac-9f16dff4d762,HSBC,Very poor,1,Negative,Negative,Negative,Negative,Negative
14eec533-4c22-4551-ae8d-9b293612ca2b,HSBC,"Unable to pay in cheques on a Pixel Phone, keeps crashing but app is up to date.",2,Negative,Negative,Negative,Negative,Negative
fde31f77-2538-42cb-ac58-4a93863adab4,HSBC,very good thanks,5,Positive,Positive,Positive,Positive,Positive
21c1771f-76de-4b60-a258-509d090f6768,HSBC,"so helpful, I am so happy to banking with HSBC Bank, thank you",5,Positive,Positive,Positive,Positive,Positive
2e89c78f-ca42-476c-8a8b-3b526ecf59a2,HSBC,Coolio doolio,5,Positive,Neutral,Neutral,Positive,Positive
a4c5d1c7-4ed9-44f5-92ed-5ed14d0e08dc,HSBC,Great app! Easy to use and effective!,5,Positive,Positive,Positive,Positive,Positive
dfc13443-abe8-424d-8f49-f29f30d3d970,HSBC,Terrible app. keeps crashing whilst loading. Absolutely useless .😠,1,Negative,Negative,Negative,Negative,Negative
060c8a33-11b6-44df-9a4b-749e8c91df26,HSBC,impossible to pay in a cheque recently on Android device. Always used to work fine but just errors as soon as you use the first picture and the constantly errors before ultimately crashing. Needs fixing asap!,1,Negative,Negative,Negative,Negative,Negative
52b9ff03-91f8-496f-a031-b62d51ad363e,HSBC,great bank app works perfectly,5,Positive,Positive,Positive,Positive,Positive
a5ab5e58-4aed-442f-8414-68a86a8e260a,HSBC,"Hangs a lot, have to keep trying to get it to open to sign in page",1,Negative,Neutral,Neutral,Negative,Negative
d51b8785-463c-41d9-b2ef-77d8697cd66e,HSBC,my banking app is not working wony load has been like this fro 5days now I'm not happy,1,Negative,Negative,Negative,Negative,Negative
dc143656-e355-49b9-a2fe-8c43be454cdb,HSBC,So far not impressed. Could not register with photo ID as it could not detect movement.,2,Negative,Negative,Negative,Positive,Neutral
8dc12bec-4d16-437d-b8b8-e716df08698b,HSBC,I will give non star because it take so long to update. waste of time,1,Negative,Negative,Negative,Negative,Negative
403824aa-1859-4538-9abf-3efbae8ea131,HSBC,"notifications stopped working, other than that it's pretty easy to navigate and use",3,Neutral,Positive,Positive,Positive,Positive
51983629-72e8-4f2e-abce-26cd98ea39ae,HSBC,nice,5,Positive,Positive,Positive,Positive,Positive
74e93ee7-deb2-4102-9a60-b369b5a045d6,HSBC,Slow & buggy!,1,Negative,Neutral,Negative,Negative,Negative
60841d0c-6256-48cf-aea7-5dc51b4341a9,HSBC,the experience so far as been good .,5,Positive,Positive,Positive,Positive,Positive
8d933015-52dd-4be2-b78f-22bb27f9549a,HSBC,very convenient,5,Positive,Neutral,Positive,Positive,Positive
5fb0f172-c677-4f3a-9fd2-8433b98b0491,HSBC,this is the only way I keep an eye on my account so its everything to me .,5,Positive,Neutral,Neutral,Positive,Positive
81d296a5-5a22-4f80-be0c-7be1dda64766,HSBC,can't do a cheque on my Google pixel,1,Negative,Neutral,Negative,Positive,Negative
72875bb4-747a-4202-972a-8e4d3b4b37be,HSBC,Been trying for hours just can't log on or top up,1,Negative,Positive,Negative,Negative,Negative
2bc60f64-70ef-45be-be62-ce226d2239f2,HSBC,very useful to have online,5,Positive,Positive,Positive,Positive,Positive
bd499793-0941-4485-8ff0-1d1a0738be39,HSBC,"Like other pixel users have reported, it is impossible to pay in cheques (regardless of software updates, cache, photo backdrop). This is now a basic feature of online banking and HSBC need to fix it before customers opt for another bank.",1,Negative,Positive,Negative,Negative,Negative
d653c6a2-4f1e-4add-be05-3250c38a6fad,HSBC,Excellent. Easy to use and convenient.,5,Positive,Positive,Positive,Positive,Positive
adc45914-4ebc-4604-b919-d617a23e9276,HSBC,"HSBC banking app easy to use, great help day to day.",5,Positive,Positive,Positive,Positive,Positive
6a9296e3-c2a6-4166-8ff3-d0f9dfed59a6,HSBC,I really appreciate it.,1,Negative,Positive,Positive,Positive,Positive
b039eed4-5260-4dab-8b1a-2f5abe858610,HSBC,Great service and crucial to me with local branches shutting. I have been with HSBC for over 50 years [Midland] It can now only be the 'worlds local bank' if this app is among the best,5,Positive,Positive,Positive,Positive,Positive
4b5df99e-d583-4c06-9e96-5830d578b08c,HSBC,"It won't send notifications of transactions going into my account. I've read other comments and followed the guidance, I've also sent three emails asking for assistance on this matter and none have been answered. Tech support is useless.!! As is the app.!",1,Negative,Positive,Negative,Negative,Negative
6823ca8c-e271-412c-85e1-8b75871b748c,HSBC,Helpful,4,Positive,Positive,Positive,Positive,Positive
39a922c3-a1c7-4670-b297-b0a435f6646a,HSBC,Completely unable to cache a cheque since the update. Contacted HSBC and was labelled as unprofessional for referring to their app as 'rubbish' in a perfectly calm manner and was told that word is unacceptable! Trying to raise a complaint is a joke with no email address available and a ridiculously small character limit on the form they hide from you until you ask 4 representatives for it. I don't know what's happened to HSBC but I'm getting very close to moving bank.,1,Negative,Negative,Negative,Negative,Negative
364ac9e1-205c-4ad1-b3e5-1a0b9736c847,HSBC,really good service .simple to use for money transfer abroad,5,Positive,Positive,Positive,Positive,Positive
1a6bb66e-de0a-4d60-a068-d6cdfffd79fd,HSBC,I replaced my phone but don't have access to my old phone to generate a QR code. The app insists I use a QR code to log in for the first time despite not having my old device and offers no other options. I now can't log into online banking as I don't have access to the app. I bank with a number of providers and none of them had this issue so this is specific to HSBC. I can't call anyone as it's out of hours so I can't access my money.,1,Negative,Negative,Negative,Negative,Negative
ec267797-fe10-4e5c-b4a0-90323565252e,HSBC,Easy to navigate and really helpful for managing day to day finances quickly and efficiently. Just wish I'd signed up years ago!,5,Positive,Positive,Positive,Positive,Positive
89157a80-4807-433d-bd89-d3a8f13c0197,HSBC,app is really slow to open and clunky to use,2,Negative,Neutral,Negative,Negative,Negative
b2a3edc4-cc0a-44c3-8701-95570bc7942d,HSBC,no notification of any kind when monies are paid in,3,Neutral,Positive,Neutral,Positive,Negative
6ae1ed27-e2bc-41cd-a2cd-edf1f60e777a,HSBC,it was easy and straightforward,5,Positive,Positive,Positive,Positive,Positive
69105434-24c5-4443-a093-4a2d4d906286,HSBC,Very easy to use. Really useful having Global Pay account and card for going abroad.,5,Positive,Positive,Positive,Positive,Positive
837f7b8a-063c-49aa-8197-8d1c4584d04b,HSBC,It's so easy to use,5,Positive,Positive,Positive,Positive,Positive
6b2f4d3b-77c7-4412-b5da-fbcfd071e204,HSBC,Cheque pay in doesn't work on pixel 8 phones. Don't believe the bumf. It really doesn't,1,Negative,Negative,Negative,Negative,Negative
6735d02f-a270-4845-a6ea-19b4314cc543,HSBC,Absolutely love HSBC banking and their customer services,5,Positive,Positive,Positive,Positive,Positive
c3e0626f-6fac-42f2-86d1-54005a60129f,HSBC,Is there any problem with the app.since the last update its keep crashing all the time...,1,Negative,Negative,Negative,Negative,Positive
0ad94534-9fef-4d9d-ac63-592d7c6a1efb,HSBC,I've been shut out of my bank account for 6 months. The app doesn't open(it did once upon a time!). It seems to have coincided with my asking to close my bank account. Maybe it's punishment!😂,1,Negative,Neutral,Negative,Negative,Negative
bfa23496-99ea-48d8-b254-06ce0f69dd76,NatWest,"locked out the app, pain in the arse to get back in!",1,Negative,Negative,Negative,Negative,Negative
44d47e75-7721-45af-ab2a-b2c853e60276,NatWest,the mobile App has stopped showing my fixed term savings transactions,1,Negative,Negative,Negative,Negative,Negative
8a888d29-d524-4470-9594-1eb20beab57c,NatWest,"A good honest bank, the staff are all very friendly and helpfull.",5,Positive,Positive,Positive,Positive,Positive
15f7372b-aee1-4a01-885d-3c2ab97f75fe,NatWest,ive been putting off moving my natwest over to my new phone because i knew itd be the usual terrible experience. I repeatedly was getting something wrong when trying to sign in but of course they cant tell you what for security. so i inevitably have to reset my info. which i do. but because i accidently clicked too many times my account is absolutely locked out for 24 hours. why cant i unlock my account on my old phone...? why is the ability to reset my information easier than signing in?,1,Negative,Positive,Negative,Negative,Negative
e77911a5-cb5b-44c1-b466-7c760cb356ec,NatWest,make it easier to send bank details to someone,5,Positive,Positive,Neutral,Positive,Positive
5cf1a761-8236-430a-8aee-7ef745a0a700,NatWest,good online service,5,Positive,Positive,Positive,Positive,Positive
9b8360ed-8381-4e22-97a3-27abac519f73,NatWest,"Very good, everything works for me, thank you. One feature that's missing, that my previous bank offered, is the ability to see past payments to anyone in a list form in years. The suggested fix worked, thank you",5,Positive,Positive,Positive,Positive,Positive
ceebe970-3392-424c-95f6-d8c02d505882,NatWest,sadly this app has been 'updated' and is now almost impossible to use without making mistakes. biggest problem is that it prefills account details on the transfer pages. trouble is you go to change them and they're not on the options list. Making a transfer is like solving a puzzle. sadly several mistakes later and I've lost a fortune in interest. Time for a complaint.,1,Negative,Negative,Negative,Neutral,Negative
f846cbe2-9149-4274-921f-c2493409c6d5,NatWest,best bank app I've used,5,Positive,Positive,Positive,Positive,Positive
353cc3b2-8e19-4799-9b16-926c52a3d181,NatWest,since app update I have been unable to access the rewards and authorise payments from my account for payments to third party credit card companies.,3,Neutral,Positive,Negative,Negative,Negative
a829f012-112f-4482-94c0-eda1903f33f4,NatWest,never seems to be working,1,Negative,Neutral,Negative,Negative,Negative
69daf717-c907-440e-9dea-3328035a2a09,NatWest,"Payment approval is hopeless: buy something in browser (Chrome), need to approve in the app, by the time you've done that the page has timed out in Chrome, and when you go back to it reloads back at start of process. Only way to do it is pay and approve on different devices, which defeats the point. Swansea happens with other apps, too :(.",3,Neutral,Negative,Negative,Negative,Negative
32a6e6e2-8ef0-420d-b1f0-a3bc6beaa5af,NatWest,easy to navigate,5,Positive,Positive,Positive,Positive,Positive
afa7a77b-64e9-4f38-a8c8-3b66ed84c2b1,NatWest,"good customer service, easy to use app.",5,Positive,Positive,Positive,Positive,Positive
8314e348-acc0-4ee5-8bd0-6830ce39dc01,NatWest,nothing is working i cant transfer money to people and contact us tab doesn't do anything,1,Negative,Neutral,Negative,Negative,Negative
97466e2c-d91a-4fcb-bc6f-1e8ea26195fa,NatWest,useless to get interest information for tax return,1,Negative,Positive,Negative,Negative,Negative
9c892553-e273-4edf-a27c-62a928dda508,NatWest,"very easy to communicate with and fast on action. no battling, resolved. thanks you",5,Positive,Positive,Positive,Positive,Positive
9430e4b1-0bb3-4f95-96ed-328390a9f2f4,NatWest,"Pain, Rewards not working. Disputes not working. I would have hoped they tested this before release",3,Neutral,Positive,Negative,Negative,Negative
a977fb51-05ea-4280-80fe-2e7a6a270d5c,NatWest,Easy to use and navigate through.,5,Positive,Positive,Positive,Positive,Positive
90173ee7-5bba-498c-9cd1-ae6f8500b49e,NatWest,"Received a message informing me that in 7 days, this app will no longer be supported and told me to update. On doing so, received this message "" this app is not compatible with you device"".. so how do access my account on the go? My nearest NatWest is 8 miles away, RBS 2 miles. So is NatWest going to give me a new phone? I have been with NatWest for several years, yet, that doesn't matter + you will get a better phone or lose out, tough.... Garbage.",1,Negative,Positive,Negative,Negative,Negative
69fe143f-e095-4adf-a901-44531e59a667,NatWest,difficult to setup app,1,Negative,Negative,Negative,Negative,Negative
b00aace9-44a9-4c1a-849e-1031fdc0ba25,NatWest,Brilliant app. Works perfectly,5,Positive,Positive,Positive,Positive,Positive
692cc18e-579d-4ddf-9b59-e5373f1d7249,NatWest,the AI bot and human contact when needed is rubbish but apart from that it's a good app for everyday banking,4,Positive,Positive,Negative,Negative,Neutral
7591b9cd-fcbe-4297-9fdd-bfef7ede3f30,NatWest,excellent app easy to use thank u,5,Positive,Positive,Positive,Positive,Positive
9e721d2e-0326-4147-b870-2970f0db2c48,NatWest,"App has not worked for two different things in past few days, and support takes hours to answer.",1,Negative,Positive,Negative,Negative,Negative
b31a3611-4ed1-455e-8277-c63e6ab964f1,NatWest,"Life long great, reliable service. Never had an issue with them. Ever.",5,Positive,Positive,Positive,Positive,Positive
5a654a5f-3bb2-45d9-b348-25db87fa0d84,NatWest,"Brilliant app, so many useful options, it has helped me with budgeting etc.",5,Positive,Positive,Positive,Positive,Positive
91a4ee04-281f-443c-9550-93c255be7134,NatWest,Great informative app,5,Positive,Positive,Positive,Positive,Positive
2f19d025-d285-4100-9311-d90585a6b80d,NatWest,Good app no issues with the service Easy to navigate,5,Positive,Positive,Positive,Positive,Positive
9257a9b6-2d47-4cf9-b90a-142a8f3b3515,NatWest,please try to keep the site simple,3,Neutral,Positive,Neutral,Positive,Positive
f3f5e63e-edd8-410e-ad4b-76aec28aaa04,NatWest,natwest bank was a bad choice it doesn't allow you do do what you want with your money and the customer service is good,1,Negative,Negative,Negative,Negative,Negative
b6f4d5ce-84fe-4d8a-9f92-9e26ada46fc1,NatWest,Really user friendly. Easy to navigate.,5,Positive,Positive,Positive,Positive,Positive
4b44d2b0-7216-401e-8233-a69f607e5ce3,NatWest,"Don't bother Cora, it doesn't understand humans! 😞",2,Negative,Positive,Negative,Positive,Negative
dff62a5d-98a2-43c9-b35c-9a6d38a696d6,NatWest,I want to unsubscribe.,1,Negative,Positive,Negative,Positive,Negative
46e65a27-ff3e-42f1-885e-5fa9fefd9601,NatWest,"Frequently unreliable, constant nag for feedback.",1,Negative,Negative,Negative,Negative,Negative
e79caa6d-59b9-451b-9063-4edb1a21ef31,NatWest,worst app ever.,1,Negative,Negative,Negative,Negative,Negative
7e419e97-0c58-4a74-ad26-c2097c604406,NatWest,"Cara is a god awful system. keeps losing my chats and when you force your way through to a human, they never give you their name..... so impersonal and anti human...... hate it!!!! edit: hmmm, reply below clearly fails to understand my issues... Cora is horrific so the answer apparently to chat to Cora.... thats a typical Corporate trait.... to be totally tone deaf and sherk responsibilitys for their chices of more money over true customer service.",1,Negative,Negative,Negative,Negative,Negative
125923f2-7611-4110-bc7a-cfc5bd1c3252,NatWest,want to unblock my card,1,Negative,Positive,Neutral,Positive,Negative
e8c19aee-83d2-43d2-9fa9-c6fef656dc6b,NatWest,"good app, overpayments easy to do with 'manage my mortgage'",5,Positive,Positive,Positive,Positive,Positive
80a051aa-f572-4cda-aabe-4ebe4b047dc2,NatWest,Really difficult to report a fraudulent transaction.,1,Negative,Negative,Negative,Neutral,Negative
53188e4d-da26-4cf8-96c8-749262fd5734,NatWest,does what I need it to,3,Neutral,Neutral,Neutral,Positive,Positive
9696e5e4-8c8f-41bb-a9c2-819645eca739,NatWest,I've been with Natwest for 50 plus years never had a problem.,5,Positive,Positive,Positive,Positive,Positive
9e5a7761-b564-439d-b61e-ffc81b171ed7,NatWest,40 years of exceptional service x,5,Positive,Neutral,Positive,Positive,Positive
ac7a484c-3a68-4292-822a-75dacd937cb7,NatWest,keeps blocking us and have to re register with new passcodes,1,Negative,Negative,Negative,Negative,Negative
a0142d73-e520-4161-8972-060e0b6cbe7e,NatWest,notifications don't work,3,Neutral,Neutral,Negative,Positive,Negative
8956980c-972d-4d71-9d9b-dc94fb604907,NatWest,"Loads of the features don't work since the update, like anything that's supposed to connect with a browser. I can't access My Rewards from it and the web page tries to connect me back to the app, so go round in circles, so annoying. And I can't pay my Amex off via bank transfer now as the connection fails at the NatWest app end it's just a blank screen. Whoever tests your updates needs to find a new job.",2,Negative,Negative,Negative,Negative,Negative
77067d0a-9d70-47e7-b656-b0f778d36e74,NatWest,love this bank,5,Positive,Positive,Positive,Positive,Positive
23160889-e25a-4437-a5bc-5bee59c96c97,NatWest,fantastic Services,5,Positive,Positive,Positive,Positive,Positive
61ac333d-1db1-4470-b5d0-238099057121,NatWest,Best bank in Britain,5,Positive,Positive,Positive,Positive,Positive
6a58bfe4-0c96-4bc9-b0b0-2baefcee4671,NatWest,Confusing payment system. Confusing how much is owed.,2,Negative,Negative,Negative,Negative,Neutral
b8942075-6f61-4e7d-be59-4ab04dd665d8,NatWest,brilliant service 👍,5,Positive,Positive,Positive,Positive,Positive
a065b0bd-69cd-4f06-9912-c691f0959f13,NatWest,cant able to add card back on phone,1,Negative,Neutral,Negative,Negative,Negative
e22227b0-1756-4a0b-a9ec-e23acb58359a,NatWest,Does what it says on the tin,4,Positive,Neutral,Neutral,Positive,Positive
e016ae99-f7e8-45e8-8c87-9fd154bbed4c,NatWest,nice,5,Positive,Positive,Positive,Positive,Positive
7a1cbdb2-8dc5-438c-ba36-d449e25764f2,NatWest,The best banking app.,5,Positive,Positive,Positive,Positive,Positive
3b28ec8a-f935-482c-ba3c-ad5069b95785,NatWest,"A great bank to deal with, the app is easy to use and keep your eye on everything",5,Positive,Positive,Positive,Positive,Positive
140bf470-dcd4-4d5d-9214-1af9a272dd9e,NatWest,easy to access as an old lady find most things techno related not easy.The app is excellent and u find what I need,5,Positive,Positive,Positive,Positive,Positive
1216a3cd-3e2d-4ee6-9b5f-cc9362550163,NatWest,fantastic supporter of business.,5,Positive,Positive,Positive,Positive,Positive
837c7409-0324-4f6d-ae5a-9bcb40b2e4d6,NatWest,extremely great 👍,5,Positive,Positive,Positive,Positive,Positive
0f5e78d9-fbc1-499d-bd84-a38b38012e80,NatWest,worked great until recently and now if I want to link my savings app or go to make a direct payment after the login page I just get a blank screen which is really inconvenient,1,Negative,Positive,Negative,Neutral,Neutral
7be79b81-baaa-43f0-868d-49eaf7c0f3ae,NatWest,"used to work on my old android, my new pixel is doing weird things with login, opening 2 keyboards, not accepting pass codes, repeatedly telling me I need to set up biometrics and when I do it starts the loop again, I literally cannot approve payment requests at the moment because of this",1,Negative,Negative,Negative,Negative,Negative
d0799f8c-0d4b-4a50-bcf1-dcc05fdcaab8,NatWest,app does not work if just a cresit card user,1,Negative,Neutral,Negative,Positive,Negative
590b4c51-ddd2-4c41-b11a-78e8cbb86577,NatWest,"Was forced to install this unnecessary app onto my phone. Not entirely sure why NatWest wants it's customers on this. It's the worst app I've ever seen. Everything I want to do it it requires being taken to an external site. Why can't I just go to the external site and cut out the app as a useless middleman? Seriously, worst app I've ever seen and I've worked as a QA in dev teams building apps.",1,Negative,Negative,Negative,Negative,Negative
c3e86c3b-d7bd-4609-916b-6aa8ab04ce3e,NatWest,"This was a great app, easy to navigate and quick to look at accounts and transfer money, but every update seems to make it more complicated. And please get rid of the 'pots' from the homescreen, what a pointless exercise that is.....awful idea.",2,Negative,Positive,Negative,Negative,Negative
8f7c3b48-82ee-4022-a842-2e29b962ba01,NatWest,"since the recent update my app no longer opens. I have the spinning wheel but nothing more. I've checked and it doesn't need updating, it just doesn't work!",1,Negative,Negative,Negative,Negative,Negative
87f8f40c-f373-4e82-9285-1715fcf230d8,NatWest,"Great app, but desperately needs a 'Memorandum/Notes' field for transactions. Crucially, this field must be included in the CSV Export. This would allow users to add custom tags (like #Tax or #Home) to automate their own spreadsheet analysis and monthly totals. This simple metadata field would make the app a powerhouse for organized budgeters!",5,Positive,Positive,Positive,Positive,Positive
8b783e48-5bba-4a2e-88b1-770483259809,NatWest,Can't log in as it doesn't register the button being pressed. Can't even get to enter your pin.,5,Positive,Neutral,Negative,Negative,Negative
99f3be70-6a9b-4856-905d-bc65a36f85b4,NatWest,"Srsly outdated security thinking. Everyone should be using a password manager now but if you use a pw manager, its almost impossible for you to login on the app since every time you change context to review ur passwords, the app disrupts the process. They're trying to be clever but in doing so betrays a lack of understanding of secure flows. You basically have to have a really simple password and PIN and/or write them down to login and/or use the same password across services.",2,Negative,Negative,Negative,Negative,Negative
ab78a008-5f69-401c-8a65-02da52a9f36a,NatWest,More pointless confusing changes that nobody asked for! Developers trying to justify their existence....😔 Do you know how difficult it is to hit a tiny three dot drop down menu on a phone...?,1,Negative,Negative,Negative,Negative,Negative
4588fd85-d1a2-4e7a-98fa-39c3de8e1435,NatWest,"Good app, works well",5,Positive,Positive,Positive,Positive,Positive
89f17b70-bce8-4292-a14e-f07073d7e2e1,NatWest,"Works well but updates just end up with more complexities, and also FONT SIZE which is now SMALLER and difficult to read, Payments still requires more navigation 'transfer ' , ""move money' then ""transfer"" again! The ""home"" button disappers when navigating deepr so use of back button required but then magicly reappears causing the ""are you sure you want to exit"" displays. lack of standardadation.",3,Neutral,Negative,Negative,Negative,Neutral
95a4dc15-0f84-4b1d-8816-0aac07d38686,NatWest,"I will not be giving any online service my biometrics. No. Can you stop asking like you think I'm gonna just give in to the nagging. The answer is no. Have respect for us. Get rid of Cora. I'll talk to a person or not at all. It's a good app, if a bit redundant. Don't develop it to death. REPLY: No. Big database hacks happen all the time, banking and other vulnerabilities are worse than ever. Alao handsets are deadly unsafe. U know this. U lie too easily. 2 stars for insulting customers",2,Negative,Negative,Negative,Negative,Negative
7d222007-f4c8-4cac-9adf-7dacef809519,NatWest,I need more detail to understand it.,3,Neutral,Neutral,Neutral,Positive,Positive
6c1b1a64-adfc-408e-81ac-c5107a80d4e1,NatWest,had this app for ages but trying to get to talk to an actual person is nigh impossible! am having problems trying to re invest my isa am now reaching the stage where I want to change banks after 40 years of being with Natwest,2,Negative,Negative,Negative,Negative,Negative
ddcbf8c4-43c8-466e-9cc4-0409aa6db2ce,NatWest,easy to use,5,Positive,Positive,Positive,Positive,Positive
e7636f16-449d-442c-8e6f-784557402c0d,NatWest,It's a great and lovely. I love it. 🌹 Thank you very much,5,Positive,Positive,Positive,Positive,Positive
ede700f4-52d9-4995-9010-f52a8240c5c6,NatWest,Best,5,Positive,Positive,Positive,Positive,Positive
004b0051-0f09-4c26-8bab-94567a6f736f,NatWest,"always great service in my local rugby branch, and they've been helping me to use the online banking app.",5,Positive,Positive,Positive,Positive,Positive
6e340bb8-42ca-4055-8a31-77721c0c38bd,NatWest,deposting cheque function keeps failing,1,Negative,Negative,Negative,Negative,Negative
c8fb9691-59c2-49ca-b718-1c22168d61ea,NatWest,Just an easy app to use.,5,Positive,Positive,Positive,Positive,Positive
d2cabf3a-f04c-400e-a4ca-bc89c37cebbc,NatWest,"cannot access my rewards in the app, went into a branch and they could not fix it",2,Negative,Negative,Negative,Negative,Negative
4f25126b-02bd-49cd-94ee-95516ed24c04,NatWest,can't view everything,1,Negative,Neutral,Neutral,Positive,Negative
0495cda1-8c97-48e7-804b-1bb6e3ab971b,NatWest,"very good app, an bank in general, the only bank I know who does ""get cash"" excellent service",4,Positive,Positive,Positive,Positive,Positive
ac6c4494-809a-461c-9ee3-e8e2c531ea35,NatWest,cancelled all off my online purchase unless bank,1,Negative,Negative,Neutral,Positive,Negative
ee0c0eb9-e8a7-47bf-8036-097a53d1bb37,NatWest,not happy about them not taking into account payments made early.,3,Neutral,Negative,Negative,Positive,Neutral
655b7aa7-5154-44ad-bd82-458e2f289545,NatWest,"App works great, easy to use amd secure.",5,Positive,Positive,Positive,Positive,Positive
ab5d2c88-ee71-421e-9c80-c40ba9d7d6f6,NatWest,very happy with Natwest service,5,Positive,Positive,Positive,Positive,Positive
dc21dba3-a346-4265-aaee-221bc11fa73a,NatWest,"hideous and stupid security where you have to remember characters of long passwords by ordinal (please enter the 11th letter), pretty much guaranteeing that you have to write them down. Clearly incompetent security like that leaves me pretty worried that the rest is stupid and wrong too.",1,Negative,Positive,Negative,Negative,Negative
39d5183e-bf0d-42b9-9bc8-fcb6f0f96cc7,NatWest,very Interesting features and security protection with freezing or unfreeze cards.,5,Positive,Positive,Positive,Positive,Positive
2b4badb8-5d30-4fa8-804f-eb37da08bae2,NatWest,Great service we'll happy 😊,5,Positive,Positive,Positive,Positive,Positive
692607db-4a89-4255-9a2d-9af0aac4e8e7,NatWest,terrible,1,Negative,Negative,Negative,Negative,Negative
e58d2d62-4e01-4cf9-996f-db10853397f2,NatWest,good service 👍,5,Positive,Positive,Positive,Positive,Positive
e7621c9f-fd9b-47c0-9f2d-4ed87639a22a,NatWest,UI is user friendly 👍 Good,5,Positive,Positive,Positive,Positive,Positive
abb77857-145b-4175-b36b-974eedf30449,NatWest,Very nice and smart app all from NatWest must be geniuses,5,Positive,Positive,Positive,Positive,Positive
e117d049-2ac1-4210-918a-975172dd1e84,NatWest,"im having serious issues with the app. I have uninstalled it and reinstalled it. Every time I select the back button it logs me off. I select the my transactions, it logs me off. I select anything it logs me off. HELP!?",1,Negative,Negative,Negative,Negative,Positive
8a878a68-8d97-4771-9b03-2faad3120ab6,NatWest,"the update is so big, I can't install it despite clearing 1 gb off my phone",1,Negative,Neutral,Negative,Negative,Negative
e25c5851-9d1c-4a1d-b4e9-3036cd25ea7d,NatWest,Miserable. Horrible app.,1,Negative,Negative,Negative,Negative,Negative
d92af1f2-d9a2-4191-a9f2-0d1a732c5c41,NatWest,awesome,5,Positive,Positive,Positive,Positive,Positive
e3e165fa-c009-4b3b-9019-44ec0f49ae68,NatWest,had £0 balance but still forced to pay interest of £5.48,1,Negative,Negative,Negative,Negative,Negative
6be2819b-407e-467f-b5c7-c8c6c134ec7d,NatWest,"How is it that I have several transactions that show on the same day, and then 3-4 days later they get dated differently to show them as after the new tax year starts. Ridiculous. You already had them recorded on the correct date. Stop causing unnecessary headaches. edit: Reply to copy paste below: Asking on Cora will result in you explaining why you do this bad behaviour and not you stopping doing this bad behaviour, obviously a human hasn't bothered to actually take the time to read this.",1,Negative,Negative,Negative,Negative,Negative
ccd991b0-4121-4d09-8964-e8179a62331a,NatWest,Solid banking app,5,Positive,Positive,Positive,Positive,Positive
d6e2f866-34c9-4189-b0f2-de4add5fc91f,NatWest,"Does the job with Security, as its topmost priority.",5,Positive,Positive,Neutral,Positive,Positive
09b34161-833a-485e-b978-b14a18f1c447,NatWest,Simple to use and easy to navigate,5,Positive,Positive,Positive,Positive,Positive
97084741-a2e3-49f5-a097-23429c7618ae,NatWest,excellent communication,5,Positive,Positive,Positive,Positive,Positive
2d8eb082-273c-4ec4-beea-e572bb490b50,NatWest,"going round in circles for several minutes and being asked to download the app although I have already been asked over abd over again, but and I have stated I have the app. I have not been able to complete the process I want to undertake on the app or use biometrics to access online either",2,Negative,Positive,Negative,Negative,Negative
bf9eb986-8ab2-488e-b315-5c80721db3e6,NatWest,ilike it good servises,4,Positive,Positive,Positive,Positive,Positive
e90235b6-8f79-48b7-8802-c52cfee9828e,NatWest,Fantastic,5,Positive,Positive,Positive,Positive,Positive
c066dce2-b308-40cc-9b30-818152a74ac7,NatWest,"worse than the previous version. cannot view transactions, or get credit card statements! (and still have to ""share"" pdfs, cannot ""save""!",3,Neutral,Negative,Negative,Negative,Negative
27cb5faf-13a9-4982-bccd-18c4811eca0c,NatWest,"I had to get the app because it can disable contactless payments when not required, which is impossible online, but the update mechanism often doesn't work.. I get told I'm not on the latest version, but can't update it! I expect Google has decided my device is no longer compatible (but doesn't say)",3,Neutral,Negative,Negative,Negative,Negative
f49b80c1-0b98-4618-9553-a961dfc30531,NatWest,easy to use,5,Positive,Positive,Positive,Positive,Positive
eff7b320-7150-48dc-adee-eee549c233bf,NatWest,very supportive Bank keep up the brand!,4,Positive,Positive,Positive,Positive,Positive
e96f6c28-fe73-490e-a18f-14acfdaa850d,NatWest,exeĺemt,4,Positive,Neutral,Neutral,Positive,Positive
ee91cd3a-7271-4a32-8bfd-4fa0942af1a5,NatWest,very helpful,5,Positive,Positive,Positive,Positive,Positive
fb58be70-e139-41d3-ad36-e23aebf9f21d,NatWest,updated it and now it won't load up for me to login.,1,Negative,Neutral,Negative,Negative,Negative
ffd88aca-51a7-4b39-b5a2-a359f988b437,NatWest,easy to use app. setting up on new phone so i changed some details,5,Positive,Positive,Positive,Positive,Positive
c3fad94e-1777-41a6-bdcf-56a251aed252,NatWest,"The fact you have to hand over all of your biometric data to be stored on NatWest's servers just to ~name a pot~ is the dumbest thing I've ever heard. I do not want my voice and face on NatWest's servers. This is the most egregious data grabbing practice. Why are they taking the risk of storing biometric data for this? Why not just use on-device verification (fingerprint, face id etc)? There's no way it is worth the risk for the sake of naming a pot - but using pre-named pots for fraud is fine?",1,Negative,Negative,Negative,Negative,Negative
d175b0d5-20dc-47c4-add2-bcfec3f722d1,NatWest,professional staff and amazing customer care,5,Positive,Positive,Positive,Positive,Positive
ec112d46-8b32-4f42-a2b1-63cf5e9bfd85,NatWest,very secure,5,Positive,Positive,Positive,Positive,Positive
46a26d7a-2692-4285-943d-8189e60fdb5f,NatWest,brilliant bank done right ✅️ 👏 👍 👌🏻,5,Positive,Positive,Positive,Positive,Positive
6f1cb80d-e962-4bf0-8b69-590d890dbd80,NatWest,easy to use,5,Positive,Positive,Positive,Positive,Positive
b3e73b12-b060-4ef3-b4de-8f22ccf1ecd6,NatWest,"Excellent app for mortgage transactions,summary and changing product etc.Saves your precious time without calling the customer care.",5,Positive,Positive,Positive,Positive,Positive
d201ee46-a005-42f4-88b0-7d3e64fa9195,NatWest,I can't find anywhere on the app to deposit a cheque ? Well I CAN'T see it.,3,Neutral,Positive,Negative,Positive,Negative
1004c86f-c655-412b-a9cd-ce8ea019a5bd,NatWest,"Security functions on the app are excellent, my fingrrprint is recognised instantly, allowing me to access my account. Just added photograph and voice for another layer of security.",5,Positive,Positive,Positive,Positive,Positive
394b7546-b000-47e1-884a-d7c707da5601,NatWest,"I already gave my review for this app. But Google is being Google deleting/resetting messing with ppl accounts, the apps devs are not getting ppl's reviews what ppl take time to write. Ppl in the end will not bother write anything if Google carries on like this. But for the app? I think its a brilliant app and great customer service were you actually talk to a REAL person.",5,Positive,Positive,Negative,Negative,Negative
cf9c2075-e738-445c-a648-5fb941425df4,NatWest,"New app appears to be much better to use, many thanks",5,Positive,Positive,Positive,Positive,Positive
0b36991c-210b-4411-b09d-50280099dc16,NatWest,excellent,5,Positive,Positive,Positive,Positive,Positive
eb70d2f1-13c5-417a-ab24-eb75889a115f,NatWest,Excellent,5,Positive,Positive,Positive,Positive,Positive
f6494101-e044-4c1d-a498-57b6be7c9b40,NatWest,"Good app, latest updates did cause confusion. But did get help to work my way around. Thank you",4,Positive,Positive,Positive,Positive,Positive
44a94cd5-eff1-4f16-bf27-ff0b60907e5c,NatWest,trying to pay some of my balance and going found in circles,1,Negative,Negative,Negative,Negative,Negative
3100d763-7129-4bca-9f82-2ec656f13b9b,NatWest,"used the app for years and it's finally catching up with the others unfortunately the feature I want the most, pots, simply doesn't work. I create the pots, put money in them but they don't load in the app. I've cleared cache and reinstalled the app, the apps loaded once, then when the app was opened and closed again the pots would not load. This means I would not be able you access the funds if needed while out.",3,Neutral,Negative,Negative,Negative,Negative
dc433ee8-5390-40dd-bb9a-a1095610831a,NatWest,Best bank ever,5,Positive,Positive,Positive,Positive,Positive
ad73e615-fcb6-4dfa-8a6e-df59ea8d26b4,NatWest,"Excellent app overall, easy to navigate hence quick",1,Negative,Positive,Positive,Positive,Positive
a0f3176d-ffca-4f9b-bcdc-aeb1445f2442,NatWest,excellent and very understanding bank if in your finacial loop...comunication is key...,5,Positive,Positive,Positive,Positive,Positive
049fa3e0-5e27-4434-8f99-05783ab10a00,NatWest,Never Have Had A Problem With The App Excellent Application 👍,5,Positive,Positive,Positive,Positive,Positive
a001487d-c790-4539-b6c3-a4861aa47648,NatWest,"Good bank to be with, very happy with the service they provide.",5,Positive,Positive,Positive,Positive,Positive
fdd8f785-836e-4c3c-ab12-9ecff9277328,NatWest,Fast and easy to use,5,Positive,Positive,Positive,Positive,Positive
5ea8f14a-dc12-44ce-810a-1239f159ce38,NatWest,Love this app simple and quick to use,5,Positive,Positive,Positive,Positive,Positive
01ef9f6a-76f3-47ba-8b6a-a626b8931f93,NatWest,Excellent,5,Positive,Positive,Positive,Positive,Positive
2f71027c-93ac-4d65-86c0-8ec48228d78f,NatWest,the app won't let me transfer my money between accounts,2,Negative,Neutral,Negative,Negative,Negative
ec22558e-df86-4548-944d-564cd649f942,NatWest,"Simple to use, secure",5,Positive,Positive,Positive,Positive,Positive
ebcccddc-9bf9-455f-887c-60d653ea6cbf,NatWest,"cant hide the new ""pots"" feature. no way of providing feedback on the app, everything needs to go through ""cora"" first why should I bother with all the extra hassle of that to provide quick feedback, when a simple form I can submit in a minute would suffice? take this 1 star review instead and hopefully this feedback makes it through. Otherwise, the app works good, just stop forcing things let people hide them",1,Negative,Positive,Negative,Negative,Negative
b83081be-9333-4cc8-945b-858001a5c042,NatWest,Just love the app,5,Positive,Positive,Positive,Positive,Positive
0b2a3209-124b-491a-9486-1461bd3ce1d0,NatWest,"This is the best banking app I've come across. Intuitive, safe and the usual high standard I expect from Natwest. Looking forward to Rapport going mobile!",5,Positive,Positive,Positive,Positive,Positive
8e79e39f-3d67-4864-8de3-2786c645c101,NatWest,Excellent banking at your own time.,5,Positive,Positive,Positive,Positive,Positive
89b562dd-f9f4-4e03-8f14-f6aebf2cc0fb,NatWest,"Quick loading time, easy interface to use ,excellent offer notification",5,Positive,Positive,Positive,Positive,Positive
73df8a35-b712-40d4-8c21-2fa55e7d627a,NatWest,This App is a solid 8.5 out of 10.,5,Positive,Positive,Positive,Positive,Positive
043c5eb3-da81-4e53-808e-cc3d1c694d68,NatWest,Easy to use,5,Positive,Positive,Positive,Positive,Positive
75187f3c-39d9-40df-b213-a3a04ec01e82,NatWest,Good app easy to use,5,Positive,Positive,Positive,Positive,Positive
72b2f7ce-ba73-482e-9c40-757b9d08ca6b,NatWest,My score on other apps is excellent and on this it's only fair,5,Positive,Positive,Positive,Positive,Positive
db57b37f-cef6-4870-9052-87253e9b8080,NatWest,Good easy to use.,4,Positive,Positive,Positive,Positive,Positive
7d173df4-6ea9-4d51-aecc-793d7f9b1137,NatWest,"I actually rate your app very highly and use it regularly to check on my various accounts. However, a message has now appeared upon login advising that I need to purchase a new, more modern device as my phone will no longer be ""supported"" in 19 days! I therefore feel abandoned after nearly 50 years with NWB! I am also anxious because I fear that I will lose access to my money.",1,Negative,Negative,Negative,Negative,Negative
da3d12fb-bbef-4cb6-a7c8-3ead59b28069,NatWest,Easy to use.... all you need.,5,Positive,Positive,Positive,Positive,Positive
5ee7e563-d5de-4dcf-90cf-28fc20d78767,NatWest,"NatWest keep me up to date, they check to see if it is me using my account. If they suspect something is strange they let me know right away. A very good bank indeed.",5,Positive,Neutral,Positive,Negative,Positive
fd5cde73-dd20-4f87-b2fd-0e0c8efe58a7,NatWest,use it all the time ..really easy saves alot being able to do it on the phone,5,Positive,Positive,Positive,Positive,Positive
082c852e-1806-42cc-80a1-e2342790c707,NatWest,"Use this instead of my pc internet banking. The features being added are great, making it easier and quicker to move, send and receive money.",5,Positive,Positive,Positive,Positive,Positive
54efb0df-c538-424e-a34f-5b6a5639afa0,NatWest,Very easy app to send money to ppl and keep eye on things coming a d gion,5,Positive,Positive,Positive,Positive,Positive
d6e04dd4-f7cf-4a38-b260-c572e85e008c,NatWest,"Very easy to use ,life is much easier ❤",5,Positive,Positive,Positive,Positive,Positive
1b5edf3a-fc8b-47d0-b53a-a8b18e8a7a52,NatWest,Easy and fast,5,Positive,Positive,Positive,Positive,Positive
59fbb608-8606-4295-a4ef-d9fc708a286b,NatWest,Brilliant.. never any problems. Very reliable,5,Positive,Positive,Positive,Positive,Positive
1d956142-a219-4475-a78a-ca6c6f3d961d,NatWest,great bank app very easy to use,5,Positive,Positive,Positive,Positive,Positive
4fd00f80-a629-438b-9b88-f5924960dc7a,NatWest,such a easy app to use in every way.,5,Positive,Positive,Positive,Positive,Positive
d862ae3c-e22d-4d59-97fb-d0bc2c39407a,NatWest,"works well ,very convenient.",5,Positive,Positive,Positive,Positive,Positive
c0375742-5a26-490b-bfee-6cf43bb628b8,NatWest,"had to call bank to change address, then again to get new card sent out, now it won't let me see my pin number or make a virtual card. this app has caused me so much stress",1,Negative,Negative,Negative,Negative,Negative
d60f437a-3e02-424c-87f7-7cb40ef09e8a,NatWest,"I do normally really like the app but it is not letting me on, saying there is a connection error. I am connected to our 500mbps WiFi, I've updated the app and there are no planned work happening. Please can someone help? I do not want to have to reinstall the app.",2,Negative,Positive,Negative,Negative,Negative
8387c3ce-1eec-488f-b87d-cb6e8012e7e7,NatWest,nice person on the phone .good to speak to a real person.,5,Positive,Positive,Positive,Positive,Positive
e90a8ab0-b47a-4796-9297-69bc83fc7891,NatWest,"The option to pay in a cheque online has disappeared and Cora just said this means my device is incompatible. zit always used to be thetecand I have a fairly new Samsung so thatsca defi ite downgrade. Otherwise I find the app fine, easy to use for common transactions though less common things take some time to find. The developer response says that the pay in cheque option can be found by tapping the three dots. However it isnt there so the response is very annoying.",3,Neutral,Negative,Negative,Negative,Negative
22204b85-7a34-495f-ab75-da5bb3c5227f,NatWest,my rewards link doesn't work anymore,2,Negative,Positive,Negative,Positive,Negative
3eda11f2-f17d-48e0-8ba0-ae5f8ea6f523,NatWest,I find the mobile app fantastic.,5,Positive,Positive,Positive,Positive,Positive
63c3edd9-47cb-42bf-9f60-f4dc9b7aab52,NatWest,It has been a horrendous experience. The print is so tiny I had to resort to a magnifying glass to read much of the print. Why on earth did you think that this is an improvement on the previous version?,1,Negative,Negative,Negative,Positive,Negative
064ae658-7942-4824-a8a4-ff5ab0b1737e,NatWest,being neurodivergent bank accounts are hard to wrap my head around but joining natwest credit card i was able to sort all my new flat out and they always let me know when im close to my limit so I can send a payment through ipay which is really easy to do plus all there operatives are human and they are so helpful and can sort any problems that I have thank you to all of you x,5,Positive,Positive,Positive,Positive,Positive
8b2b79f0-83b5-4dc2-8074-568053f34ad7,NatWest,lack of info on interest rate for ISA,3,Neutral,Positive,Negative,Positive,Negative
121b27f2-4f89-46af-a79d-c397ac1d98b5,NatWest,maybe because I am just new to this app?,4,Positive,Neutral,Neutral,Positive,Positive
9a71e0a4-326c-4030-bc57-3107f40331ed,NatWest,easy to use and keep a track of payments.,5,Positive,Positive,Positive,Positive,Positive
a3689748-869c-43fe-bc8e-801b12f8c7a3,NatWest,very happy! Easy to use !,4,Positive,Positive,Positive,Positive,Positive
f5f1db2a-3f2b-4545-a5e3-904352519837,NatWest,"as a user of this app as NatWest shut it's banks, we are forced updates that are useless and unnecessary. I now can't deposit a cheque, as the update has removed this option and your Cora BS, has me running in circles. why mess with original app? please don't ask me to contact your AI program, it's as useless as the app ......... to think I pay money each month for this BS is criminal.",1,Negative,Negative,Negative,Negative,Negative
f8e2b3f8-d2ac-4edd-9c43-223415d658c1,NatWest,Fantastic bank NatWest. Fantastic app. Very very good professional and kind people. Thank you so much everyone. Highly recommend 👌 👍 👏 💪.,5,Positive,Positive,Positive,Positive,Positive
3fd2c2ce-254b-4854-8d98-67e35806f43b,NatWest,"cooperative ,confidential ,caring and professional banking😊",5,Positive,Positive,Positive,Positive,Positive
53c7bfc3-5516-4bf4-a837-b80654ee1977,NatWest,grand,5,Positive,Positive,Neutral,Positive,Positive
51c08b16-419b-4eaa-98a9-54eefe0e20ed,NatWest,"l find it so difficult to navigate to my mortgage under the same app, keeps going to online banking instead of mortgage. can it be more easier please ????",1,Negative,Positive,Negative,Negative,Negative
625c12aa-acbd-492e-a1e3-9e9df4f21965,NatWest,"Really do not like the new update. You've over complicated it. It was much easier to just select my account and go straight to make payments. Also, I like to freeze my card when it's not in use. It took me an age to find where you'd moved this option to. And when pressing the 3 dots on account summary, it constantly takes me to the transactions. Out of all the updates you've done, this is by far the worst.",2,Negative,Negative,Negative,Negative,Negative
d6a567e0-06b1-4272-89c7-8acbf5ab0143,NatWest,latest update removes running balance after each transaction,1,Negative,Neutral,Neutral,Negative,Negative
6d2a3bff-bf54-4357-9ece-29470c7f54e9,NatWest,it works 👍,5,Positive,Neutral,Positive,Positive,Positive
eb04d220-71df-45d1-ab6d-6e95e92f8920,NatWest,easy to navigate,5,Positive,Positive,Positive,Positive,Positive
1ce47efe-031e-4ed5-ba12-33b142e23cf2,NatWest,The app is helpful and easy to use.,5,Positive,Positive,Positive,Positive,Positive
d6eb89a2-eab5-4649-b5d3-ba1979d2b892,NatWest,I love my NatWest app,5,Positive,Positive,Positive,Positive,Positive
ebd43a4e-22c5-4e31-bbe4-a9625b4bf51d,NatWest,5 minutes to make it work,3,Neutral,Neutral,Neutral,Positive,Negative
ab9c690c-56e6-4658-97f2-603574ba4d1d,NatWest,easy to use,5,Positive,Positive,Positive,Positive,Positive
1063aa48-173c-45c7-8d50-ba84cccf709f,NatWest,doesn't even have a feature to let you see your bank statements. useless.,1,Negative,Negative,Negative,Negative,Negative
a43d7102-f6ec-4d57-b71e-ad35ffec8537,NatWest,"It is so clunky in its design, menus all over the place, if you click on an account, you can't click out of it without going back to the beginning. Every time I log in it tells me it's failed, but it hasn't, I am logged in. your debs should take a look at the Halifax app and copy that.",2,Negative,Negative,Negative,Negative,Negative
40bc375f-79f0-4650-9b61-d54509779cd8,NatWest,Utter rubbish. constantly locks you out of your account. Will be leaving NatWest because of the poor optimisation.,1,Negative,Negative,Negative,Negative,Negative
41cff1b8-f6e4-4c54-a46b-7a8e971a73ca,NatWest,really good app had no issues with it.,5,Positive,Positive,Positive,Positive,Positive
df3382a7-f3ed-4f30-9a6e-4e97c4db02ae,NatWest,best bank in the UK 🇬🇧..🫶,5,Positive,Positive,Positive,Positive,Positive
01948f28-c529-4c59-9fb0-d2cb56946cf2,NatWest,Easy to navigate app and user friendly,5,Positive,Positive,Positive,Positive,Positive
3debedb2-a56c-46a8-b4f7-a43bfb568ebf,NatWest,"Very intuitive, fast, reliable and secure – a model banking app.",5,Positive,Positive,Positive,Positive,Positive
a7bf7d50-c4b5-4d5b-aaeb-cf2fc39cb8ac,NatWest,easy to use and always with me.,5,Positive,Positive,Positive,Positive,Positive
c5ebe21f-5b07-40d1-84f6-c1940ca0a970,NatWest,"never had a problem, and the anti-fraud aspects are spot on, very diligent.",5,Positive,Positive,Positive,Positive,Positive
721a2d5d-bfc7-4f03-a80d-654c04a903b2,NatWest,fantastic bank!,5,Positive,Positive,Positive,Positive,Positive
7fd0b7b2-bc8e-4059-b045-ff71838668ef,NatWest,"Very happy about ,security keeping my personal data safe. Returning / protecting my money safe and secure . Thanks for unbelievable service 1.000.000 ⭐️⭐️⭐️⭐️⭐️⭐️⭐️⭐️⭐️⭐️⭐️⭐️⭐️⭐️⭐️⭐️⭐️⭐️⭐️⭐️⭐️⭐️⭐️⭐️⭐️⭐️⭐️⭐️⭐️⭐️⭐️⭐️",5,Positive,Positive,Positive,Positive,Positive
dc054429-661b-440d-b23d-999445f58992,NatWest,worst banking app ever that i have encountered customer service horrendous waiting for a code for over a week. When received changed yhe pin a password and now states they wrong. seriously!,1,Negative,Negative,Negative,Negative,Negative
0c963365-2ad6-43cd-8c1a-c311327e82d0,NatWest,"Great app, easy to use.",5,Positive,Positive,Positive,Positive,Positive
b1152eb3-57aa-4ab9-b017-1adf8a00a38e,NatWest,"I used to receive text messages that warned me that I was about to go overdrawn. This feature has been removed, so now it is easy to go overdrawn without knowing and incur charges. There are notifications in the app itself, but the ones about going overdrawn don't seem to be pushed as a notification to my phone. So the only way of knowing I'm overdrawn is to check in the app itself. This is super frustrating and I wish you would return the SMS option.",3,Neutral,Positive,Negative,Negative,Negative
9575ff6b-0c5e-4d72-b88c-d443e055ab2c,NatWest,"New layout is horrendous. Confusing and difficult to see transactions and overall a terrible update. Absolutely nothing wrong with how it was before, I don't know why so many apps feel the need to change things that aren't broken and just make it worse.",1,Negative,Negative,Negative,Negative,Negative
6ff6a761-8c17-4139-8a86-9efb9164c40a,NatWest,very happy with the service,5,Positive,Positive,Positive,Positive,Positive
a57870ba-c4e8-4e7e-9b0c-bffab98ad364,NatWest,Great service,5,Positive,Positive,Positive,Positive,Positive
1ff4ccbe-2978-4309-b541-af935d0719ec,NatWest,very easy to use,5,Positive,Positive,Positive,Positive,Positive
c9864655-ddb4-4b78-b6eb-7b51dcf0760b,NatWest,would like to link my Coop account,4,Positive,Positive,Neutral,Positive,Positive
1a82690d-52e9-4ff3-87ed-43169d068196,NatWest,Excellent credit card fantastic rate a great flexible card to hold from a world class bank,5,Positive,Positive,Positive,Positive,Positive
3b73b95f-5a71-4e03-8809-dd37c075e265,NatWest,Great and easy to use. doesn't replace branches but they're only oen for an hour a day any way,5,Positive,Positive,Positive,Positive,Positive
2eae766f-d247-49a1-938a-cc57e86e080c,NatWest,solid app plenty can be done on the move,5,Positive,Positive,Positive,Positive,Positive
13243921-8dd0-418c-886c-12ba72775e64,NatWest,great security,5,Positive,Positive,Positive,Positive,Positive
08ffb41b-05cb-4f65-8ef7-f4c7b39b60e7,NatWest,they keep on pestering to leave a review,1,Negative,Negative,Negative,Negative,Negative
a8555626-6e6a-41c7-b1b0-5d2d30de7bcf,NatWest,easy and convenient,5,Positive,Positive,Positive,Positive,Positive
c1157f4c-f370-4367-b2a1-a72a9fa02da4,NatWest,works well,5,Positive,Positive,Positive,Positive,Positive
03f0e44d-5fb5-4970-8e1a-43a1e0392b80,NatWest,"Been with NatWest for years and never had any problems, they have always been helpful when needed.",5,Positive,Positive,Positive,Positive,Positive
1db9f92f-6abb-45ee-a997-b7f94bb41582,NatWest,"My rewards section of the app, keeps on crashing and won't allow me access. I've had to uninstall the app and reinstall it, for the rewards to work. I only reinstalled the app last week, and it's happened again. Unable to contact anyone apart from the bot which is useless.",1,Negative,Positive,Negative,Negative,Negative
54f817cd-7632-4bf1-8a9d-f5938d670296,NatWest,"I like NatWest, but the app is not great. The Cora bot in particular is intrusive and was enough to send my banking to TSB",1,Negative,Negative,Negative,Positive,Neutral
687280e7-466e-438b-bd96-513006a97ab3,NatWest,excellent service,5,Positive,Positive,Positive,Positive,Positive
527d36fb-3fb5-47f6-a36f-1f1c566af61f,NatWest,Quick and easy to use with no problems,5,Positive,Negative,Positive,Positive,Positive
676fb06c-bb4a-4cc5-896c-e692b72e844f,NatWest,I'm trying to pay mortgage off but it keeps trying to take me back to portal,1,Negative,Negative,Negative,Negative,Negative
cd6385be-dbc8-4a4f-a75c-58f054930d66,NatWest,"App was working fine for years until it wasn't supported on my phone. The update app now function didn't work. Uninstall the app. Start from scratch, won't download back onto device. Only option I have now is to go into my bank, but they shut my local bank so I now have to take time off work, get two buses, to go to the bank as it's not open after 4pm nor on a Saturday. Useless bank. This is how your treated after 40 year's banking with them. Useless bank",1,Negative,Positive,Negative,Negative,Negative
252e9377-7046-4580-8397-d46bb33fe609,NatWest,Won't let me deposit cheque. Logs me afterwards everytime ? No worries I logged into a different phone And it worked fine 🙂 . Most features Log me out . please fix for this android issue version 🙏,1,Negative,Negative,Neutral,Neutral,Negative
9d7d9979-e725-4abe-89d0-f734200dc89f,NatWest,it has just taken £8 out my account and as im trying to get it back they decide not to answer absolutely rubbish do not recommend,1,Negative,Negative,Negative,Negative,Negative
cbb2e35b-5b93-4513-a78c-7d9f1af266df,NatWest,fast efficient service.,5,Positive,Positive,Positive,Positive,Positive
f4d31486-b5dd-4131-a221-58cdeead3e2a,NatWest,difficult!,1,Negative,Negative,Neutral,Negative,Neutral
49ca94f7-a3a7-44cb-b07f-c677c3bc7de2,NatWest,"Edit - hilarious braindead response says it all! Review - in the chase app you can change the pin for the app on your phone. for this natwest app it involves reregistering the entire app from scratch. both get the job done, but the natwest way just goes to prove how badly coded this thing is under the hood. probably some ridiculous legacy reason why changing pin is impossible. a bad app with a bad codebase from a bad bank with bad service",1,Negative,Negative,Negative,Negative,Negative
c2e789f8-db5b-43b4-8cb8-43ecb6227b75,NatWest,very easy to use and transfer money between accounts,5,Positive,Positive,Positive,Positive,Positive
fbab5a77-5334-4081-80c9-d31255498464,NatWest,"Bern using the app a long time now. Only one problem, experienced very recently, when I spent over two hours trying to open an ISA. I was diverted constantly back and forth from App to Web Browser. No idea why. Anyway, I persevered and now have an ISA. That aside, everything works as one would expect. Thank you.",5,Positive,Negative,Neutral,Positive,Positive
bf3d5f64-61c5-4b7e-a696-a76f7591a8a7,NatWest,I love this app as I get notifications for when money is in my account and I have been able to set up the app in a way that's easier for me. I have also been able to change my name on my accounts to my preferred name.,5,Positive,Positive,Positive,Positive,Positive
ec33020c-9f6f-4e4f-9bab-6f00a5093041,NatWest,want me account to be private!,1,Negative,Positive,Neutral,Positive,Negative
3209a300-3b8e-47e1-aabe-a38c673700d3,NatWest,"Absolutely useless. After retrieving various characters from the million different passwords they make you remember, I still can't log in. The app tells me ""your accounts are unavailable to view"". Logged out and in again, reinstalled the app, still no luck. 🤷‍♂️ Useless. I'll stick with Monzo and Starling, both of whom are able to build a simple app that actually works.",1,Negative,Negative,Negative,Negative,Negative
e2f4ef23-f49b-42b7-b139-e96e3245f94e,NatWest,Unable to access MyRewards since the last update. Can click on the button but nothing appears.,1,Negative,Neutral,Negative,Negative,Negative
b80ded67-4329-45ac-a8a6-3c9ca0be3fbc,NatWest,"it's alright, yeah.",5,Positive,Positive,Positive,Positive,Positive
cd819e5e-a95f-460f-812f-653d7a15b782,NatWest,"what a mess you are you tell me my customer number, then you tell me it's wrong, I my be an old man but I am not daft this happens every time,you say my customer number is wrong-- It's not, please get this sorted,R K Ambler. in",1,Negative,Negative,Negative,Negative,Negative
2485ac08-9d1c-4f2f-85c7-84d9a3d83536,NatWest,best bank,5,Positive,Positive,Positive,Positive,Positive
8236d7e6-c804-4264-a9a1-5db7d551c084,NatWest,Terrible app that will NEVER let you log in to the online banking website after confirming your ID via the app. Just chucks you straight out of the website again back to the login page. I will be moving banks after 32 years with them as this has been going on for over a year now and they have done nothing to resolve it. AVOID !!!!!,1,Negative,Negative,Negative,Negative,Negative
1a5bd75f-ce28-4d18-8f83-7576e47afe10,NatWest,easy to use the app and No charge for EURO transactions here in Spain,5,Positive,Positive,Positive,Positive,Positive
fc424f91-2797-4937-82c3-91cea45d6508,NatWest,I hate it! keeps logging me out,1,Negative,Negative,Negative,Negative,Negative
6b974832-fdae-49eb-b60f-3118c2a8ab78,NatWest,this is a very good and helpful app I've never had a problem whith it since I've been using it,5,Positive,Positive,Positive,Positive,Positive
e9bcc722-98c7-4d92-8920-1537f1f64174,NatWest,App very slow and unreliable to get into despite paying £8every month for services I never use I'd at least expect quicker response when trying to get into it and do any kind of transaction,3,Neutral,Neutral,Negative,Negative,Negative
aae22177-af32-42e0-9271-895c470256ae,NatWest,worst customer help of all time,1,Negative,Negative,Negative,Negative,Negative
abf75281-6ef5-427f-adb3-31ccc2edfc82,NatWest,Ease of use.,5,Positive,Positive,Neutral,Positive,Positive
6493fbb8-2f0c-46c3-8ef4-b60d2ed97221,NatWest,very informative. always up to date with activity.,4,Positive,Neutral,Positive,Positive,Positive
d37e12f7-b8b3-4e55-8e30-2a2630cd14dd,NatWest,App works fine for me. 😀,5,Positive,Positive,Positive,Positive,Positive
420fb2f7-e4f8-4dc3-9aca-33d96582b99b,NatWest,It's easy to use and informative. Thank you.,5,Positive,Positive,Positive,Positive,Positive
651c78cc-9da5-490b-af0e-bf09f48bfdc1,NatWest,Extra steps that take you nowhere. Want to change your address? Not today. Half the app is blocked unless you use biometric log in and it constantly tries to force notifications on you.,2,Negative,Negative,Negative,Negative,Negative
f5a7c976-691d-4edc-bd67-e735f756921c,NatWest,No branches left locally. So I'm reviewing what? Myself as an app user? So that's a star for me and a star for an account with an app.,2,Negative,Negative,Neutral,Positive,Negative
02c6bf12-bbfe-4cbf-acec-2bd7bb128582,NatWest,Average. Needs more work to make it feel user friendly.,3,Neutral,Positive,Negative,Positive,Neutral
047b9b5b-9f94-470b-a789-136df53216eb,NatWest,"Payit not working, how the hell do you expect anyone to use this app",1,Negative,Negative,Negative,Positive,Negative
e808005e-fed2-42a1-a598-5f1e0caa90f0,NatWest,Appears easy to use,5,Positive,Positive,Positive,Positive,Positive
6bb2a474-8a51-45ef-8bcb-7c34c67c86b4,NatWest,I have an ATM issue which is unresolved for over 30 days. Am Asda atm did not dispense my cash and an 'investigation ' by Asda ad it's not a Natwest machine says the machine had no excess cash left in it. Totally not true so still ongoings and Natwest don't respond to emails. Be warned!!,1,Negative,Negative,Negative,Negative,Negative
0ddb2a73-621b-45b2-8ea7-0800eaa3ad00,NatWest,perfect,5,Positive,Positive,Positive,Positive,Positive
78069613-4b25-46f2-8a1a-c42595a10cbe,NatWest,easy to set up,5,Positive,Positive,Positive,Positive,Positive
c9ff894d-c9d6-4aa7-badf-58e686de51f9,NatWest,not intuitive. too many menus. trying to be too clever.,1,Negative,Positive,Negative,Negative,Negative
fd62a9b0-f711-405e-aecc-150830698a27,NatWest,"great service. When I ring up for help the customer service people are audible, fluent and helpful.",5,Positive,Positive,Positive,Positive,Positive
f1a5c855-0932-44a0-98c5-a1947520e4d9,NatWest,I was originally with Sainsbury's bank and this was transferred over. using my new newest account and I cannot use my bank to pay off the card as it isn't supported. so much for no impact to customers,1,Negative,Negative,Negative,Negative,Negative
04917683-72da-47d2-9b9e-81ffe1ddf1e0,NatWest,"I'm sick of going around in circles on the app, my mortgage is coming to an end I click new deal and it asks me to log in, I log in then it asks what I want, I click new deal, then It says I need to log in to see that, so I log in and it asks me what I want. not a human in sight to help and Cora is just as bad.",1,Negative,Negative,Negative,Negative,Negative
a2a78beb-ede3-41aa-a6cc-efe2c4bf15e1,NatWest,easy to use.i like knowing where im up to with my finances,5,Positive,Positive,Positive,Positive,Positive
dd942960-36c7-4878-a90f-3d3aee60a5a2,NatWest,amazing bank. have been with them for over 25 years. customer service is so helpful. never had an issue,5,Positive,Positive,Positive,Positive,Positive
8f5ef54d-d227-4d89-bb64-fe4de5c98245,NatWest,love app life in hands reliable safe,5,Positive,Positive,Positive,Positive,Positive
126111c9-e407-47c1-9db9-56a590fe81fa,NatWest,good app. easy to use,5,Positive,Positive,Positive,Positive,Positive
a520f598-ecb0-41d4-a778-559a97b82410,NatWest,Good service,5,Positive,Positive,Positive,Positive,Positive
1a3c87d1-e2ee-4b61-b176-b5ec4442bade,NatWest,"can't access my rewards, please help",1,Negative,Positive,Negative,Negative,Negative
d26d72ff-2e65-4da7-bd08-d34a62cf2642,NatWest,very good App and easy to use.,5,Positive,Positive,Positive,Positive,Positive
46c8055e-f2d4-4f19-a78c-717a4623874c,NatWest,been with nat west since I was 15 that's 53 years no complaints,5,Positive,Negative,Positive,Positive,Positive
5d1bf29d-d5b3-480b-816c-2b523c83f7ca,NatWest,thank you,5,Positive,Positive,Positive,Positive,Positive
5fe71425-2c4d-4ff3-a84b-025f900904e9,NatWest,Good Banking App. Easy to navigate.,5,Positive,Positive,Positive,Positive,Positive
a639c04f-4c86-41a2-9f0b-f8aa2c3874aa,NatWest,easy to use .,5,Positive,Positive,Positive,Positive,Positive
f670c9d1-f484-4a39-89b3-de1d5002d148,NatWest,nice app,5,Positive,Positive,Positive,Positive,Positive
0d0da07b-1e16-4022-aaa5-890f7cc0f9b2,NatWest,easy to use,5,Positive,Positive,Positive,Positive,Positive
35bb1159-3a05-4834-996a-e39400684dc0,NatWest,Fast and easy,5,Positive,Positive,Positive,Positive,Positive
51d3e05c-5730-4a1a-9849-f603f250e807,NatWest,Absolutely Useless. It will not show any access codes. It will not allow me to alter the incorrect phone number displayed. Any attempt from Cora is as much a waste of talking your customer service. Not fit for purpose and I will leave as soon as possible. I bet I receive absolutely no meaningful response to this issue.,1,Negative,Negative,Negative,Negative,Negative
05e2366f-6a4e-42fd-a5fd-6487ab9ceece,NatWest,Very secure.,5,Positive,Positive,Positive,Positive,Positive
4f3510b2-1d26-474e-9ccc-fad93c3e39cb,NatWest,I can't access it,5,Positive,Neutral,Neutral,Positive,Negative
58b7229b-8329-49f4-af6f-1ff4bdfb53c3,NatWest,Good App easy to use quick for payments or money transfers👍👍,5,Positive,Positive,Positive,Positive,Positive
d9d2f354-cf3b-4e71-bfe0-62d2b56d87de,NatWest,A very friendly bank and easy banking,5,Positive,Positive,Positive,Positive,Positive
38f2566c-1422-4f66-86de-b240c20d6129,NatWest,couldn't change the dates on my search,1,Negative,Neutral,Neutral,Neutral,Neutral
89dc464b-c3d6-433f-99d6-f37040d977c8,NatWest,"Great service, highly recommend",5,Positive,Positive,Positive,Positive,Positive
63cf6cbf-00ef-4854-87f4-443e0f3ea751,NatWest,very quick,5,Positive,Neutral,Neutral,Positive,Positive
90caaf2c-9d29-40b7-a98a-3590967b1d23,NatWest,lovely staff so we happy with our bank .,5,Positive,Positive,Positive,Positive,Positive
88fd4ed5-775f-4c37-8be8-d3964391a934,NatWest,I want to stop a payment but it's too much to do on a phone why can't you put it on hold untill I have done it instead of letting it go through,1,Negative,Negative,Negative,Negative,Negative
be68b0ca-c6a1-46e8-9523-da2daea1f12d,NatWest,Does everything I require of it.,5,Positive,Neutral,Neutral,Positive,Positive
0aa3a3f1-fcc3-4918-a6ce-90439a970a57,NatWest,easy ways to access my account,5,Positive,Positive,Neutral,Positive,Positive
d32e6348-364e-44e5-be8d-d17788e8dde5,NatWest,Access my rewards button doesn't do anything,1,Negative,Positive,Negative,Negative,Negative
4d55bfe6-145c-4213-b317-3ffe1f72ca5e,NatWest,very easy and very secured of keeping track of how much spending,5,Positive,Positive,Positive,Positive,Positive
554c196a-ff59-4eda-ac1e-9f2a1d790e05,NatWest,amazing app,5,Positive,Positive,Positive,Positive,Positive
ad1bd19a-2e91-4bed-9b8e-81aad410f95e,NatWest,"It works well enough, but there's no granularity to notification settings. I'd like to receive payment approval notifications without receiving Natwest's promotional/spam notifications.",3,Neutral,Positive,Neutral,Negative,Neutral
aed01aa9-15e9-4243-b1c3-f56f132d71e1,NatWest,"useless, locks up and dumps my details. It's a total waste of data and storage.",1,Negative,Negative,Negative,Negative,Negative
c5ecb184-2862-4887-8628-d96e7b214721,NatWest,I can't access my rewards I used to be able to click on it then bank them now it won't let me even access them.,1,Negative,Negative,Negative,Negative,Negative
c4802cc6-fa6c-4729-a6ee-01f0875dbd01,NatWest,Great service thank you,5,Positive,Positive,Positive,Positive,Positive
62bb6d75-00d4-4436-a337-47052db319a4,NatWest,"Fine until late last night, my laptop broke for uni and I needed to buy a new one. I added £2k savings from my lloyds savings account as usual to my natwest and they locked my current account until 8am this morning?? no explanation. to get the laptop in time i needed to buy it right then. phoned, explained, asked for them to unlock it as it was urgent. told to wait until tomorrow as the relevant team was closed. had to make a new bank account and borrow £300 from a friend. already switched bank",1,Negative,Positive,Negative,Negative,Negative
65654bcc-9b10-4357-bcac-9e9a106ddf9f,NatWest,"I’ve had a very good experience with NatWest so far. The app is easy to use, payments are fast, and everything feels clear and well organised.",5,Positive,Positive,Positive,Positive,Positive
0ddad5ca-9fe5-4bb9-bba5-4af20cdf4ac0,NatWest,best bank to work with... more than 40 years and never had an issue.,5,Positive,Positive,Positive,Positive,Positive
a9fcb886-e179-4816-8883-f3a56040b566,NatWest,fun,5,Positive,Positive,Positive,Positive,Positive
cbf7da17-565e-4885-8192-4e56900188e5,NatWest,Latest update broke it. It force logs me off when I try to do something,1,Negative,Negative,Negative,Negative,Negative
a37fbb15-9398-4347-b14e-d1f888f5fe22,NatWest,fab Bank and fab app.,5,Positive,Positive,Positive,Positive,Positive
5b121a9a-81ab-4802-8e21-1c68c99923ef,NatWest,the app doesnt open up. error in establishing a connection. no support to assist,2,Negative,Positive,Negative,Negative,Negative
ef58e0c3-c6e2-4981-8db8-49cc2064b2b9,NatWest,really easy app to use.,5,Positive,Positive,Positive,Positive,Positive
17862ca9-02a9-4508-b955-30a3ff4b4ca4,NatWest,all of a sudden none of the links in the app work,1,Negative,Neutral,Negative,Positive,Negative
15740a12-de33-4432-987a-8719e2e002c6,NatWest,excellent,5,Positive,Positive,Positive,Positive,Positive
4b2fbb65-c6c6-4577-a17d-36ebaecceedb,NatWest,"stupid app, no user friendly,",1,Negative,Negative,Negative,Positive,Negative
8565ca9d-b5e6-4e24-be35-319525bc6675,NatWest,Useless- app just spins. I open the App and it just has a circle spinning in the centre of the screen. Why change a perfectly good website for a poorly built App!!,1,Negative,Positive,Negative,Negative,Negative
56b60a5d-34da-4a66-aded-736a9806e4d7,NatWest,keeps declining my payments,3,Neutral,Neutral,Negative,Positive,Negative
76c289f8-f4d5-438a-9907-30c445b1ac33,NatWest,"Love this app, easy to use.",5,Positive,Positive,Positive,Positive,Positive
1b2b79d6-94c7-4131-8e4c-434d1cfffc35,NatWest,App is designed so there is no easy way to close account. Bot chat is a infinite loop of unhelpfulness to support this request also. No ability to communicate with a representative as you are looped back to Bot chat.,1,Negative,Positive,Negative,Negative,Negative
25218f87-6da4-4748-8c31-274f50d3ba32,NatWest,"one off scheduled payments dissappear from the app when you cannot cancel them, fare enough but how the hell are you ment to check if you have actually set the payment up? The app is only as good as the people who write the program, please try harder.",1,Negative,Negative,Negative,Negative,Negative
b1ea065a-cbba-4ed5-ab80-f9f5a9bc19af,NatWest,awesome bank service,5,Positive,Positive,Positive,Positive,Positive
1a652cc5-ac22-4b99-9426-9f1eda19fe60,NatWest,Without doubt the worst banking app I've had to use. Frequently logs me out and I have to start from scratch to set up an account. Can't use in conjunction with a password manager app as can't switch away from the NatWest app. Will be switching to another bank soon.,1,Negative,Positive,Negative,Negative,Negative
785f196d-e319-4959-bda7-386457d21734,NatWest,"I am unable to see my 2nd Natwest mortgage and unable to Add the 2nd details, which is disappointing",1,Negative,Negative,Negative,Negative,Negative
9d8c8ab4-9264-4a8a-98d4-5427b369ae52,NatWest,Easy to use,5,Positive,Positive,Positive,Positive,Positive
80ac59f4-882d-4dec-b175-05aadf3dd003,NatWest,its so easy im disabled,5,Positive,Positive,Neutral,Positive,Positive
80e74d26-9d29-46e8-bd9f-0b80bdd50c43,NatWest,easy to use,5,Positive,Positive,Positive,Positive,Positive
c52ae1fe-e36b-4359-bb05-e57b75509820,NatWest,Too much security face scanning,1,Negative,Positive,Neutral,Positive,Negative
a4d97b41-4264-40f3-9150-1c6635ce0d19,NatWest,Easy to use App.,5,Positive,Positive,Positive,Positive,Positive
3564142b-f492-4797-af8a-d0876700403c,NatWest,clear and easy to use,5,Positive,Positive,Positive,Positive,Positive
f556f269-426d-42c9-ba15-92335a4a7f7d,NatWest,"love the app, its brilliant",5,Positive,Positive,Positive,Positive,Positive
063fedcf-0da3-4f79-9b5d-46b6c7fbc69a,NatWest,is very good and helping me to manage my account.,5,Positive,Positive,Positive,Positive,Positive
9cae5424-57ad-4240-8578-66c20770f0e0,NatWest,not working,1,Negative,Neutral,Neutral,Positive,Negative
8b3b3d65-d7cb-473c-9256-9d0ae4a0e70a,NatWest,"Made an early payment to a company, then they decided to help themselves to the same amount again a few days later 🙃 Panicked, jumped onto the NatWest in-app chat expecting to battle an AI boss level with 100 questions before seeing a human. Plot twist: I didn’t even get that far. By the time I’d gone to make a coffee, the chat closed… stress levels rising again. Reopened it, scrolled up, and some absolute legend of a real human had already seen the issue, fixed it instantly 💪",5,Positive,Negative,Negative,Negative,Negative
9c66b6e9-f87b-46a4-9047-1860925a9311,NatWest,it works!!!!,5,Positive,Neutral,Positive,Positive,Positive
79d69949-bcfb-4265-8ec9-2921c208932e,NatWest,Really happy with bank and the app,5,Positive,Positive,Positive,Positive,Positive
e42a7242-1129-4379-a8c7-3d2ea2596ff1,NatWest,"Great app, very handy...",4,Positive,Positive,Positive,Positive,Positive
e50e0c0b-0f06-4687-b7b4-faf8d8f6fb80,NatWest,biometrics are not working,1,Negative,Neutral,Negative,Negative,Negative
18db2242-8291-4f8e-87ea-192abcf0ce4a,NatWest,app was good at first but now I can not access my rewards which is very frustrating as I can not transfer the money to my account,2,Negative,Negative,Negative,Negative,Negative
17c850b1-005f-4b86-a009-344df274dfab,NatWest,"awful app, used to be great now if you want to do open banking the only way it works is if you delete then reinstall every time you want to access it. absolutely useless app",1,Negative,Negative,Negative,Negative,Negative
123bd971-5a2f-40c5-8a58-af9715966a98,NatWest,my online app rarely has any issues which means smooth run with my account. thanks natwest,5,Positive,Positive,Positive,Positive,Positive
5535d053-fc6c-49d0-907d-73d868cf0486,NatWest,exceptional service,5,Positive,Neutral,Positive,Positive,Positive
08056ed6-8314-4e58-81e5-aad066a6b84c,NatWest,Excellent,5,Positive,Positive,Positive,Positive,Positive
94692839-d5ed-4de8-b037-13890446db37,NatWest,"Very good banking, I highly recommend.",5,Positive,Positive,Positive,Positive,Positive
37610fdf-59b5-47a6-82f5-bbc5f2422a9a,NatWest,do not use this bank and tell all family to leave them as since my father has passed they have been making it so hard to finish this process they make it so hard with no care and common decency they are doing so much making it look like they are trying to keep the money it really dodgy. this is me ranting as I have been dealing with this for 3 and a half years,1,Negative,Negative,Negative,Negative,Negative
45d6f17d-864b-4ecc-a903-28e1154a5235,NatWest,"Constantly crashing. won't open up on first go, says 'error occurred', only on second attempt does it open.",1,Negative,Negative,Negative,Negative,Negative
ea73de37-e71b-478f-8103-604d211433b2,NatWest,"probably the best High Street Bank available with very quick account establishment, very friendly and helpful staff and prime location in Lewisham",5,Positive,Positive,Positive,Positive,Positive
acdfaa38-1e36-4bb6-90a9-31d42693e211,NatWest,it just cuts me off and makes me log in again and again,1,Negative,Negative,Negative,Negative,Negative
f7831f24-4dc2-4e95-8867-6ff5bf0348ca,NatWest,since the last update I cannot access my rewards and exchange the cash into my account,2,Negative,Negative,Negative,Neutral,Negative
b27e9c08-eae4-4a47-95aa-4e74c6c501e1,NatWest,Transactions takes too long to be processed,1,Negative,Neutral,Negative,Positive,Negative
d099eee1-051c-406f-a8aa-94a9e28857cc,NatWest,great app easy to use works most of the time and when down not for long,5,Positive,Positive,Positive,Positive,Positive
3e5cfe1b-2b01-4eac-8774-5b6cd2b657bf,NatWest,The bank is serving a good purpose,5,Positive,Positive,Positive,Positive,Positive
cb794a68-3017-4cf7-96a7-501ed1dbe906,NatWest,best friendly staff .,5,Positive,Positive,Positive,Positive,Positive
08285eaf-9d54-44ef-bb68-d53f9b12c159,NatWest,"Now it is mandatory if you want to simply view your card information to show your face every time. Guess this is part of the Digital ID agenda and banks are involved too. FYI MBNA Bank does not currently do this and they allow you to view details with PIN. If I find any other banks which don't restrict you I will update this. ""iTs fOr sEcUriTy pUrPoSeS""",1,Negative,Positive,Neutral,Negative,Negative
a2e90f4d-185e-43e3-b4f6-53920bb8c6b6,NatWest,easy to do what I need to,5,Positive,Positive,Positive,Positive,Positive
1ba1eed6-e772-4c62-86c1-5f7590a66d8b,NatWest,I would have rated it a bit more but the lack of a delete function for your notifications if they mount up would be nice.,2,Negative,Positive,Neutral,Positive,Neutral
9eefca34-61c2-41b6-8782-5e4ed36eccfb,NatWest,Easy to pay bills from my phone.,5,Positive,Positive,Neutral,Positive,Positive
320ceaaf-0a6c-49bd-9b56-86bd6aeef61c,NatWest,Quick and easy. Just as it should be.,5,Positive,Positive,Positive,Positive,Positive
5a69c141-8415-41fe-b358-1c16c49bb09f,NatWest,easy and comprehensive,5,Positive,Positive,Positive,Positive,Positive
0f3ddb69-d2f5-4fa3-ab85-22fc6830b5ce,NatWest,"never used before not IT savvy but I can get on with this app, still don't trust security though!",5,Positive,Negative,Negative,Positive,Positive
28ac1a05-c23c-49b6-891b-ad38f9896b76,NatWest,app easy to use,5,Positive,Positive,Positive,Positive,Positive
d3d88a5b-aac7-40c2-8ea6-efd178a3bb4b,NatWest,Good but hsbc not available on app to make a bank transfer..,3,Neutral,Positive,Negative,Negative,Positive
f8329dec-112c-4911-aa7f-9ea8190e74ac,NatWest,"Great app, already had an account , so just needed to reactivate",5,Positive,Positive,Positive,Positive,Positive
ab450a67-1b3a-4222-849d-0dcd5613a601,NatWest,Happy with service,5,Positive,Positive,Positive,Positive,Positive
5cf8ffc8-86a7-43a0-bdda-3ef5c5261343,NatWest,"poor app, competitors are much more capable.",1,Negative,Negative,Negative,Negative,Negative
e7be80e7-bff6-4800-9420-f1faba7ba812,NatWest,go away,1,Negative,Neutral,Neutral,Positive,Negative
1d8ca525-dee0-4d4c-a0a4-270ede5aa94d,NatWest,Rubbish it doesn't open and online service doesn't reply. So many times this app is unable to establish a connection unless you are sitting at home next to your router. Easier to open a different account after 35 years.... Transferred my account now.,1,Negative,Positive,Negative,Negative,Negative
e03b9610-cb2c-48f6-a819-28b215213236,NatWest,rubbish,1,Negative,Neutral,Negative,Negative,Negative
1686e144-48f3-4edc-8804-4b60b7f593c5,NatWest,"02.12.24 Changed from 1 to 3 stars, as it seems to have been fixed since my last review. 31.11.24 Installed and set up the app up after transferring from Sainsbury's, app, worked fine for a few weeks, today it won't let me login to view my account. Terrible. Already paid off my balance, will be cancelling my card completely soon. Sainsburys was so much better.",3,Neutral,Neutral,Neutral,Negative,Negative
ea4a2d15-2af9-41a1-bb3d-a956f069f9c1,NatWest,Always helpful staff in my local NatWest.,5,Positive,Positive,Positive,Positive,Positive
3bfe18b9-9f4f-4aa6-bdda-cb9143112297,NatWest,very slow,1,Negative,Neutral,Negative,Negative,Negative
11e6b36e-442a-4f15-9741-05d5108a0b9b,NatWest,update asked for help adding the account back to the app been about 2 months still no sign of it chat gets closed before the issue is resolved now cant sign into the account online and have had to reapply for that. Might as well of given a chimpanzee a machine gun and waited to see what happened. Was good now cant see two of the accounts I had on there. No screen shot to share can see my business account but my personal ones have gone,1,Negative,Positive,Negative,Negative,Negative
c612e3e6-2f69-4b8b-ab4a-b29b4143fc16,NatWest,Duplicate contacts showing in pay your contacts?,3,Neutral,Negative,Neutral,Positive,Neutral
21b77c0c-c7ee-41c4-b924-586e0f75be2b,NatWest,"depositing is easy, withdrawing is a lot more difficult. Interest rates on savings are derisory.",2,Negative,Positive,Negative,Positive,Negative
53003a51-4843-467e-9e25-93bc2759da4b,NatWest,Works well and reliably. Allows me to get done what I want to do. Thanks,5,Positive,Positive,Positive,Positive,Positive
a07ca7cb-bc4a-4913-bf7d-888df6ff17a1,NatWest,brilliant service. thank you nat west,5,Positive,Positive,Positive,Positive,Positive
83a0b5e5-fab4-4529-9c40-22c0fe9c589a,NatWest,Excellent and User Friendly Bank .The best.,5,Positive,Positive,Positive,Positive,Positive
0124cc5f-55e8-4e46-8793-18186d6f514e,NatWest,Natwest are the best bank I have had for a long time as they have not allowed me to get into debt.,5,Positive,Positive,Positive,Positive,Positive
f41a6c09-4d13-4c41-9b29-ade59cd1db33,NatWest,perfection,5,Positive,Positive,Positive,Positive,Positive
795acff3-5ef0-44fd-b036-44b5afca66ee,NatWest,really bad service for anyone living abroad 😕,1,Negative,Negative,Negative,Negative,Negative
15d595e3-8a01-4d2c-9dc6-856efd4361db,NatWest,easy to use,5,Positive,Positive,Positive,Positive,Positive
70f71f56-5857-43db-ab0c-30327aadc53b,NatWest,"Useful App, Easy to make everything you need",5,Positive,Positive,Positive,Positive,Positive
8e7b0cd9-7005-494c-a696-6eea59de97d2,NatWest,Awful,1,Negative,Negative,Negative,Negative,Negative
dee8be3a-1a46-42eb-b8d5-054e5f08cba0,NatWest,useful account with rewards that exceed the small fee,4,Positive,Positive,Neutral,Positive,Positive
c0825b01-958a-45ab-a596-0547a68ceb2d,NatWest,lovely,5,Positive,Positive,Positive,Positive,Positive
716c829b-4a0e-45d7-9eab-c1b98621918b,NatWest,"Enjoyed being with natwest bank for the last decade, thanks....",4,Positive,Positive,Positive,Positive,Positive
847124cd-71b9-4bd3-b07c-1678ece83617,NatWest,doesnt work on android,1,Negative,Neutral,Negative,Negative,Negative
8d277852-dcf4-4a16-9f59-2368fcf0b7b2,NatWest,"The app had been working well, except for a few weeks, and currently, I'm still unable to access it. I'm unable to log in, despite having no internet connectivity issues; the app is up to date (I actually deleted and reinstalled the app this week, yet I'm still experiencing the same issues this morning), and no maintenance is currently ongoing. It is becoming frustrating to use the app now. I need to access my account and hope someone from Natwest will help me resolve this once and for all.",2,Negative,Positive,Negative,Negative,Negative
6702db90-f8e6-474c-a475-6b04139640e3,NatWest,"its a good app, better then natwest.",5,Positive,Positive,Positive,Positive,Positive
d7fe734a-690f-4f4f-b3a5-62fd57c044ab,NatWest,"My account has just been transferred to you from Sainsburys banking..registering supposedly for online banking is easy. so far, I've had to re-order an activation code, used it today and now need mobile number allocated for online banking. ordered a card reader, another 5-7 days wait. tried to do through app but won't do without card reader. Now it wants me to re-register with another activation code which I have to wait another 5 days for! when I do finally access my account I will close it.",2,Negative,Positive,Neutral,Negative,Negative
06318594-5432-428a-8a99-35a9a81cf596,NatWest,"Until recently I was quite happy with this app. I don't know what is going on with the app right now but anything that requires an external link to open just doesn't work. Its becoming a real bug bear. Manage your mortgage, Apply for a Credit Card, Exchange Rewards and every other button like that are about as useful as a chocolate teapot right now.",2,Negative,Positive,Negative,Negative,Negative
38c125e0-facf-4282-b915-1f3c7db6d089,NatWest,easy and secure,5,Positive,Positive,Positive,Positive,Positive
2797e71d-9e7a-48ad-902d-5da089ff59a5,NatWest,awful. I'm just a mortgage customer why do I need 14 different passwords for this? then the app has the cheek to open a web page at the end of all this to display my info!! The Dev Project Manager must have some infatuation with authentication methods because why also do we need to use arguably insecure voice and face data as substitute for fingerprint data,1,Negative,Negative,Negative,Negative,Negative
6c5fc2f4-75b6-46cc-802c-6ee80779ce0c,NatWest,"Both of my cards show a Frozen on the manage my card page , but when you go into the card controls they are all OK. Is this something that can be fixed ??",3,Neutral,Positive,Neutral,Negative,Neutral
a69675ee-fc50-4e19-a4b8-32ab68995641,NatWest,works well,5,Positive,Positive,Positive,Positive,Positive
ecbbe1bb-a5e5-481c-81b9-9593395bb25e,NatWest,"easy to use, safe and fast.",5,Positive,Positive,Positive,Positive,Positive
63dd34d8-ab73-4255-80ec-10be7ff7b563,NatWest,Terrible.,1,Negative,Negative,Negative,Negative,Negative
404630d0-f810-4ae3-a30b-2420b54f8a01,NatWest,awful app,1,Negative,Negative,Negative,Negative,Negative
ed4c8399-826b-4915-8fff-ca30a8412f00,NatWest,awful to use!,1,Negative,Negative,Negative,Negative,Negative
136ea7b5-f37a-4573-95c9-abe70a275164,NatWest,"rubbish bank, always a struggle to login, can't find what I'm looking for what a sad day when I had to leave Sainsbury's",1,Negative,Negative,Negative,Negative,Negative
f2b644ed-0cfa-44b9-be2c-e417a83be0d4,NatWest,"satisfied,ok",4,Positive,Neutral,Positive,Positive,Positive
09b3a130-eefe-4d7c-b587-3416e9a34142,NatWest,My app is slow what I buy today takes 3dsys to show up leaving me confused with what payment is what,2,Negative,Negative,Negative,Negative,Neutral
90299403-42e7-491b-8b06-ed385bf2f8ba,NatWest,Excellent app,5,Positive,Positive,Positive,Positive,Positive
79c1f295-9b70-4b2c-8c48-36f1df1f5256,NatWest,good but it should update annually,5,Positive,Positive,Positive,Negative,Positive
be92d111-f327-40fd-bae1-88fdf58171e6,NatWest,face to face was really helpful today,5,Positive,Positive,Positive,Positive,Positive
ca54188a-492b-40ad-834c-326b309083aa,NatWest,"constantly gets stuck on blank purple screen. Bad enough I kept getting Something Went Wrong last week when I tried to modify the payment amount on a standing order. I don't use X or Facebook to reach out and asking me to use those is very unprofessional in my view (linkedin maybe?) And your own site is just Cara AI bot that only allows me to raise issues ""on your list"". Just fix the bug. It is still happening and I don't want to restart my device.",2,Negative,Negative,Negative,Negative,Negative
fdcbb4d2-d22d-4076-bd67-eb1d42c59baf,NatWest,"This is really terrible. Signing in, every time you leave the app, they reset the process. If you're using a password manager you have zero chance. Also, why custom keyboard? No other apps do that.",1,Negative,Negative,Negative,Negative,Negative
c646df53-af51-41d8-9e7e-a09cd549e521,NatWest,"Shame they closed the branch. Jobs lost, etc. Online not a bad service. Will persevere.",4,Positive,Negative,Negative,Negative,Positive
65eb02dc-f416-4879-804c-2381f5fc9af6,NatWest,I find the app very easy and clear to use,5,Positive,Positive,Positive,Positive,Positive
cbde4367-9993-423f-9159-f95d2d009af3,NatWest,helpful,1,Negative,Positive,Positive,Positive,Positive
dfdb993f-eaf0-45df-a9e9-8d54c35b3bec,NatWest,"need to add my wife to a current account and impossible with nat west they make everything so difficult, even been into the local branch and they cannot help",1,Negative,Negative,Negative,Negative,Negative
04d25b58-9a58-4823-bd10-2ce7b5310cde,NatWest,Travel Moneyl link failed to connect??,3,Neutral,Negative,Negative,Positive,Neutral
5d3047a3-c6d8-429e-8e49-066af7032778,NatWest,fastservice,5,Positive,Neutral,Neutral,Positive,Positive
4bc52447-4723-42b3-92db-f5235379390d,NatWest,Cannot get rid of old notifications. No delete option. I have a long list of passcode notifictaions I want to delete. 6 months later and still the same.,1,Negative,Negative,Negative,Negative,Negative
c9d3c717-363a-4cff-b5a5-c54558c24847,NatWest,"When are banks going to learn that obfuscation and difficult to use is not the same as security. No passcode support. A required pin. In app keyboards, which do not integrate with password managers. No password autofill. You should be encouraging the use of good security practice, including password managers, passkeys, etc... not going to great lengths to make them hard to use.",2,Negative,Positive,Negative,Negative,Negative
d7a83b85-c162-447d-9007-4d453991fc86,NatWest,too long vérification,4,Positive,Neutral,Neutral,Positive,Negative
9b1bbfed-01e6-4a2b-acae-95b531edece9,NatWest,"Best bank, any problem just contact them and they do their best to help. so helpful and friendly.",5,Positive,Positive,Positive,Positive,Positive
a710a910-42e2-47d7-b9aa-26d199487403,NatWest,easy to use,5,Positive,Positive,Positive,Positive,Positive
3ee29c53-d399-42c2-a547-952e6e1bb75b,NatWest,great app and faster ALLthe time,3,Neutral,Positive,Positive,Positive,Positive
55bd27d3-d590-4fe8-b62e-f5c0e200f024,NatWest,It easy ro use your account,4,Positive,Positive,Neutral,Positive,Positive
66113b9e-ab2c-44b1-a816-8ea009a0de9a,NatWest,"Natwest are a really great bank. They listen, they talk they understand my concerns.",5,Positive,Positive,Positive,Positive,Positive
043ba6d8-bc73-4616-bf24-33354a06f0f6,NatWest,Very friendly staff always willing to help if one gets stuck.,5,Positive,Positive,Positive,Positive,Positive
e19f07b9-1f9f-48cb-b898-1acbfbb1e724,NatWest,DONT SUPPORT THIS BANK! they're tracking your carbon footprint on what you spend your money on. you're the carbon they want to remove. edit: response - but when did I opt in to your nonsense carbon tracking???,1,Negative,Negative,Negative,Positive,Negative
4fcf0379-d588-444f-8c61-fb38ffdd7d1f,NatWest,stupidest login system I have ever used. can't exit the app and go back in without having to restart the entire login process again. so much can go wrong that I end up getting blocked out every single time and have to go to the bank to unlock my account. funny how this isn't an issue with any other bank I use. UX is trash and so is this app and so is your bank.,1,Negative,Negative,Negative,Negative,Negative
a600e226-73cd-46d9-84ab-3caec735de82,NatWest,have tried and failed with this app. 3 times I have tried with my details. was a Sainsbury's credit card customer and been moved to natwest. will be having to make a trip to a branch to close account. rubbish app.,1,Negative,Negative,Negative,Negative,Negative
684523b9-e005-433e-a750-c460fbd249f4,NatWest,very good and useful app,5,Positive,Positive,Positive,Positive,Positive
f84b5e02-2f53-4435-bfbe-08eb64104bd2,NatWest,Cannot enter customer number due to keyboard being locked to numeric only,1,Negative,Negative,Negative,Negative,Negative
cde2672e-a03c-414f-8649-58314a9fa334,NatWest,best bank ever! can I have some more money,5,Positive,Positive,Positive,Positive,Positive
bf1c721d-6474-4adb-b6a4-8f9a16287410,NatWest,Easy to navigate,5,Positive,Positive,Positive,Positive,Positive
c00677dd-8e25-42e5-9f6e-3c3aa28611aa,NatWest,"been with natwest many years, very satisfied with my experience,staff always helpful.",5,Positive,Positive,Positive,Positive,Positive
578f8aa4-cab4-4bcf-aae0-7b50c62b1195,NatWest,Natwest is a very good company to be with and very helpful,5,Positive,Positive,Positive,Positive,Positive
2f5ffe8c-08f6-4304-be82-67e12ca67af6,NatWest,Best bank provider in my opinion! Easy to use and app always works perfect for me.,5,Positive,Positive,Positive,Positive,Positive
2a9370d6-5d99-4e05-9b01-3db75fa717cf,NatWest,"great app, easy to use 👍",5,Positive,Positive,Positive,Positive,Positive
9af08bed-d365-4b77-81fc-7f9960ed0968,NatWest,I did not opt for carbon footprint!! I will give less then one star for abusing people trust,1,Negative,Positive,Negative,Positive,Negative
6fd73132-746d-432c-8ec4-dd8ad44a7f85,NatWest,Nat West App is brilliant it's easy to use & very useful features like freezing your card etc,5,Positive,Positive,Positive,Positive,Positive
08ef07ec-3b79-46db-a4b0-7de0a50658b1,NatWest,perfect 👌 bank,5,Positive,Positive,Positive,Positive,Positive
3702b8ce-250d-4d15-8db6-2c9cf5638792,NatWest,took 14hrs to come back to me on my serious enquiry then my direct debit they set up didn't go through. This is the hardest banking website I have ever used.,2,Negative,Negative,Negative,Negative,Negative
246f4046-c686-4d37-b015-0359250641cc,NatWest,"was working fine but after updating biometrics policy I can't log in keep loading.thanks for the response, I did reinstall app the problem is when I turn on biometrics to log in it keeps trying never let me.",1,Negative,Negative,Negative,Negative,Neutral
70eceffb-63b4-4d58-9d72-9ee3fa9bfea3,NatWest,"excellent, easy to use",5,Positive,Positive,Positive,Positive,Positive
1dc968a3-fdc5-41b4-ae75-82c770b90f82,NatWest,"not working right,trying to set up biometrics,says error occured",2,Negative,Negative,Negative,Negative,Negative
66f17702-b2b2-4bd4-90ab-61ad04498928,NatWest,It works.,5,Positive,Neutral,Positive,Positive,Positive
9aa78e93-1aca-47f1-97d1-f1564b121ec6,NatWest,stuck in a cycle of asking for the latest version even though I have the latest version downloaded and installed.,1,Negative,Negative,Negative,Negative,Negative
89fd3557-73b3-48e4-9c92-1cfb4afa1685,NatWest,Cannot switch between the app and my password app to login. Switching apps forces Natwest app back to start. I can memorise some numbers like Natwest ID but knowing what is at random positions in my long password is impossible. Update: so secure is Natwest that I cannot log in easily. So I uninstall the app. Other banking apps do enable logging in from mobile easily.,1,Negative,Positive,Negative,Negative,Negative
1d3bdc19-51ef-4da8-b16b-5c4aa8aee7a3,NatWest,I just want to log into manage my mortgage I don't want online banking with NAT west I don't want to open an bank account with NAT west I just want access to my mortgage,1,Negative,Positive,Neutral,Negative,Negative
606bd579-0032-47d1-9c1d-fa1a9502f52f,NatWest,garbage app,1,Negative,Neutral,Negative,Negative,Negative
33198eef-5f02-4143-85c2-bbe92561d054,NatWest,manage does not work off line,1,Negative,Neutral,Negative,Positive,Negative
d245ddb5-0aaf-44e5-87d6-a19cd8143d43,NatWest,user friendly app.,5,Positive,Positive,Positive,Positive,Positive
a0dd0585-0f18-41c1-b0dc-88352a4ae467,NatWest,perfect professionally,5,Positive,Positive,Positive,Positive,Positive
87d16af0-16dd-4303-8c11-72cddfc6eeef,NatWest,I was totally lost.nothing seemed to work as expected. Not at all a smooth transition.,1,Negative,Neutral,Negative,Positive,Negative
9cd7bd4e-4622-4224-8a28-d7588c500f95,NatWest,Great app to manage your finances,5,Positive,Positive,Positive,Positive,Positive
52b98cdd-ce8a-413a-9258-c74b4bb9b773,NatWest,"Learning how to navigate unfamiliar website, all ok so far.",4,Positive,Positive,Positive,Positive,Positive
1a4acb48-ab29-4886-82d2-aee443860450,NatWest,Transferred from the now discontinued Sainsbury's Banking app. This app seems fine but a little clunky. Not as streamlined a process for paying off credit card.,4,Positive,Positive,Negative,Neutral,Neutral
d714f06b-892b-43ae-9467-f3406edc3b05,NatWest,it is quite difficult to navigate and be told you can't do things because you are a new customer,3,Neutral,Negative,Negative,Neutral,Negative
5c0d70be-06d8-42dc-861d-8872edf5316f,NatWest,I love this App. It is amazing indeed.,5,Positive,Positive,Positive,Positive,Positive
bf452414-020f-4bba-ae33-48ed1fd4a2a6,NatWest,"Incredibly user unfriendly - choose a password, up to 20 characters, but no special characters or symbols? Why not? Then don't you dare try to use a randomly generated one in a password manager, because it doesn't want the whole thing, just digits x, y and x - and it you try to flip between apps to check what they are, it kicks you back to the start. Then, pick an 8 digit passcode? What does this add that a genuinely secure password wouldn't, and again, why can't I flip to a password manager?!",1,Negative,Positive,Negative,Negative,Negative
3f2683d8-3935-44ac-a901-06099999d882,NatWest,Well laid out and does all that I need.😎👍,5,Positive,Positive,Positive,Positive,Positive
61167a5f-d9df-4260-b03f-181aa5152d8d,NatWest,April 2024. You have updated your app but increased memory of new app which is proving impossible to download without deleting other apps. Update 22/10/2025. You have gone and done it again. Well Done. I can no longer use the banking app. Your development team didn't listen as you suggested. Poor Customer Service. Inadequate QA before implementation.,1,Negative,Negative,Negative,Negative,Negative
9056c3fb-30d6-4da4-9800-85c2e7b9d37c,NatWest,"Got to be kidding ,tracking of carbon credits for purchases ! Its subjective! Looking at other banks now.",1,Negative,Positive,Negative,Negative,Negative
4069c732-2a3e-408c-824d-d031a08b9a0c,NatWest,"The biometrics check autorotates your screen to portrait. Your screen rotating logs you out of the app. If you've just filled in a lengthy new payee form in landscape and the app decides it wants biometrics out of you, the app rotates, logs you out, and you lose 10 minutes of tedious form-filling in.",1,Negative,Negative,Neutral,Negative,Negative
eb62cf2c-cc34-4b3a-b717-e26ac9d5918a,NatWest,been with them forever. excellent service.,5,Positive,Positive,Positive,Positive,Positive
54eee7e4-1afa-4470-a3ef-cca77bdf0ddc,NatWest,"Started putting ""carbon footprint"" BS on the app. We all know they're going to try and control the population blaming carbon usage.",1,Negative,Negative,Negative,Positive,Negative
90850ed7-4f0b-449e-bffd-4c5edc13a752,NatWest,My favourite as it stand,5,Positive,Neutral,Positive,Positive,Positive
de3dde77-7daa-4f64-9a93-0e91d61a264f,NatWest,tracking carbon footprint is not my banks job and about,1,Negative,Neutral,Negative,Positive,Negative
1561950d-820e-49e9-98c2-a44ecdb13f21,NatWest,Always very good.,5,Positive,Positive,Positive,Positive,Positive
613333eb-166a-4fce-a14d-b8145ad9f8e5,NatWest,Not possible to get account details,1,Negative,Neutral,Negative,Positive,Negative
2c034f0c-b65f-4482-8478-9612994062d0,NatWest,"App can't be opened. When I try and open the app it tells me the version is not supported and to update it. however, when I go to the play store it doesn't show any update, so I must have the latest version. 🤷",1,Negative,Positive,Negative,Negative,Negative
47e5ca5d-736a-43ba-b200-34419147350a,NatWest,"easy to use, great security options.",4,Positive,Positive,Positive,Positive,Positive
d83eb9aa-6d55-434d-a4d7-2631065dacdf,NatWest,very difficult to log in or reset details,1,Negative,Negative,Negative,Negative,Negative
f3610727-c329-4f63-b337-c7f6d0ececc4,NatWest,easy to use,5,Positive,Positive,Positive,Positive,Positive
b6faaaf3-78fc-4bad-9e64-ce430b6baca6,NatWest,Great app not stopped working in a whole month,3,Neutral,Positive,Positive,Negative,Positive
ee5f8060-b350-47cb-a4ec-14509414cc88,NatWest,I am not getting my request sorted. I do need help with it. I had your AI but it was not sorted. I still need to link my Resolut to my Nat West and send £10 to the Resolut account. can you help me. can I add the account number here. please answer. If it works then I will be happy,5,Positive,Positive,Negative,Negative,Positive
cfddea86-f7e6-48aa-811f-73358bfafe3b,NatWest,not the easiest to b navigate just want tonmake a payment on my credit card but had time set up a direct debit as wouldn't just take a card payment and cora was useless as she just didn't answer my questions just spun in a circle,2,Negative,Negative,Negative,Negative,Negative
21cc1426-5d62-45af-bf2b-0b24fb0dfc2b,NatWest,Good service,5,Positive,Positive,Positive,Positive,Positive
6da16af5-6fdc-4de2-a9c7-b25c007a40e7,NatWest,"terrible, it takes so many passwords and pin numbers to log on it's a joke. ditch Natwest and try Monzo, it's a breeze in comparison. ps 1 star is too many for this rubbish.",1,Negative,Negative,Negative,Negative,Negative
b4ad0332-171a-4a86-ba00-77ebb3746534,NatWest,Natwest made having to manage my fathers accounts a fairly painless process.,5,Positive,Positive,Positive,Positive,Positive
9d50c251-9118-4183-9923-b94862fefe84,NatWest,"Always easy to use, never any issues",5,Positive,Positive,Positive,Positive,Positive
0d19caaa-437f-4704-9322-2cceb90a24f3,NatWest,fantastic bank,5,Positive,Positive,Positive,Positive,Positive
126c3439-dedc-4119-88da-43a56ef38597,NatWest,"Unable to even get started, only wanted the app because sainsbury's have passed their services over to this bank!",1,Negative,Neutral,Negative,Negative,Negative
26e206fb-42f8-49a0-97f3-f321179ace25,NatWest,Very diligent and active.,5,Positive,Positive,Positive,Positive,Positive
98710663-83f3-49ce-b6a1-f11519cf744f,NatWest,"terrible is not enough. Had to transfer from Sainsbury card app which was a great, straightforward app to use to this pathetic, over complicated app. Does not have all other banks listed to make payments with debit cards or direct debits. I can't make a payment from my bank so now I've got to wait to contact them via other methods. Will clear my balance and happily delete this joke of a 'modern' banking experience. yeah right.",1,Negative,Positive,Negative,Negative,Negative
44667fef-f29c-40f1-93c1-e779b3e360ae,NatWest,I dont want biometric security extra steps. if I want natwest to open without even a password i should have that option. someone can see my PIN code with just my fingerprint but I cant even see my own card details without setting up extra biometric security and all this fluff. wow. And their response is explaining to what biometrics is. 😂 dude just learnt the word yesterday or something? you think I dont know what im saying? say YOU dont know what im saying instead of insulting my intelligence,2,Negative,Positive,Negative,Negative,Negative
05ede953-e4be-4a6b-89f5-1bc3ef9bee1b,NatWest,life saver!!!! best ever....,5,Positive,Positive,Positive,Positive,Positive
1cb96889-68f9-4aff-afb6-69769b4f6c35,NatWest,"Because the sign in procedure reverts back to the start when you look for your security details in a digital locker, it paradoxically encourages you to write your security details down on paper, exposing more of a security issue! Bizarre. (And the developers response is AI generated sterile uselessness).",2,Negative,Positive,Negative,Negative,Negative
9990897b-9005-4672-9db1-be6fb6e32ed1,NatWest,can't perform simple transactions!,1,Negative,Neutral,Negative,Positive,Negative
eac446fc-2897-4b39-a47f-9682fc49788c,NatWest,it's a very good site,5,Positive,Positive,Positive,Positive,Positive
b81dc971-d62e-47d5-834c-a11d095256c3,NatWest,Hassle free,5,Positive,Positive,Neutral,Positive,Positive
95a678a9-2b29-4099-aaca-4a54d4c06cfe,NatWest,Brilliant app. Very user friendly and covers all bases.,5,Positive,Positive,Positive,Positive,Positive
189400ac-bad6-443b-b1b8-46eab08c3d19,NatWest,fast good quality service,5,Positive,Positive,Positive,Positive,Positive
0071eb23-f088-47db-bc04-6cd5e5dbf228,NatWest,Fingerprint works but face recognition doesn't work on android phone. Can you please explain how to activate face recognition. My phone is Samsung galaxy Note 10+ 5G & Android 12.,5,Positive,Positive,Neutral,Negative,Neutral
c7586756-9b05-430f-92bf-4a2805ec786a,NatWest,Fantastic app and bank 👍,5,Positive,Positive,Positive,Positive,Positive
f557167a-4761-4664-9fda-07327821d4b4,NatWest,The app doesn't work properly on my phone. I am unable to input my pin or password. I will not be using the account anymore.,1,Negative,Neutral,Negative,Negative,Negative
291c0218-1a20-4569-9932-a005c1dd63d1,NatWest,Poor it required 14 14-digit password and then asked for a 15-digit 15. the instructions are not clear and confusing as well as useless. z,1,Negative,Negative,Negative,Negative,Negative
68e1c668-3bb4-411a-ae76-cd3cd80182d0,NatWest,not as easy or user-friendly as other banking apps,1,Negative,Negative,Negative,Positive,Neutral
a8bfe20c-91af-441b-938e-c4148283dc8f,NatWest,Just moved to this app from Sainsburys Bank. Not as user friendly. Difficult to Navigate. Can find statement summary.,3,Neutral,Negative,Negative,Negative,Negative
304febad-ddbc-4646-8618-2e4a0a2a4f59,NatWest,won't let me add my account without adding biometrics.,1,Negative,Neutral,Negative,Positive,Negative
8016319d-c95f-44d4-b34a-3b30aa0a5074,NatWest,smooth app performance compared to others.,5,Positive,Neutral,Positive,Positive,Positive
2ef267de-08c7-4dba-9c54-9205e22ada3b,NatWest,The app works great for me.,5,Positive,Positive,Positive,Positive,Positive
cdb60628-544f-4705-858a-827690e232ae,NatWest,to slow,2,Negative,Neutral,Neutral,Negative,Negative
7e8309f0-16c4-4a04-8786-7c28b006345a,NatWest,can not make payment threw the app,1,Negative,Neutral,Neutral,Positive,Negative
5e2757eb-494e-4f2e-a5f8-aa6cd4769ebf,NatWest,exceptional service.,5,Positive,Neutral,Positive,Positive,Positive
3f9f51f7-8bb6-4dec-b73e-bef5ed8d897e,NatWest,not as user friendly as the Sainsburys app,3,Neutral,Negative,Negative,Positive,Neutral
15a7197f-ee68-4eff-91b1-4aae2298fe20,NatWest,so far so 👍,5,Positive,Neutral,Positive,Positive,Positive
9e100720-0dfa-483e-b067-ed9dd5fbd63d,NatWest,unable to pay by bank card since transfer from Sainsbury's,1,Negative,Negative,Negative,Negative,Negative
f0c225b7-56f2-47d6-9a8d-bd184b6b1cc2,NatWest,"Security is quite extreme. There are too many rules for password, then code, then passcode 8-10 digits. So the only way to keep all that is saving all that information somewhere else. That defeats all the purpose of security. And if you forget something and your screen goes off, you have to restart the whole progress. TOO MUCH IS NOT BETTER.",2,Negative,Positive,Negative,Negative,Negative
ad38e66a-3385-4f70-96ce-389271d63045,NatWest,credit card statement doesn't show gives error something went wrong,3,Neutral,Positive,Negative,Negative,Negative
54075a54-37c4-4aba-93ae-ccc8a5ee4aee,NatWest,The customer service was excellent,5,Positive,Positive,Positive,Positive,Positive
ca379728-22e0-40ab-b072-7e406648a496,NatWest,absolutely agree with the other review about account setup. on android it is horrendous. trying to fill out the details is like sticking a needle in your eye. I've given up.,1,Negative,Positive,Negative,Negative,Negative
3ca6be07-3194-421c-8143-4e376c776ee3,NatWest,Great app but could do with tablet optimisation,4,Positive,Positive,Positive,Positive,Positive
1ae9b9be-779e-480e-8dcc-5c5c510d5801,NatWest,rubbish not easy to use like Sainsbury's banking app. will be changing my cc,1,Negative,Neutral,Negative,Positive,Negative
0d486952-af71-4c3a-8afe-1fb7db9efe1b,NatWest,Very difficult to register and log-in. Other banking issues are so much simpler to use. Natwest really need to sort this out!!,1,Negative,Negative,Negative,Negative,Negative
91e53a6a-da5e-4010-8aa8-6875b6b742c4,NatWest,So easy to use and understand,5,Positive,Positive,Positive,Positive,Positive
f86cf720-e143-4c7b-af86-07504c55adf3,NatWest,"Pretty good: does everything you need, doesn't try to force marketing down your throat, reliable, nice set of features. 4 stars instead of 5 because it takes *far* too many steps to perform commonly used operations. Some prioritisation, or perhaps ability to customise, would be welcome.",4,Positive,Positive,Positive,Positive,Positive
9080f718-7f19-4ccb-9848-30826f4e34cc,NatWest,easy peasy to use. very good generally,5,Positive,Positive,Positive,Positive,Positive
bfcece4f-bd61-47e9-a8ca-479f356f439d,NatWest,"I have to write down my password to remember character numbers. therefore I will not be using this if I am out of the house as it's not safe. also when typing the characters in it kept changing the keyboard back to capital letters ready for the next character, which meant I make mistakes and there is no option to show what you have typed. too difficult. Must have been developed by 20 year old digital natives. Test the app with some 60 plus people and you will improve it.",2,Negative,Negative,Negative,Negative,Negative
0e35d58b-a48d-41d7-aaa2-a25be1e39534,NatWest,Brilliant app,5,Positive,Positive,Positive,Positive,Positive
22fcbfe6-3113-4deb-ae4a-fd535ed21078,NatWest,the app is just loading I cannot enter even see the log in screen even after update,1,Negative,Neutral,Negative,Neutral,Negative
6fd940c0-2903-48cf-ad79-bb4e36192dbe,NatWest,"been with this bank for years, and it has always been helpful and approachable. Plus there is still an open branch near where I live ( very important!)",5,Positive,Positive,Positive,Positive,Positive
ae5aecf2-d273-4432-a2cd-5b7ddc9561d0,NatWest,just really easy to use and everything is in one place,5,Positive,Positive,Positive,Positive,Positive
73b1fbed-c07a-4347-aef3-095e7fb4b1e6,NatWest,easy to use,5,Positive,Positive,Positive,Positive,Positive
bc81ff93-c611-4b4c-a861-aa516902dd63,NatWest,brilliant,5,Positive,Positive,Positive,Positive,Positive
e2dc0e9c-0b5a-4e02-8e12-580fcdb2e7ac,NatWest,"Absolute pain to log in to this app - as others have mentioned, switching away to get details from another location resets the login process. In response to the reply: I've not come across any other banking or finance app that has this problem.",2,Negative,Negative,Negative,Negative,Negative
1e4e03e8-ff2a-4c47-9a65-6f1fdf42948b,NatWest,"It locked me out with no password reset option, not because i forgot password but because the ""Put me in the frame"" didn't recognise my face and locked me out. Ridiculous",2,Negative,Negative,Negative,Negative,Negative
2fd63358-4103-48d9-a780-102526da9894,NatWest,has stopped updating my balance 😕,1,Negative,Negative,Negative,Negative,Negative
033fca22-8de4-4872-bf4c-230fc54fe8be,NatWest,Terrible app. Nothing is made to be easy to see or do. Please take a page from Monzos book. Absolutely shocking for 2025. Cannot wait to leave NatWest.,1,Negative,Negative,Negative,Negative,Negative
b34e4f1f-ecd4-4880-b81e-2d5e5763e601,NatWest,At long last the App is fit for purpose. Took a year of hung up phone calls and negative feedback on the App; but now all changed again it is the worst App ever. Now my App will not open have raised another complaint and that will several days. I have even been told to use my online backing service that Nat West.told us all not to use it! And it's shows that they haven't a clue as to log in to your online account you have to verify ones self using there banking App that is not working! !,1,Negative,Negative,Negative,Negative,Negative
3b651b3a-6e4b-495a-979d-bcf43e68d082,NatWest,"It's awful logging in, logs you out after you press backspace. When I'm in settings and want to go back to the home page, why does it log me out. I can honestly give someone my log in details stress free and they wouldn't be able to take the money out because it also kicks you off the app for trying to verify a new payee. This confounds me.",1,Negative,Positive,Negative,Negative,Negative
f594c339-06d4-4dc0-9813-3ab3d2c91cdd,NatWest,The best 👌,5,Positive,Positive,Positive,Positive,Positive
218e493e-a432-46a7-8534-6c3e8fcdd58a,NatWest,excellent app. never failed yet after 3 years,5,Positive,Positive,Positive,Positive,Positive
ec19cfec-94fd-49f3-b587-d510c1350c68,NatWest,"This app is very poor. It is very hard to find and share your cart details and bank details. The online assistants do no work, changing standing orders not working, no phone number to help centre, there is more of it. I'm mowing to another bank.",1,Negative,Negative,Negative,Negative,Negative
f5cb686a-9d01-4a37-abd4-7e9fe48e7639,NatWest,Works very well.,5,Positive,Positive,Positive,Positive,Positive
95c51a1c-a66c-4a58-a40e-de98477ba677,NatWest,I have been with Natwest for over 50yrs. I have always found them a good bank.,5,Positive,Positive,Positive,Positive,Positive
81cc9efa-32ae-42f0-9f00-78a27ff62fcc,NatWest,straightforward to use,4,Positive,Neutral,Neutral,Positive,Positive
f08e399d-c2df-4526-8a89-64191783f4e9,NatWest,very helpful,5,Positive,Positive,Positive,Positive,Positive
a8337256-890d-458a-a386-ed93f9c4f517,NatWest,A good easy to use service which is used friendly.,5,Positive,Positive,Positive,Positive,Positive
363bacf3-11be-4f1f-a0ae-291aebeda27d,NatWest,stop pestering me Google!,1,Negative,Negative,Negative,Positive,Negative
565f2539-1e49-4b19-9f2d-2600a65d61b0,NatWest,They have re-invented the authentication process making it unnecessarily painful. Passwords and 2FA was just not enough. I haven't used the app yet and I already hate it.,1,Negative,Negative,Negative,Negative,Negative
081819fa-3de1-427d-bb5a-44886984af0f,NatWest,NatWest r the best 2 bank with,5,Positive,Positive,Positive,Positive,Positive
ce6b95a5-1184-4eb4-a016-861a07026885,NatWest,quick and easy to use,5,Positive,Positive,Positive,Positive,Positive
a18d047e-f014-4285-b730-98d437770d0e,NatWest,very easy to use,5,Positive,Positive,Positive,Positive,Positive
ad608f65-c0ae-46c7-be56-1be78e9c32e0,NatWest,it's okay but could be a lot better. Suggestions are to make better choices on the widgets available - strange that insights are there but quickly seeing your transactions is not. And being able to search for more than 1 year of transactions at a time would be easy to do too.,3,Neutral,Positive,Neutral,Positive,Neutral
4dfdcf57-1dd2-43fd-a739-69a6b85b8874,NatWest,"app not supporting android 15. I used to transfer money through the app but now I can't do it with my phone pixel pro 9 fold anymore, it keeps on logging me out whenever I try any transfer or making a payment.",2,Negative,Negative,Negative,Neutral,Negative
dde9b95f-cd8f-4716-b989-7ac3b7807ca7,NatWest,"So much use of face recognition that I eventually removed biometrics. Face is OK for big stuff like add new payee, make unusually large payment, register new device but fingerprint should be sufficient for most things. Now it says cant do that without biometrics. Getting so sick of the app I'm thinking of moving banks. I have edited out all my other complaints because Natwest chooses to reply to them and ignore the main one.",2,Negative,Negative,Negative,Negative,Negative
45a630c6-7a06-49ae-84b0-adf0eec7e42c,NatWest,Dreadful service. They need to pick up the phone and stop closing branches.,1,Negative,Negative,Negative,Negative,Negative
132f6524-1afd-4c71-ba36-ed2589c4de75,NatWest,easy to use and navigate around,5,Positive,Positive,Positive,Positive,Positive
226c8250-a0af-40b5-9c2e-4e7b29ccb0dd,NatWest,Hideous credit card app and even worse automated customer service. Painful.,1,Negative,Negative,Negative,Negative,Negative
a2652429-40c2-4e6c-8f81-570fb5aaf7b7,NatWest,excellent app.,5,Positive,Positive,Positive,Positive,Positive
8fd87920-2282-4ae3-9201-8b0a0f62326b,NatWest,NatWest is the best bank in the world.,5,Positive,Positive,Positive,Positive,Positive
225d52d7-05d1-4912-8002-886f80115295,NatWest,the app says need update but no update only open and then back to the circle of update no update open,1,Negative,Negative,Negative,Negative,Negative
33c009fc-2dcc-48ad-981f-931c3a50b008,NatWest,easycto use and seems secure.,4,Positive,Positive,Positive,Positive,Positive
e72ff783-f4c2-45b1-ae60-1d4a04485cc2,NatWest,open a branch or two 🤔,5,Positive,Neutral,Neutral,Negative,Positive
42a2e052-e607-4640-981e-9b6c35f77f53,NatWest,I think this invades your privacy,1,Negative,Neutral,Negative,Positive,Negative
d151d682-21a4-4fc2-940b-5ec0d5401a58,NatWest,dear team I am trying to log in into the app but when I open the app it asks me to update it. I have updated the app but still it's showing me to update. I cannot login into the account. can someone please help.,5,Positive,Positive,Negative,Negative,Negative
dadbb76d-23b4-4f86-8f98-9ac91a5bd299,NatWest,"Cannot do anything other than view accounts and transfer- Cannot set up standing orders, tried to transfer money back from my travel account won't do it, any other banking needs do not work and I have no local branch. CORA assist is next to useless and just gives out generic advise about failed transactions regardless of your question Not sure I want my money in a bank that does not have functional access for its customers",1,Negative,Negative,Negative,Negative,Negative
b2b8ca3d-77e9-4e7f-9fa8-f9e563382c8e,NatWest,excellent service,4,Positive,Positive,Positive,Positive,Positive
fc0af301-515f-4fd9-91db-533f5048a22e,NatWest,Help was excellent.,5,Positive,Positive,Positive,Positive,Positive
5e3506af-0134-42f9-9ccd-2fda451f84c2,NatWest,keeps crashing,2,Negative,Neutral,Negative,Negative,Negative
4465ce7a-d30f-4fa1-aad8-9ca2b1fffe86,NatWest,"Ok app for basics. Tends to be a bit glitchy after have reviewed acc transactions, or made a payment - sometimes unable to do any other actions, without having to log out, and log back in.",3,Neutral,Positive,Negative,Negative,Neutral
5f82f95b-73f2-4cb6-9531-6adceae130f1,NatWest,"Everything about setting up an account online and then in the app, is absolutely terrible. When I started thw setup online, I left to get information, when I came back, I needed to start all over again, this happened 4 times, the password has to be only letters and numbers. When I got my customer number, I logged in to the app, it won't let me paste the information in or one time code, I had to start all over again if I came out of the app, at the end it could not show my account information.",1,Negative,Negative,Negative,Negative,Negative
1c5319a9-d7f0-4270-9f6a-30f64c11b480,NatWest,simple straightforward process.,5,Positive,Neutral,Positive,Positive,Positive
f4c2eec4-971b-4b10-b569-a5d3817311a4,NatWest,letters on keyboard not working when trying to register on phone,5,Positive,Neutral,Neutral,Negative,Negative
44ed348d-4f38-4495-ae18-60261d1d7476,NatWest,won't update,1,Negative,Neutral,Negative,Negative,Negative
af7e7f66-15aa-41e2-8d57-1c1168bc4892,NatWest,"An excellent app, meets all my personal banking needs.",5,Positive,Positive,Positive,Positive,Positive
768f7520-df3c-4b20-a987-252ce99b9ab6,NatWest,says I need to have the most up to date version to change bank account even when I have. impossible to do the switch online even though they wouldn't help me in branch. thinking of moving banks,1,Negative,Negative,Negative,Negative,Negative
a84874cf-1445-4e20-a590-b525c5aa9c20,NatWest,install to view the pin as I couldn't remember. but it's not showing now has to waite for the post.,3,Neutral,Neutral,Negative,Negative,Negative
6971f032-3fe6-4dd8-aeae-4156fa6ce5cc,NatWest,Transactions seem to take a while to show and no refresh drag down option.,4,Positive,Negative,Negative,Negative,Neutral
43df5d88-476e-4d57-81a1-036d0a4efcdf,NatWest,Great app. Showing me all my spendings in very clear way . Very easy to understand and doing transfers.,5,Positive,Positive,Positive,Positive,Positive
8c93cb34-a8a3-4058-a14a-e242a1526923,NatWest,rubbish,1,Negative,Neutral,Negative,Negative,Negative
cfa98947-a3a6-4802-9cda-53bdd6645f1b,NatWest,Great service and great company,5,Positive,Positive,Positive,Positive,Positive
e8383ed3-98c3-457d-b06a-9d71ec4219a7,NatWest,easy to use,5,Positive,Positive,Positive,Positive,Positive
c89c9dcd-132d-4ecf-8144-73940970d36d,NatWest,Simply - I love this app🙏 easy to use and I am proud to have NatWest 👈,5,Positive,Positive,Positive,Positive,Positive
0140248c-1c99-4dba-a566-d64e4fb19e33,NatWest,"Truly helpful Bamk ,whether it is online or in person in branch.",5,Positive,Positive,Positive,Positive,Positive
29490d8d-6f0b-4a4e-8617-56b87b915e0f,NatWest,new phone. app won't allow activation code phoned nat west and my server still no luck . I need my app working b4 I cancel both get rid sky and nat west any help would be great thank you,1,Negative,Positive,Negative,Positive,Negative
17323509-c271-45e8-bcb2-9bb2d593de2c,NatWest,"The cheque payment function doesn't work for me. I can take two photos of the front and back of the cheque but immediately after returning to the (I imagine) confirmation page it drops me out of the app ( i.e. logged out, please login. ) Tried several times, restarted etc. - still the same. Please pass this issue to your app support team. The app in general is very good hence 4 stars.",4,Positive,Positive,Negative,Negative,Negative
e17b5117-1257-4ec4-8e48-ad28ad6cd31e,NatWest,no on line viewing of my account for months now.,1,Negative,Negative,Negative,Positive,Negative
1a8caf70-d0ad-438b-bd61-dba628b260ce,NatWest,I'm going around in circles 👽,2,Negative,Neutral,Neutral,Negative,Negative
92c0b0bb-932d-4178-9013-e7243e512f77,NatWest,easy to use best for me and secure,5,Positive,Positive,Positive,Positive,Positive
5a061931-ccf3-4442-bddb-29a64f43a84c,NatWest,you would expect a bank of all companies to have money for a customer services team. i can definitely say nat west doesnt,1,Negative,Positive,Negative,Negative,Negative
6abaf6bb-b2d1-45dd-bacc-322f11f550bf,NatWest,"Great app! However, even though I have face recognition enabled on my phone, the app does not recognise this and consequently I am unable to setup biometric approval.",4,Positive,Positive,Negative,Negative,Positive
22101371-db8a-4407-8eae-c1d587ab7846,NatWest,trusted,5,Positive,Positive,Neutral,Positive,Positive
0844fbfc-8a68-4252-9264-8e6af2a03492,NatWest,clear accurate information,5,Positive,Positive,Neutral,Positive,Positive
0ee09b3f-c608-4bb4-89c5-9116f74d3a9d,NatWest,very helpful bank its a shame our branch is shutting and we have to travel 12 miles if we need to see someone.,5,Positive,Neutral,Positive,Positive,Positive
f12a9606-d462-4efb-8542-aeaf48a29b9c,NatWest,always great service using this app highly recommended to anyone with a NatWest account,5,Positive,Positive,Positive,Positive,Positive
3e460dec-6649-4d58-9660-0a8ca2039635,NatWest,lovely to use.. for all ages..,4,Positive,Positive,Positive,Positive,Positive
9ca68c03-5eb1-49bb-8246-122301a52f74,NatWest,user friendly,5,Positive,Positive,Neutral,Positive,Positive
cdcbc40a-61ac-4e2c-bcc6-5b566d50ed41,NatWest,easy to set up as long as you can remember your details when moving to a new phone,5,Positive,Positive,Neutral,Positive,Positive
c48b6a5b-b0c3-4af3-b67a-1ce0227a57e4,NatWest,really good and easy,4,Positive,Positive,Positive,Positive,Positive
22ee3111-dce1-4d89-aded-9e34924f277a,NatWest,"Too many login pass keys and passwords and customer numbers and account numbers and sort codes and telephone banking pins. Setup pages reset when you switch phone context, even after a page which said it was complete. You will do this process many times. Approval requests page animation results in visual overstimulation. Doesn't follow basic android user experience. the back button is too go to the previous navigation element/page, not to present a log out dialog. Out of space to go on...",1,Negative,Positive,Negative,Negative,Negative
72f2e15b-28c4-4b52-8b28-2d6691d01da9,NatWest,"absolute trash, whoever created this has a loose screw. why would you ruin the customer experience",1,Negative,Negative,Negative,Negative,Negative
d3e286b6-26b2-43e3-bb9d-16f7eb673c5a,NatWest,"love it, makes life so much easier",5,Positive,Positive,Positive,Positive,Positive
f4e246a3-13c7-4ade-b616-b482c48e477e,NatWest,"** Update with message for the devs - I still love the app and think it's really convenient and helpful, but please let us add two payees with the same account but different references! Millions of people have more that one child with a tax-free childcare account and can't set up standing orders to pay in automatically. Please sort this out! Easy to use, lots of time saving features. Regularly updated with useful new stuff. Really nice UI.",5,Positive,Positive,Positive,Positive,Positive
3e0a70db-db61-46dc-852d-ebe02a2d0ec3,NatWest,wonderful experience thank you.,5,Positive,Positive,Positive,Positive,Positive
aed59d64-9399-4605-9d1b-f00bed3654eb,NatWest,"Brilliant App, does everything I need, makes everyday banking simple and allows me to keep track of my money. 👍",5,Positive,Positive,Positive,Positive,Positive
b4fe7380-5fa3-4d6d-8017-adff883253ee,NatWest,a great app for android phone.,5,Positive,Positive,Positive,Positive,Positive
240aea4b-3afb-40cf-87b4-13f1f0a6f7a5,NatWest,"Updated the app, and it no longer works. I'm going round in circles being told to update the app even though it's the latest version",1,Negative,Negative,Negative,Negative,Negative
12938cdb-9c8d-4ecd-95a0-0ff10b56350b,NatWest,not connected to the Internet huh? well I clearly am I'm on 5g and I need to check my money so how about fixing this bs app,1,Negative,Positive,Negative,Positive,Negative
212f6fa1-be73-4c90-a7c3-10b3e7d38941,NatWest,Easy App to use,5,Positive,Positive,Positive,Positive,Positive
3ea5299e-d5a4-4749-b12a-7e9b0c508c2f,NatWest,fantastic Service good all round scurity received natwest to friends 🧡 m.a,5,Positive,Positive,Positive,Positive,Positive
3156333a-4436-43bf-834b-aeeff4510099,NatWest,"Good afternoon, first you ignored my message about a good will gesture. The bank said that they did not hear anything. Secondly, you will have to explain to me one day why my direct debit to pay your credit card is added to my earnings when it is money that should be taken out!!! So it is taken out in my bills and I am getting it back in my earnings! What a joke!! 🤦‍♀️",1,Negative,Positive,Negative,Negative,Negative
291c8eae-d91b-47eb-b4e9-3688b244ff04,NatWest,"It's spectacularly difficult to log in to this app. It requires you to remember an 8-10 digit ""pass code"", a 4 digit ""PIN"" , and a 6 digit ""password"". You have to enter several of these in scrambled order, and progress is reset automatically if you switch to another app for a reminder. The cognitive and memory load makes that task virtually impossible for most people. The only option is to write down all the numbers on a piece of paper - which completely undermines the approach to security.",1,Negative,Neutral,Negative,Negative,Negative
4c38febc-6468-43a0-9d9f-1b7b62bda09b,NatWest,Such an easy great app to use .,5,Positive,Positive,Positive,Positive,Positive
ff0803c2-5e14-4971-a870-2c2fc71dc0f7,NatWest,Great app especially now you can deposit checks.,5,Positive,Positive,Positive,Positive,Positive
ac86b517-0c4e-47db-b835-84e2f21b05c4,NatWest,very hard to use I can't seem to pay anything,1,Negative,Negative,Negative,Negative,Negative
df485f3f-b1fb-4a32-8541-511acf5ac2ce,NatWest,Great service all round,5,Positive,Positive,Positive,Positive,Positive
fc15f698-42ce-40da-95c8-62f0561f777b,NatWest,just doesn't allow me to input password etc to get set up 😡,1,Negative,Negative,Negative,Negative,Negative
5d6c38e6-9ceb-4bfe-9bcb-38ba7514fb74,NatWest,"The app works fine apart from not letting me deposit a cheque. I have used this feature before, but it has failed the last 3 times I have used the feature. I am using the latest version of the app, downloaded from Google Play Store. I am currently using the app on Samsung Android. I am getting fed up with this, as it is not particularly convenient for me to pay it in at a post office or bank. Please can you sort out.",4,Positive,Positive,Negative,Negative,Negative
d0342c37-3a08-4110-bae9-280c79f8f214,NatWest,easy to understand.,5,Positive,Positive,Neutral,Positive,Positive
c0e5a7a0-be0c-4e4e-85d0-813bf3814381,NatWest,Great app and very easy to use 👍🏾😊,5,Positive,Positive,Positive,Positive,Positive
2d85053e-a9d3-46b6-9697-cafdbd789efb,NatWest,difficult to find my statement,1,Negative,Negative,Negative,Neutral,Negative
a9904394-ed74-4b71-9a74-8618ebab648e,NatWest,robbing company always dropping intrest rates.,1,Negative,Neutral,Negative,Positive,Negative
844777dd-6c1d-435a-9e24-4b27460cc3f9,NatWest,"I can't now use the app on my samsung tablet. it asks for an update, I update and it gets stuck in a loop. log in, update.",1,Negative,Negative,Negative,Negative,Negative
22426644-e9a1-4a9e-ba5e-1a2b2db9cd6b,NatWest,natwest is the best bank and the staff are very helpful,5,Positive,Positive,Positive,Positive,Positive
6070829f-9b94-481b-b3cf-72523b272061,NatWest,jumping through 1000 hoops was not fun. my Lloyds account is much more intuitive.,1,Negative,Negative,Negative,Positive,Negative
fb0d4e4d-0c01-4bb1-87e1-314848210d64,NatWest,simple to use!,5,Positive,Neutral,Positive,Positive,Positive
cb46c301-ac2c-475e-b2b8-c354ed1eae0b,NatWest,"The App wrongly gave the error message that my ID should be checked in Branch when the real problem was that I simply needed to reset my transfer limit (my fault). The wrong error message issued by the App continued days after the ID check had been made (which took 1 hour in a Branch!). Of course, Cora couldn't help: it's a rather low-level bot. You can telephone me - you have my number.",2,Negative,Negative,Negative,Negative,Negative
f53ae60d-c75d-4f61-8119-e3433dab255b,NatWest,online not easy,1,Negative,Negative,Negative,Positive,Neutral
7e0a3950-61b8-44ee-957f-28880893374e,NatWest,Unable to make a payment since the latest update. I get a connection error come up but I have no other WiFi issues and other banking apps work,2,Negative,Negative,Negative,Negative,Negative
725785e2-f565-4619-9e7e-d52fc4b9be31,NatWest,"This app helps me keep track of my account, I like the way you can check accounts and credit score",5,Positive,Positive,Positive,Positive,Positive
4e7bd25a-3ecc-4fd4-89ba-1d7ed6f6bfdd,NatWest,works well. no issues,5,Positive,Neutral,Positive,Positive,Positive
99885141-0265-4072-a2e7-f345ec751959,NatWest,horrendous if wanting to check your mortgage and don't have a current account,1,Negative,Negative,Negative,Positive,Negative
c1dd671b-5c18-41f4-9636-e8ef65a65c89,NatWest,best bank in 🇬🇧,5,Positive,Positive,Positive,Positive,Positive
e2c5cfa1-fb6c-4263-8c8d-d258f9d7c990,NatWest,"The app has been fine until now however I now have a £750 limit on paying an existing payee details where I change the reference (and no other details). Why? How am I supposed to pay invoices on the go to repeat payees when the payment reference is often the invoice reference? Please fix this immediately NatWest, you've made the app less convenient.",3,Neutral,Positive,Negative,Positive,Negative
eb2188bc-0ab8-47ca-a3bd-3c36f9751b14,NatWest,"Excellent, easy to use, smooth running app.",4,Positive,Positive,Positive,Positive,Positive
149e2897-bda5-4c35-b375-c860109989f0,NatWest,Periodically freezes and won't open,1,Negative,Neutral,Negative,Negative,Negative
d6b4973c-f898-4628-8c85-fd43c90f873c,NatWest,brilliant,5,Positive,Positive,Positive,Positive,Positive
37841802-da72-4b89-a676-7ebc262856d3,NatWest,"Ridiculous app. If you minise the screen, you have to start again. When you type in your pin, there's no way to press enter. Worst banking app I've ever used.",1,Negative,Negative,Negative,Negative,Negative
1bd2c484-18b9-4fb7-9554-f5849d3ec3e9,NatWest,keeps telling me doesn't recognise device.no matter how many times I re do it.,1,Negative,Neutral,Negative,Negative,Negative
14f8c722-8b06-49e2-97ce-9765b3a2d00e,NatWest,now that most of the branches have been closed in my town. the app is a life saver,5,Positive,Neutral,Positive,Positive,Positive
1a494d13-462f-4062-a130-afde39f96391,NatWest,useless,1,Negative,Negative,Negative,Negative,Negative
6368e568-b4d3-470c-8212-713ef5641960,NatWest,terrible app,1,Negative,Negative,Negative,Negative,Negative
cfcf3964-4b6b-4d8e-a276-bd64b0d3cd50,NatWest,very useful and easy to keep track of money-life,5,Positive,Positive,Positive,Positive,Positive
7f2314b6-8cbe-44f3-a000-934cd277aae5,NatWest,love in love witht this bank thañk you Natwest BLESS,5,Positive,Positive,Positive,Positive,Positive
f6226f92-fe1a-49a7-ba00-aa5016f3e1a3,NatWest,super smooth fast app,5,Positive,Positive,Positive,Positive,Positive
051c7142-74d1-4a8d-9242-be6637f302f2,NatWest,"extremely poor, app won't even let me add a joint account, dont bother with the online chat they take 2 hours to reply and then do it 5 minutes before they close so they dont have to bother helping. probably going to close my account now instead.",1,Negative,Positive,Negative,Negative,Negative
a0793e6e-8ba2-481e-b205-5e2538aaf10e,NatWest,"yet again, Natwest, you have let me down. Trying for raise a fraud claim, but it just sends me around in circles.",1,Negative,Negative,Negative,Negative,Negative
398d86ad-d35e-4eb6-bf2b-31e5aa131fc0,NatWest,Very easy to use and you're kept informed about your account all the time.,5,Positive,Positive,Positive,Positive,Positive
44af64b9-e082-4b74-8b16-1b9e30f60f70,NatWest,never had a problem,5,Positive,Positive,Neutral,Positive,Positive
852471b2-7c18-410a-a8c0-e816e3618aff,NatWest,KWIK & EASI,5,Positive,Neutral,Neutral,Positive,Positive
70d47472-5ad0-4af6-8837-792c8dc31bd6,NatWest,Very happy 😊,5,Positive,Positive,Positive,Positive,Positive
b2a90012-4313-4b78-baf6-f7b6c414f07b,NatWest,difficult and awkward,1,Negative,Negative,Negative,Negative,Negative
3d1713e4-e4b5-4840-9c23-bf2131290823,NatWest,Very satisfied 😃,5,Positive,Positive,Positive,Positive,Positive
3e1437bf-3a81-4299-b643-ade7920e0002,NatWest,generally been a good app till recently when i get asked to register every time I open the app?,4,Positive,Positive,Negative,Negative,Neutral
beace5b7-496b-4fbd-8e6f-c68d0c988e04,NatWest,disappointed,3,Neutral,Negative,Negative,Negative,Negative
9373e3b8-f9b9-4358-bf5a-febe14a755ed,NatWest,Easy simple experience,5,Positive,Positive,Positive,Positive,Positive
c67fab8e-63f8-4ff4-933a-ba6ffa50c113,NatWest,Very handy 34 month interest free rate,5,Positive,Positive,Positive,Positive,Positive
49683774-7753-48cd-ad9b-f8ff0285be2e,NatWest,"Update: Reduced to 3 stars. They are now forcing g users to register face biometrics to set up a new standing order via the app. Other banks don't do this. Best Banking Mobile App I Have Used. Great features and benefits. A few of them. Get cash from an atm, manage your standing orders and direct debits, one-step easy login, smooth and easy to navigate previous transactions. I've used 80% of mobile apps and the NatWest app trumps then all.",3,Neutral,Positive,Neutral,Negative,Positive
b29693cb-71b5-4cdc-9fb5-886314224b67,NatWest,I've changed my bank several times over the last few years as per Martin Lewis'idea to get the rewards. But I am happy with NatWest and will be sticking with them. Thanks NatWest.,5,Positive,Positive,Positive,Positive,Positive
8844bc79-f1ae-46d7-9cc3-8d35fa534dfe,NatWest,"great banking ,the app. is spot on and very easy to use .",5,Positive,Positive,Positive,Positive,Positive
7fc0ae75-119f-4f9f-8e27-16431d3bb40f,NatWest,I love the biometric security and no passwords!,5,Positive,Positive,Positive,Positive,Positive
484a4e9c-3a99-458c-8bb9-b80386c13567,NatWest,great app and objective updates,5,Positive,Positive,Positive,Negative,Positive
8b8527c7-212e-4ae2-9706-78ed431c1915,NatWest,Thanks for providing a good deal on my mortgage,5,Positive,Positive,Positive,Positive,Positive
f5f2c0e6-aaec-4d88-b948-04566c2b3554,NatWest,Hard to install,1,Negative,Negative,Negative,Negative,Negative
6b595821-623b-454f-9a8c-3bb2ce73b46f,NatWest,excellent,5,Positive,Positive,Positive,Positive,Positive
418fc992-c5eb-480f-8fe4-2e736b319d1e,NatWest,Great app. No issues.,5,Positive,Positive,Positive,Positive,Positive
6c9140fb-8e46-4845-90cc-e84d76263e18,NatWest,very hard to use,1,Negative,Negative,Negative,Negative,Negative
718ef627-728f-4800-bff3-5896db242374,NatWest,amazing service,5,Positive,Positive,Positive,Positive,Positive
d966e332-c623-4895-8691-472d012528f8,NatWest,I believe that NatWest is the future.,5,Positive,Neutral,Positive,Positive,Positive
f17d6c57-39d7-4f7b-8e29-ec5957779f81,NatWest,not working,1,Negative,Neutral,Neutral,Positive,Negative
dc1e8eef-678f-4a27-a68f-83c772772de4,NatWest,"no problems, works fine",5,Positive,Negative,Positive,Positive,Positive
0ec52b37-0806-497c-b252-74dd5133a763,NatWest,difficult to maneuver around,1,Negative,Negative,Neutral,Negative,Negative
6bdfd666-a7ee-447d-987b-bd752bf2e074,NatWest,awful,1,Negative,Negative,Negative,Negative,Negative
0374ae66-531b-4ba0-9c54-455550809fc9,NatWest,"I love natwest, but I don't like the fact that I want to open a personal account and natwest denied me.it made me very sad",5,Positive,Negative,Negative,Positive,Positive
7c7ea12d-d509-4f72-8703-24e980e78e50,NatWest,does not work after update,1,Negative,Neutral,Negative,Negative,Negative
b290ceb4-1e3c-40e9-8583-e5c73cf766a9,NatWest,what a scam can't even create a bank account because it needs a phone number which is stupid get off it or I will file a lawsuit,1,Negative,Negative,Negative,Negative,Negative
412917f9-0bb6-4f38-bec2-0228302ec8f7,NatWest,"I wanted a secure function. hey register your face, it says. ok fine, register me. I give it camera permission. push the button and it freezes. it can't register me. so a bunch of functionality doesn't work. there's nothing wrong with the camera.",1,Negative,Positive,Negative,Negative,Negative
fbd28847-9212-4cf9-8468-d3d23289e632,NatWest,keeps asking to update but dies not,1,Negative,Neutral,Neutral,Negative,Negative
970160d2-0101-4b29-9f5b-7f94ffb779d0,NatWest,this app is dreadful and wont allow a registration. the ai help.cora is useless and sends you in a loop. human beings you speak.to are not authorised to resolve. best avoided.,1,Negative,Negative,Negative,Negative,Negative
661d56ae-c47a-4887-bc3f-fb36f99b4317,NatWest,I always have difficulty signing in . I only want to cancel my account as I'm sick of issues 🙃,2,Negative,Negative,Negative,Positive,Negative
4b0f3dfb-4fc0-4211-b4f5-d14264b76ae7,NatWest,Stuck when forced to update!,1,Negative,Negative,Negative,Negative,Negative
062fcc49-d6c9-49c3-bda8-4cc8e0fbfe08,NatWest,professionally handy,5,Positive,Neutral,Neutral,Positive,Positive
07b15353-5af6-4c69-883a-2caab003adc2,NatWest,I like the mobile app. It works well.,5,Positive,Positive,Positive,Positive,Positive
1e33e39b-78ce-4722-b30b-ee5e9299943e,NatWest,gives me instant access to my banking excellent,5,Positive,Positive,Positive,Positive,Positive
6368c7f4-ca6a-44bb-93ce-e27910f56a2a,NatWest,"much needed and very useful app, paying bills etc.",5,Positive,Positive,Positive,Positive,Positive
96175eb9-a99d-46a3-b73b-cca9d36a65c4,NatWest,"does not load/work on Chrome book... why have an app that doesnt even open? Very useful when you need to access your account but have lost your phone or do not own a laptop because you can't access your account/app to confirm purchase to buy either. Can't even order a pizza because it wants to confirm via the app you can't use!!!! And guess what, i can NOT log in online (internet) because it wants to confirm via MY APP!!!!Sort your CR""P out natwest!",1,Negative,Negative,Negative,Negative,Negative
7cc93e94-b3fb-4208-b6c2-d3a78814e769,NatWest,brilliant app easy to use and don't have to keep going into the bank most stuff you can do on the app,5,Positive,Positive,Positive,Positive,Positive
f72575d0-85f8-461a-8689-f8ff566f717e,NatWest,5star all the time,5,Positive,Neutral,Neutral,Positive,Positive
0157cb65-4b4e-4ee8-889e-2dee885d5ec8,NatWest,doesn't work. open app still says update,1,Negative,Neutral,Negative,Negative,Negative
298b9ecd-ac4e-4695-ba2b-e4a99dbcd672,NatWest,easy to use,5,Positive,Positive,Positive,Positive,Positive
80e27206-7417-4086-833a-4902aaeddefe,NatWest,excellent,5,Positive,Positive,Positive,Positive,Positive
44cf4b2e-3766-470b-8a8c-fe21c8dfebc6,NatWest,"slow to download, not a great start.",1,Negative,Negative,Negative,Negative,Neutral
70f2b366-d3c8-4bcf-b714-405e2826819c,NatWest,it's not letting me update the new app so can't use it,2,Negative,Neutral,Negative,Negative,Negative
9a73a71f-3ada-4770-93e8-9616bd7f331a,NatWest,app approval never works totally useless,1,Negative,Positive,Negative,Negative,Negative
12dedb0e-dd3e-48cf-80dc-f1996b82fa19,NatWest,good sevice,5,Positive,Positive,Positive,Positive,Positive
0b5d2598-dd62-44da-ba2b-1a84a829d38a,NatWest,Degrading,1,Negative,Negative,Neutral,Positive,Negative
57004ccd-a405-4ad5-af4b-1f67430038f6,NatWest,credit report,5,Positive,Positive,Neutral,Positive,Positive
d8f8778f-48a9-4f56-9a9e-9a9c39c6b346,NatWest,keeps stopping app says close app,1,Negative,Negative,Negative,Negative,Negative
8f3dd416-47ed-469d-acfc-21bdef6f02b6,NatWest,app works well and reasonably easy to set up and use. the only minor niggling thing is that I cannot delete old messages and notifications and cannot see any way to do so.,4,Positive,Positive,Positive,Positive,Positive
edc6e5bc-b37b-42a6-8170-e784cc391991,NatWest,"Maybe make a face recognition system that actually works and doesn't waste 24 minutes of my time while I desperately try to prove my face IS ACTUALLY MY FACE so that I can log into online banking on a completely different, yet previously approved, laptop. Find a better bank.",1,Negative,Positive,Negative,Negative,Negative
5340e3a4-6282-48aa-b95a-037b7eb20660,NatWest,The NatWest app is incredibly good and easy to use. You can do pretty much any banking function you can think of.,5,Positive,Positive,Positive,Positive,Positive
9f6bc294-2476-4a2d-8c06-0e147f2e4c16,NatWest,I can't get in to the updated app,3,Neutral,Neutral,Neutral,Positive,Negative
8d51614f-64df-47b1-b322-36f0550c7c22,NatWest,Rubbish. Doesn't work. Don't bother.,1,Negative,Negative,Negative,Negative,Negative
7a65db86-8234-489f-ba64-85c578b85315,NatWest,"Great app, easy to use",5,Positive,Positive,Positive,Positive,Positive
a51bdb72-8c16-4aba-a704-9f9e3e3e27f5,NatWest,very good easy and convenient,5,Positive,Positive,Positive,Positive,Positive
904d08aa-0ce7-4400-903d-2aee8487f585,NatWest,You need to sort out how you can help housebound customers better.,4,Positive,Positive,Neutral,Positive,Negative
55306722-89ac-483a-af09-c07ae4a66a97,NatWest,nightmare,1,Negative,Neutral,Neutral,Negative,Negative
fb0b4ac0-bd69-45aa-bb7e-57dff740c75c,NatWest,The app keeps logging me out after each instruction.,1,Negative,Neutral,Negative,Negative,Neutral
4b421f97-64db-46d0-a454-ab66b684c8a7,NatWest,amazing 👏,5,Positive,Positive,Positive,Positive,Positive
ea5c4b5f-cab3-41d7-ac7b-5833353d5209,NatWest,will not let me update,1,Negative,Neutral,Negative,Negative,Negative
f8fbf5a3-68d7-42b5-aaa0-e4d859b7d980,NatWest,"can not change (address) section, never able to change and so many nonsense Cora chat but no way able to change my address. not like other Bank apps. i can change straight away with other banks. NatWest please sort out your app and we change our personal details. at the moment your app don't deserve 1 ⭐ should be 00000 ⭐ disappointed.",1,Negative,Negative,Negative,Negative,Negative
47ae0e05-7a8d-418c-a930-486509510093,NatWest,"simple, easy to use, has everything you need and very nice to look at",5,Positive,Positive,Positive,Positive,Positive
28f97dbc-b1f2-4e8b-9b28-8093106e5b56,NatWest,"been very useful, couldn't live without it now. Edit, cheques don't work - removing a star Edit 2, Getting duplicate notifications for the same transactions - removing another star. Just keeps getting worse and worse",2,Negative,Negative,Negative,Negative,Neutral
193f5bae-567e-4a55-9758-02face115060,NatWest,"Great app, really usable!",4,Positive,Positive,Positive,Positive,Positive
a7e391ef-f5d2-408b-9b02-24671c11ff75,NatWest,best bank ever very good face to face consultation excellent customer care,5,Positive,Positive,Positive,Positive,Positive
a026c837-fba8-49e9-ae29-1004e8d0064a,NatWest,I can do all my transactions using this app.It is very user friendly.,5,Positive,Positive,Positive,Positive,Positive
f99e562f-3e53-4515-929b-ffd2cd137d73,NatWest,"Brilliant, easy and simple to use 🙂",5,Positive,Positive,Positive,Positive,Positive
f2a98c6c-8dbc-4380-990d-5f7a33b85110,NatWest,"Useless! Allegedly I could accept a mortgage offer on this app however it asks me for my login and pin as I've never used this app before I would not have one of those so tried to create new account it asks me which current account I want, no option for accessing existing mortgage yet this was the app NatWest sent me to use to accept my offer , apparently only takes a few minutes. Absolutely frustrating. 45 minutes wasted, I'll never get back!! Natwest you must try harder.",1,Negative,Negative,Negative,Negative,Negative
ede02b74-fc46-43a1-a7ec-13fa5dd7508f,NatWest,it would be better if instead of having the account name the money is being paid into for a standing order but what its for. It's quite confusing when I can't remember what some of them are for,3,Neutral,Negative,Neutral,Positive,Positive
a90b90e5-1204-484d-bbac-d1dca79e0145,NatWest,"Absolute rubbish. Waited 7 days for an activation code which is now ""not recognised"" !!!!",1,Negative,Neutral,Negative,Negative,Negative
1c657117-a5e4-4135-8742-3e8d47d7c6b4,NatWest,perfect.,5,Positive,Positive,Positive,Positive,Positive
34acf509-84dc-4bdc-98d4-bd737429f3cf,NatWest,excellent,5,Positive,Positive,Positive,Positive,Positive
99c63f8f-21ae-4e4a-9e60-aca5476c6603,NatWest,easy app to use no problems at all,5,Positive,Negative,Positive,Positive,Positive
9193db75-5240-425c-82de-38f1d89470f3,NatWest,A very good and friendly bank,5,Positive,Positive,Positive,Positive,Positive
0947b3a7-4de5-4ca5-a187-f601e8891ce4,NatWest,so good 👍 see,5,Positive,Positive,Positive,Positive,Positive
f5e15bb7-b95e-455a-a529-14790b45785f,NatWest,update doesn't work!,1,Negative,Neutral,Negative,Negative,Negative
8206c8f4-43bf-4d3f-a061-b9d9ad14098e,NatWest,No way to report issues or feedback from the app. The favourite payees widget forgets payee's over time. I think it's when the transfer reference is changed? You can't re-add the favourite payees because the app thinks they're still there.,2,Negative,Negative,Negative,Positive,Negative
8aa099d9-d675-425f-83ae-5d464dc93959,NatWest,Great savings account. Easy to use app .,5,Positive,Positive,Positive,Positive,Positive
f62aef7d-2929-4058-b49f-37610088ac88,NatWest,brilliant many thanks Ted peat,5,Positive,Positive,Positive,Positive,Positive
e21c27e0-28c4-4909-8f87-a585133035f1,NatWest,it was helpful to send me to family and friends,5,Positive,Positive,Positive,Positive,Positive
7a37a39e-3662-4830-bd05-9d47ed61e8bb,NatWest,very reliable,5,Positive,Neutral,Positive,Positive,Positive
0bd6dd4a-dea3-487d-8fa0-db03d1166a86,NatWest,Excellent,5,Positive,Positive,Positive,Positive,Positive
1abd168b-0402-48dc-9ec6-71407af2e756,NatWest,can't update and open ..,1,Negative,Neutral,Negative,Negative,Negative
73d03ef2-3f45-4875-93cd-f69139117ad0,NatWest,"Cheque scanning facility is not as good as other banks, repeatedly suggesting 'words and numbers don't match' when they do Other than that it's ok",4,Positive,Negative,Negative,Negative,Negative
7c1d99e4-3fa3-4b62-8434-44fb12aa2aec,NatWest,excellent great service good service keep it up great work thanks,5,Positive,Positive,Positive,Positive,Positive
9dd54780-1e50-43e2-afd4-a57e6d2225ac,NatWest,trash app. trying to login using a password manager for security but every time I go to a different app on my phone NatWest app goes back to the start! how the fudge are people meant to log in using actually secure information? should I write my secure login password down on some physical paper so I can use the twatting app? sounds great get your act together and let users swap between apps so they can copy passwords and pins from a manager and not have to rely on unsecure means of copying info.,1,Negative,Positive,Negative,Negative,Negative
9985358a-10f2-432a-ad33-01b0b09b19ed,NatWest,Good service,5,Positive,Positive,Positive,Positive,Positive
2c2823e2-3122-454e-83ff-c4f4a61f6dc7,NatWest,the best card app I've seen,5,Positive,Positive,Positive,Positive,Positive
ba79773a-deaa-40a0-ba6e-7b65648e1b1a,NatWest,After some app downtime the unnecessary biometric page showed up. Cora is a joke++!,2,Negative,Neutral,Negative,Negative,Negative
027640d6-f587-4bf8-88d1-d62269a78377,NatWest,easy flexible insitetive,5,Positive,Positive,Neutral,Positive,Positive
b201fee4-ec5e-40d1-b3eb-f023acdb454c,NatWest,"yet again banks are trying to monitor and control everything we do, they now limit transfers to 750 per day, who do they think they are!",1,Negative,Neutral,Negative,Positive,Negative
2e1579d7-3802-4be1-8962-38a58812e6bf,NatWest,"Great App, All you need, Ultra security too👍",5,Positive,Positive,Positive,Positive,Positive
82a22cfc-6acb-4e07-8b62-eb3a6a3691da,NatWest,"the use of cora shows lack of customer support, care & duty. cluttered menus , too many sub menus. I dont enjoy using the app, therefore , it's not so user freindly . especially CORA !",1,Negative,Positive,Negative,Negative,Negative
7270f776-3a7a-41ec-8bac-6e4e07e8c6e9,NatWest,easy app to follow,5,Positive,Positive,Positive,Positive,Positive
74113b35-691b-41b2-a738-ae57eeb656cb,NatWest,easy to use and secure,5,Positive,Positive,Positive,Positive,Positive
32cd4e30-80cf-4c0e-8c73-8f869006c818,NatWest,easy to use,5,Positive,Positive,Positive,Positive,Positive
b2ba075c-d7ac-4eb2-a561-5cb9968fd37c,NatWest,"highly recommend NatWest, always helpful, app user friendly allows me to control, payments, standing orders, direct debits, as well as make and send payments.",5,Positive,Positive,Positive,Positive,Positive
49021ab9-10bb-4e6d-a29b-8ed8ce6c9a71,NatWest,You are always there looking after us when someone has a question you are always there very helpful.,5,Positive,Positive,Positive,Positive,Positive
6e19071d-8762-4792-b667-b2dc756c7c0d,NatWest,"ive just updated the app to the latest version, when I return to login screen it prompts me to update the app so, Im left in a loop after that.",1,Negative,Neutral,Neutral,Negative,Negative
a47d2b12-f1c6-455c-b125-6684e6d3b3ee,NatWest,frozen before I could log in,1,Negative,Neutral,Negative,Negative,Negative
60d52994-ea12-4211-be7c-4a946616eca0,NatWest,"in 2025 - I still use this app very often, however it has been crashing A LOT this year, getting fed up with it. in 2016 - I have used this app at least 2-3 times a week for several months and I have never had a problem.",5,Positive,Positive,Negative,Negative,Positive
9053755f-f5a9-4235-87cb-4cb498ef0e7c,NatWest,I am still waiting for message to download after five minutes.,1,Negative,Neutral,Neutral,Negative,Negative
0ef21ea4-e98c-41b5-a582-5228e82d1870,NatWest,I've transferred from Barclays to Natwest and have to say it's a lot easier to use and can do more things. It does have one flaw. You can screenshot whilst in the app. It kinda defeats all the extra security features in place. Barclays wouldn't let you screenshot but didn't have the extra security of facial and voice recognition.,4,Positive,Positive,Neutral,Positive,Positive
8c536e83-56a0-4b4b-85cf-7294eb2ebb2b,NatWest,great app easy to use,5,Positive,Positive,Positive,Positive,Positive
9bb21bde-fb01-4f2d-a7bc-5248a7f8732c,NatWest,I've put the sort code on my card and it keeps saying its you so I'm wondering if the sort code number changed in the post. cos it's telling me it's wrong,2,Negative,Negative,Negative,Negative,Negative
92375adf-02e6-442f-b4d4-2e0943f0f03c,NatWest,What is going on? You make me download an update and close other apps (which I did begrudgingly) and then won't let me into my account. Could you please sort this.,1,Negative,Positive,Negative,Negative,Negative
ba16db77-ffb8-45d4-bcf0-c7680d70b0aa,NatWest,I dont want to use face recognition biometrics for basic banking,1,Negative,Negative,Negative,Neutral,Negative
01094e3c-04b9-4d1e-9944-ed1dc871a493,NatWest,very unstable app when setting up. keyboard kept disappearing and if you open another app starts you back at square one,2,Negative,Negative,Negative,Negative,Negative
4e5bba88-6f1f-4b8c-a42d-bd93305f8b06,NatWest,Worst experience of my life trying to register for online banking just to manage my mortgage account. oh my word!!!,1,Negative,Negative,Negative,Negative,Negative
f9b611f4-f000-4c79-8849-96f1d4505318,NatWest,great service from parish at Nat wedt Edgware very patient and professional,5,Positive,Positive,Positive,Positive,Positive
b42b7733-c880-4979-a502-02a4b8917ff6,NatWest,"This app is a nightmare, it rarely opens when I try to log in. I've tried everything suggested and still no luck, I'm genuinely going to move different bank after being with Natwest for over 15 years",1,Negative,Positive,Negative,Negative,Negative
36cd7830-c123-4cc5-a841-1e71f7f0c039,NatWest,Have used this app for years without too many problems.,3,Neutral,Positive,Positive,Positive,Positive
e665fb2b-aab9-41a3-9f44-c5718fd37748,NatWest,new update has logged me out .every time I try to log in it says this version is out of date please update. I update and then it says open .I click open and it says this version is out of date .and around and around I go .?,2,Negative,Positive,Negative,Negative,Negative
499050e6-45b5-4357-9d39-7d59dc7a6c01,NatWest,Good app. However the favourite person widget does not always work. Have to keep updating. Couldn't be bothered in the end.,4,Positive,Positive,Negative,Positive,Positive
ea868a79-8a4e-432a-9f4e-5541944028a0,NatWest,Rubbish. Can't get the App,1,Negative,Neutral,Negative,Negative,Negative
19119037-7281-4427-8d51-8be0999446a5,NatWest,excellent,5,Positive,Positive,Positive,Positive,Positive
f154d0c8-2127-43e6-bf58-12db050696a6,NatWest,rubbish,1,Negative,Neutral,Negative,Negative,Negative
a6e19bfd-fde4-4d63-94eb-8e123aea43df,NatWest,"I have been a NatWest customer for many years and am reluctant to change as their service has been excellent. The mobile app is also great, easy to use and gives me access to everything I need. The card reader is also an excellent security measure.",5,Positive,Positive,Positive,Positive,Positive
2690b7f1-cf6c-4a8d-92fd-097b6c65f2b8,NatWest,"I can't access My Rewards from the app, it does nothing when I tap the link",2,Negative,Negative,Negative,Negative,Negative
3365810c-8317-4556-aa04-571758652fbf,NatWest,won't bring up old statements,1,Negative,Neutral,Neutral,Neutral,Negative
5d2107af-e334-4142-803a-90a0612f5f2a,NatWest,I'm leaving one star because for several weeks now I have tried to get onto the app and all I get is the loading wheel Natwest tech department need to look into this pronto . I am not a happy customer of the natwest app now.,1,Negative,Negative,Negative,Positive,Negative
95b8f0cd-f536-47e0-99e3-da32e4e1bad9,NatWest,"Suddenly started getting connection error (27th feb). Same issue when reinstalled and trying to setup. OnePlus Nord 3. Tried setting up periodically but never worked. Tried again 8/6/25 after reading about NatWest recent outage, app now working.",4,Positive,Negative,Negative,Negative,Positive
f76bdb5a-74e7-4299-8f28-c91b173e1b00,NatWest,Very good and very secure,5,Positive,Positive,Positive,Positive,Positive
6ec3ae54-c948-44a2-986d-4daeb239cb05,NatWest,"I used to love this app but lately I get a notification, then it disappears before I have chance to read it and some notifications don't stay within the banking app so I have no idea what the notification has been about? Thanks for the assistance. It was a marathon using Cora, the agent was trying to help though we went over the same things I'd already tried and went round in circles. It is working now, though we have no idea which action fixed it. Rating increased to 4, not 5 due to Cora.",4,Positive,Positive,Negative,Negative,Positive
23fe9bc3-f143-4ae5-a5e0-7d22fbbd59e8,NatWest,"app was down all day, not helpful at all",1,Negative,Negative,Negative,Positive,Negative
b73f1555-e4ee-466e-9224-8cb5051d1322,NatWest,App not working. Can't log in online either as they need to verify through the app. Really messed up my day and lost money due to this.,1,Negative,Negative,Negative,Negative,Negative
b131a93d-210a-4eac-85f9-2de82a34d175,NatWest,app doesn't work every so often and is an unreliable service been locked out of my money online with dependants absolutely disgusting not happy and warm other against this bank will be changing after this review couldn't give less than 1 star would be -1000 if I could,1,Negative,Negative,Negative,Negative,Negative
1c957c5b-f932-4649-8be8-b0974943ab5a,NatWest,having heaps of trouble logging in. keeps saying status page.,1,Negative,Negative,Negative,Negative,Neutral
2660b091-5510-4ef5-97f5-11eaf96af068,NatWest,Excellent 👍,5,Positive,Positive,Positive,Positive,Positive
e2b7539f-63a0-4a31-9639-a7172f51851b,NatWest,I'm switching account because I can't access the app. possibly the fraud team again. always nothing wrong with my account 6 th June I applied to switch account to sandender as the natwest app is unavailable and it's a shame because the fraud team always do this to me it's not fair 😢,1,Negative,Negative,Negative,Negative,Negative
b6604523-f0df-4869-b6aa-5177aabbc4b7,NatWest,"once again the app is down, if they can't keep the app working perhaps they should reopen some of the branches they have closed down otherwise they're not fit for purpose.",1,Negative,Negative,Negative,Negative,Negative
849e5c0a-309c-4d6d-91c2-991639e6f0b9,NatWest,stops working at the most trivial of times,1,Negative,Negative,Negative,Negative,Negative
47a69ebd-f7d7-40d4-af8b-dd9f0d507f52,NatWest,Literally doesn't work. Have uninstalled and reinstalled and still doesn't let me use it. Useless & frustrating. Zero customer care.,1,Negative,Negative,Negative,Negative,Negative
f4c59996-93d4-4773-acc0-ee83c00198cd,NatWest,fed up not being able to get onto app says oops sorry looks like an error has occurred constantly same issue again as I speak can't get onto my online banking to pay bills etc,3,Neutral,Negative,Negative,Negative,Negative
c411e702-20f5-4787-a848-7eabb4f30ccb,NatWest,Excellent bank thanks,5,Positive,Positive,Positive,Positive,Positive
e745d9a8-0023-4eec-a3e1-bb3a835d7cec,NatWest,horrific,5,Positive,Negative,Negative,Positive,Negative
df27f8ca-96a8-419b-b950-a04eac2445bd,NatWest,nice easy app very good very nice,5,Positive,Positive,Positive,Positive,Positive
e306807c-d00d-4a19-9bf6-1582bf8f85f1,NatWest,There is no way to delete notifications! still not been actioned!,1,Negative,Negative,Negative,Positive,Negative
82bcd36e-6e72-451b-afc5-002b793e5de4,NatWest,app doesn't work anymore says update app which I have done then when trying to re open the app says it needs updating,1,Negative,Neutral,Negative,Negative,Negative
a721cf1b-fd21-4060-8a6f-4449ee7e1ac8,NatWest,Update 12.8.23 Still won't save new payees have to go online on pc to set up. Is this being added to the app ? 23 jun 2024 and still does not save new payees on app when will this be fixed ? update 4.6.25 payees created in App still not saving. Is anyone listening this is very annoying. I'm at the point of dumping if nothing is done,1,Negative,Negative,Negative,Negative,Negative
18508044-afb3-4906-9f91-bcb096de0fd6,NatWest,Rubbish,2,Negative,Neutral,Neutral,Negative,Negative
5700a935-d541-4063-a224-ee2d87a06e25,NatWest,"can't find ""manage/amend direct debit",4,Positive,Neutral,Neutral,Positive,Neutral
dac7d650-abba-4046-b1f5-222464ef5de7,NatWest,excellent service,5,Positive,Positive,Positive,Positive,Positive
411bcc2f-0b15-4d65-966d-e6ce7ff01122,NatWest,great friendly service thank you,5,Positive,Positive,Positive,Positive,Positive
87ccb27f-2a24-4f35-9954-940a96e721b9,NatWest,Great banking app better than others I've used!!,5,Positive,Positive,Positive,Positive,Positive
51e94e31-022d-45ce-aac2-2dcd72652621,NatWest,EXCELLENT PROFFESIONAL ADVICE AND SERVICE BRILLIANTLY PUT TOGETHER THANK YOU 😊,5,Positive,Positive,Positive,Positive,Positive
87de13a4-f3aa-4451-b768-80a77ce7e3a2,NatWest,Been with Nat West since 1977. No issues.,5,Positive,Negative,Positive,Positive,Positive
7d40a304-8317-4014-a081-359381b80d0e,NatWest,Love the application.,5,Positive,Positive,Positive,Positive,Positive
d443a969-00e3-4f96-979c-86917967e8fe,NatWest,can't contact anybody by phone. their AI chat other is Artificial Stupidity.,1,Negative,Negative,Negative,Negative,Negative
1f6e0d68-2625-4e37-9291-f4d5942b88b2,NatWest,love message when I use my account,5,Positive,Positive,Positive,Positive,Positive
1bf57847-50f6-4a3f-b0b2-6af131ef18f0,NatWest,good to have these warnings. keeps the idea of safety important,5,Positive,Positive,Positive,Positive,Positive
01af4583-1e11-42ff-900b-9d6ee7558b12,NatWest,good bank I've been with them since I was 18,5,Positive,Positive,Positive,Positive,Positive
4d4f8af3-3cb3-402d-bc27-605992a48ba7,NatWest,easy app to use. Everything laid out clearly,5,Positive,Positive,Positive,Positive,Positive
628fb6ab-1470-4372-b9ec-de7aa99bf147,NatWest,brilliant,5,Positive,Positive,Positive,Positive,Positive
f8d1d029-a665-49ae-963c-f925a5ab3a1f,NatWest,Convenient banking platform,5,Positive,Neutral,Positive,Positive,Positive
5252920b-455f-4c48-b738-42cb714e836e,NatWest,"very easy to use, even for a 84 years old, which I am. 🤣",5,Positive,Positive,Positive,Positive,Positive
5d89cff2-ada9-4ae9-8f1c-b7f0fb6de571,NatWest,"I can't even access my account through this app. I've tried to talk to Cora, phone calls ( unsuccessful response), Whatsapp messaged & yet nothing has been done to allow me to sign in 🤔",1,Negative,Negative,Negative,Negative,Negative
a9f77988-97d6-4fa7-8653-70555151e74c,NatWest,"It's okay, but app is glitching and not letting me recategorize my spending, and is also not letting me categorize all of my transactions as spending.",3,Neutral,Positive,Negative,Positive,Neutral
470eef5f-9104-4ac1-9aa3-2d6a0e4ded2b,NatWest,"very very easy app to use, week thought out. All apps should be as good as the NatWest app.",5,Positive,Positive,Positive,Positive,Positive
edc587f8-0ade-4ec7-a531-a5275890b2c8,NatWest,"good app, excellent customer support 👍",5,Positive,Positive,Positive,Positive,Positive
cb72e22e-6196-425d-8bf5-896e52a625be,NatWest,it's complicated,1,Negative,Neutral,Neutral,Negative,Negative
58fe9c56-db42-4f40-9785-f91443719055,NatWest,Quick to set up. Easy to use. Brilliant app.,5,Positive,Positive,Positive,Positive,Positive
7a466578-2c55-4734-8e7f-00934ce1c0f2,NatWest,Easy to use.,5,Positive,Positive,Positive,Positive,Positive
cc2b21b1-d226-4631-b3a1-f5bdbe485ab3,NatWest,"The new Widget feature doesn't work, I set it to be a favourite payee but it doesn't save that setting and the next time I try and use it or set it up again the app crashes.",3,Neutral,Negative,Negative,Neutral,Negative
e7cea925-ef81-450c-a08f-5dd29b6a3b66,NatWest,It is giving me problems with login details and it needs to be reinstalled all the time,1,Negative,Negative,Negative,Negative,Negative
426d91ab-132a-4f82-9f98-f0364ba8e669,NatWest,It's pretty good to be fair,5,Positive,Positive,Positive,Positive,Positive
27d7d36f-bd43-4730-b00d-4be63fd7fb28,NatWest,"When was depositing a cheque removed from the Android App? It's still a new feature above, but no longer in the App. Nothing from NatWest to advise customers they were removing it. Asking Cora and the reply is ""on iOS 15 and above"". Utter shambles - local branch recently closed, removing features from the App that now require a visit to a branch - ridiculous customer service. I'd not only suggest not getting this App, but dump the Bank itself and go with someone that keeps customers updated.",1,Negative,Negative,Negative,Negative,Negative
08bb06b9-2cc0-4229-a405-6e86cda50980,NatWest,They have removed the ability to pay your credit card using a debit card from another bank. Not happy!!,1,Negative,Positive,Negative,Negative,Negative
ee2ce9e4-ed67-4ff4-96cc-45f812e89b0d,NatWest,works 👍,5,Positive,Neutral,Positive,Positive,Positive
18471787-b5eb-4100-b66e-6536676663f5,NatWest,"Not bad, but there is some simple navigation steps that are missing to a point that it is really annoying. In several screens, if you want to go one step back and you hit the back button, it will prompt you ""do you want to logout?""... No, I just wanted to go one screen back... e.g. I choose payments & transfers by mistake, I want to go back so I can select my transactions... Not possible... How are such things missed from a UI / UX perspective?",3,Neutral,Negative,Negative,Negative,Neutral
3db23d45-da22-4137-a189-45d93624627c,NatWest,could atleast give me abit of a overdraft for unexpected needs but part from that i can't complain,4,Positive,Positive,Neutral,Positive,Positive
66f0132c-1dda-45d5-bb5f-4afe1704069a,NatWest,So easy to use.,5,Positive,Positive,Positive,Positive,Positive
8c8e030e-1818-4eaa-af7b-18f61c6e60e2,NatWest,love this bank . never have any problems with it at all x,5,Positive,Positive,Positive,Positive,Positive
671d098c-1c76-4954-8d08-d43c014b89d5,NatWest,Cheque pay in not working. it works as far as to take picture. and than it crashes. Its useles if it isnt working. Still have to waste the time.,1,Negative,Negative,Negative,Negative,Negative
5aea84af-7367-4c6a-b834-bc70909ff620,NatWest,IT DOESN'T WORK!!!!!,1,Negative,Neutral,Negative,Positive,Negative
20e8ec60-737a-4b56-89c5-22e795a89c8a,NatWest,Does what it says on the tin.,5,Positive,Neutral,Neutral,Positive,Positive
10d1e5ae-4563-4121-b88a-dc636ddfe78c,NatWest,Online banking made simple. Great app.,5,Positive,Positive,Positive,Positive,Positive
b7e5b881-a8f2-4c51-a722-507912ad587f,NatWest,"good app that just ""works"". a couple of things are a little tricky to find, but overall works very well",4,Positive,Positive,Positive,Positive,Positive
6c53682b-efbb-465f-b1ba-537acf04c74b,NatWest,easy to use,5,Positive,Positive,Positive,Positive,Positive
05a22f77-6a4e-4df1-bca6-036b658678be,NatWest,Great layout and easy to use at any age.,5,Positive,Positive,Positive,Positive,Positive
08cf5da3-3de9-499c-a914-3c2d3a8feb31,NatWest,Won't open on Galaxy A12 :-(,1,Negative,Negative,Negative,Negative,Negative
c4dcb056-5061-4a48-af43-92c23f5de421,NatWest,terrible fidly app,1,Negative,Negative,Negative,Negative,Negative
1a4f1170-3bca-4e7a-a0be-ad1d91d62ef9,NatWest,the service provided is very good,4,Positive,Positive,Positive,Positive,Positive
789ebfc9-6992-4bd2-b8b6-0f8e1f7fcc26,NatWest,rubbish,1,Negative,Neutral,Negative,Negative,Negative
c15f7985-e4b4-4345-afd4-baab9a9e6523,NatWest,"The most frustrating banking app, so difficult to sign in let alone do any Internet banking !",2,Negative,Negative,Negative,Negative,Negative
08ffda0b-4395-4db5-9273-175f03076605,NatWest,"Great app, easy to use.",5,Positive,Positive,Positive,Positive,Positive
341a195f-3f2c-4fd7-a4af-4de4a12ea5b4,NatWest,I love it,5,Positive,Positive,Positive,Positive,Positive
553742aa-8541-4926-9df4-ec914fa7c675,NatWest,i cannot update this app on my phone.Rediculous.I have an older phone but that shouldnt matter as I am a customer who needs this app.,1,Negative,Neutral,Negative,Negative,Negative
fbb5b9af-731b-43da-8e12-131e0a73cf98,NatWest,never had any problems or anything else 💯,5,Positive,Positive,Positive,Positive,Positive
c1c0bc53-0359-4344-beb3-8dba7f229352,NatWest,natwest is the rest,5,Positive,Neutral,Neutral,Positive,Positive
f65d56dd-c1b4-4d72-8a27-33b0db6a101d,NatWest,used to be really good but lately it crashes regularly and does not allow me to see my transactions unless I log out and go back again.,3,Neutral,Neutral,Negative,Negative,Negative
fa1e1ed9-f36d-4026-b2d2-887b8950a015,NatWest,"Great app, but it would be nice to have the option of disabling the new Widgets placeholder. If you don't want to use any, it just clutters up an otherwise clean UI. :-)",5,Positive,Positive,Positive,Positive,Positive
694ebbb1-089a-4dfe-8d63-e9a4d4a704d7,NatWest,liam m oran I've been with a few different high street banks over the years. Have to say it's a people's. They look after their future bankers as well. Rooster accounts are brilliant for children 👏,5,Positive,Positive,Positive,Positive,Positive
5d4bc1f9-0d74-4903-9f0b-3eb804fcc911,NatWest,can't log on now that I have updated,1,Negative,Neutral,Neutral,Negative,Negative
c9b781de-1596-4957-a58c-8d96cad7a9b8,NatWest,easy,5,Positive,Positive,Positive,Positive,Positive
613030c9-616d-470e-a35c-21dc97b7db76,NatWest,"It's generally good but the failure is that Approve in the App feature doesn't work. I approve and then when I go back to the vendor page It closes without making the payment. The one time It worked was when making a payment to NatWest for insurance! I had to start using my credit card which sometimes works after several attempts. At the moment, I have to reregister for the banking app because I tried too many times to approve a payment. Seriously flawed.",2,Negative,Negative,Negative,Negative,Neutral
5192fee3-7ff4-4cbe-b365-88d8bb78028e,NatWest,Easy to use app Good alerts system for current account so you know when money goes in and out Makes it easier to manage your money,5,Positive,Positive,Positive,Positive,Positive
c1e552dc-46fa-47b6-8f78-82c39f30e368,NatWest,Can you please add the option to nickname payees? I have too many payees with the same name and I can't distinguish the account..,2,Negative,Positive,Negative,Positive,Neutral
f8929cc9-768a-4fb7-9fe4-231a36184644,NatWest,love Nat west have used them from when l was 18 now oap always been very helpful staff are lovely,5,Positive,Positive,Positive,Positive,Positive
1a18a422-3832-4fb7-bddf-666380f88ab3,NatWest,natwest is the best,5,Positive,Positive,Positive,Positive,Positive
2b625282-7308-4b27-9684-14815e9d7cfb,NatWest,wow 🤩,5,Positive,Positive,Positive,Positive,Positive
ba11b3ef-caec-4ca2-8beb-a167d70a802c,NatWest,quick and easy,5,Positive,Positive,Positive,Positive,Positive
213398fd-db22-49c5-bb27-c8626b958d02,NatWest,brilliant app works very well i find I've personally had no problems whatsoever with or when using the app not one bit,5,Positive,Positive,Positive,Positive,Positive
aa2f22de-704b-482c-aa2f-c367ecf6d0d5,NatWest,fantastic,5,Positive,Positive,Positive,Positive,Positive
155bbd6f-9852-4990-a11f-b197686677e4,NatWest,"always struggle to get in , doesn't load up most the time",1,Negative,Negative,Negative,Positive,Negative
23e30fc3-3408-4757-a969-c540f8f92c1f,NatWest,easy to log in,5,Positive,Positive,Neutral,Positive,Positive
c3698fc8-647a-4056-bde0-8692e5df92b4,NatWest,"This app used to be really good, but now there are too many clicks needed to do anything. The latest feature, the widgets, has a bug. When you add 3 favourite payees, they don't display and when you try to edit them, the app crashes showing a message ""this app has a bug"". Needs fixing urgently.",1,Negative,Positive,Negative,Neutral,Negative
1a84a0ca-e1a8-45dc-a2f3-8674063edf6f,NatWest,"I'd be lost without this app, thank you NatWest",5,Positive,Negative,Positive,Positive,Positive
899f7d9a-9dd1-491d-acea-c9aee4f58c06,NatWest,"Awful keyboard design, locks you out of your account if you don't notice. Someone has made the baffling design choice to create a native keyboard for the app which auto-capitalises when typing your online banking password in.",1,Negative,Negative,Negative,Negative,Negative
9f77708f-0b41-4a7c-8c1e-d41f82dc1450,NatWest,"I was unable to download my bank account details to register with the app and therefore use it. I also had to spend over 2 hours on the phone (which l can't spare), including the fraud department, to confirm that l was a legitimate customer. Accessing Nat West is like climbing a fortified mountain!!",2,Negative,Negative,Negative,Negative,Negative
7e6c8144-244a-4517-9997-429d15211633,NatWest,This app is pissing me off. My account has been locked over 10 times due to the biometrics not being able to identify my face. I would give it 0 stars if I could. How am I meant to send money or login?,1,Negative,Negative,Negative,Negative,Negative
b1b1470b-c88d-4055-b830-1f63599ea96d,NatWest,l trust google play too keep my banking account,5,Positive,Positive,Neutral,Negative,Positive
ff545e90-82f0-4a49-a217-3a56e15d27bd,NatWest,At the minute. The App keeps crashing upon loading. please sort,4,Positive,Positive,Negative,Negative,Negative
bf802ba2-4652-4c2e-a5b7-f50be44a1bab,NatWest,keeps telling me to update?,2,Negative,Neutral,Neutral,Negative,Negative
454e9ec6-10ff-456c-b3d6-9a30146371c2,NatWest,updated the app but when I click on it it just says app needs updating again,1,Negative,Neutral,Neutral,Negative,Negative
16596253-a964-4caf-bf89-a5499e1d2962,NatWest,"And the usual non helpful reply from the bank. Now says a corner is folded when trying for the 8th time, t0ssers. Unable to deposit a £50 cheque using the app, 3 days now this has not been working. They tell me to go to my branch or the post office. The branch in my town closed years ago and it takes forever for it to be dealt with by the post office. You know what they say, a wunch of bankers...",1,Negative,Positive,Negative,Negative,Negative
473569a4-0357-4631-936d-3b58ab664ea8,NatWest,this has got to be the best online banking ever..so easy..it's brilliant.,5,Positive,Positive,Positive,Positive,Positive
986d3242-b2df-4692-9b83-00c926e0a9a9,NatWest,I have installed new app but NatWest still requesting me to install new app,1,Negative,Neutral,Neutral,Negative,Negative
35d9d6d1-bd72-4810-8c44-a2a3bbfcfbab,NatWest,amazing app,5,Positive,Positive,Positive,Positive,Positive
069bdf6d-dad5-43b3-874b-aa44609a75a2,NatWest,"Look, I've tried multiple times to set up a student bank account and the website and app keeps directing me to options that don't exist? The app feels more like a glorified balance display than a functional banking app...",1,Negative,Positive,Negative,Negative,Negative
bd03570d-faaa-44fc-8126-ebe00afb5863,NatWest,make card payment hard to do,1,Negative,Negative,Negative,Negative,Negative
21010d40-f781-4b83-a89e-f4955e4989db,NatWest,Practical. Intuitive.. reliable,5,Positive,Neutral,Positive,Positive,Positive
2d9f70e4-8ee7-49d6-84b0-db0adb211406,NatWest,useless app. see up biometrics but still demands a pass code. set up to suit the bank not the customer. I tried phoning but apparently it takes their Tech team a week to respond. worst bank ever,1,Negative,Negative,Negative,Negative,Negative
d37e0f4b-b20c-424f-9e7a-a878d73bd190,NatWest,Why do you bother to change a simple system that works every time!,1,Negative,Negative,Negative,Positive,Negative
642a9f27-66f0-44e1-b75a-3681dc5791e0,NatWest,I just upgraded to Android 15 (Samsung Galaxy S23U) and now the app won't open at all. It just goes to the opening blue screen but no further.,1,Negative,Negative,Negative,Negative,Negative
0ae2e868-23bb-43c7-8906-0728afbe8d4d,NatWest,no matter all the features. I can't have multiple saved payees with different references. e.g. for HMRC and childcare. I've tried complaining multiple times but it's impossible to get fixed,1,Negative,Negative,Negative,Negative,Negative
e3dc4dc7-889e-4c93-9101-e91639f44e7b,NatWest,easy to operate the app...,5,Positive,Positive,Positive,Positive,Positive
45619833-8d8c-4177-a41e-40bf83667c73,NatWest,it's impossible to make payments to them,1,Negative,Neutral,Negative,Negative,Negative
1b54e72f-3122-4d1f-bac1-ff2e0fe18cee,NatWest,I had given it before 5 stars. Was a good app. Now all look so squeezed. I tried to deposit a check on a few ocasions. it never worked. big downgrade,1,Negative,Positive,Negative,Positive,Negative
eda4ef7f-793b-474a-9d52-779357edee0d,NatWest,"Well, This App is one of the best for modern Banking...",4,Positive,Positive,Positive,Positive,Positive
cfa2f826-3f24-4996-a982-9274ca1e3fd5,NatWest,all ways a great help nd reassurance at a push if a button love it well happy,5,Positive,Positive,Positive,Positive,Positive
940e9c28-754b-4e0e-8aa4-e011ced56b56,NatWest,"Terrible experience. First, I use a random password as any sane person does, and I keep it in the password manager. The fact that it asks for random letters instead of the password is annoying in itself... But now the problem that the app resets everytime I switch apps means I have to writ le my password on paper which is less secure. Really bad design, annoying and very insecure.",1,Negative,Negative,Negative,Negative,Negative
c69b3557-1415-40c6-b181-0baa6ff81004,NatWest,"Nat West mobile banking app is excellent, very informative and easy to use",5,Positive,Positive,Positive,Positive,Positive
53372c5d-67cc-4387-aee1-9c57a7801199,NatWest,"spending categories don't work at all anymore. when changing the category of one or many transactions the app either crashes or says it moved the category but doesn't. this is very frustrating, it's hard to manage finances when you can't actually categorize them.",1,Negative,Negative,Negative,Negative,Negative
b2fdb514-eb24-417f-999a-e3bba7c0e252,NatWest,"After 56 years with Natwest, still a brilliant bank to be with.",5,Positive,Positive,Positive,Positive,Positive
85385add-ece1-4a9c-8768-a10f81c4277b,NatWest,useless just showa minus money no explanation,1,Negative,Negative,Negative,Negative,Negative
552491fa-c36c-484b-8e43-fcead11b2de7,NatWest,"Fairly easy to set up, only just joined so still getting to know systems",4,Positive,Positive,Positive,Positive,Positive
a27020ab-b2a4-41a2-b1c2-d133ff314bb9,NatWest,"after update it forces you to re register app, as i dont have this information at work makes app useless update april 2025, still unable to login even after a year, terrible app.",1,Negative,Negative,Negative,Negative,Negative
51ce020b-8969-4622-af81-747723287a48,NatWest,App not displaying all Nat West accounts as before. Cora says a problem with android phones and to update app. App store says no update,1,Negative,Negative,Negative,Negative,Negative
59812ac7-507c-4d63-9637-c87a70ac1f3b,NatWest,very easy to use.thanks,5,Positive,Positive,Positive,Positive,Positive
bf92d451-420e-470d-b096-c1c7d228b722,NatWest,excellent app. Just replacing existing on new handset.,5,Positive,Positive,Positive,Positive,Positive
18b34e3a-bf3f-48d9-9ae8-f85beda5d8af,NatWest,can't log in as a mortgage only customer - don't have any of the credentials,1,Negative,Neutral,Negative,Negative,Negative
83400acf-0a6b-47d8-b84b-676fa3b00e02,NatWest,so very quick to do.,5,Positive,Neutral,Neutral,Positive,Positive
dc263084-b68d-468a-b9e0-032b886f085d,NatWest,Simple and easy to use. No issues at all,5,Positive,Positive,Positive,Positive,Positive
9f795bc8-d31d-45ba-9165-5c15c2b1e3cf,NatWest,quite difficult tobuse,2,Negative,Negative,Negative,Neutral,Negative
afb4941e-6971-46ed-9368-1115eda88049,NatWest,great online service,5,Positive,Positive,Positive,Positive,Positive
bbe6ac0d-d6c5-4a8a-8a1c-a93c9bd24f98,NatWest,"Getting cheesed off with the ""service status page"" Never had an app which is down as often. Also, can't do transfers to payees on a future date (although the app appears to have the functionality). Visited a branch to check and they said that's just how it is. Probably off to Monzo.",2,Negative,Neutral,Negative,Negative,Negative
68a220d1-0de5-4507-ad53-a6a9edf7dcf8,NatWest,Not sure why you can't approve transactions through texts like other banks? why do we have to log in twice just to approve a transaction? the issue is that as soon as you log in the NatWest app to approve a transaction the page on the other app that needs the payment refreshes and you end up starting all over again. Not user friendly at all!,3,Neutral,Negative,Negative,Negative,Negative
6dcb21d8-28ca-4b28-a919-ee2562e6c064,NatWest,brilliant app,5,Positive,Positive,Positive,Positive,Positive
696bcd26-3399-421c-b2f3-75ff2f846503,NatWest,The most user unfriendly banking app I have ever used. I can't wait to get to the end of my credit card contract so I can move to somewhere/anywhere else. But unfortunately I can't check the balance or how long I have left on my contract because I CAN'T ACCESS THE APP! I have no clue how much my balance is!! I just go round and round and round. Their logo is very apt.,1,Negative,Negative,Negative,Negative,Negative
1f0fe012-cbad-4d1c-8484-81a6adc86171,NatWest,love the app,5,Positive,Positive,Positive,Positive,Positive
c898571e-e806-4526-8d9e-054cefc8b245,NatWest,brilliant bank of you have a problem they sort it out straight away,5,Positive,Positive,Positive,Positive,Positive
47323055-9b8f-4074-9d11-dfda296c8b8a,NatWest,very helpful,5,Positive,Positive,Positive,Positive,Positive
fa12fb5a-891a-475d-b13c-0e35faa1373e,NatWest,"I have updated my fingerprints on the same phone and followed the steps to reactivate my biometrics. But when I get to step 2 for receiving a activation code, it just couldn't never reach my phone no matter how many times I try. Pls will the tech help to figure out the problem or I will no long able to log on to my app. Thank you",5,Positive,Negative,Neutral,Negative,Negative
aa79c3f0-3211-4963-b7a6-c62fd4eee7d9,NatWest,"hate the changes, just want to pay someone ...fed xxxxx up",5,Positive,Negative,Negative,Negative,Negative
a9606d0e-f497-4c5d-ab66-000b0d7c8344,NatWest,Very easy to use on line banking. Thank you Nat West.,5,Positive,Positive,Positive,Positive,Positive
5d6473d1-49dc-474a-81ff-bcbfe59a57a2,NatWest,terrible,1,Negative,Negative,Negative,Negative,Negative
92bdcc10-c4b8-4af2-bbef-195f05785799,NatWest,"why in the actual world do you make it SO hard to transfer from my current account to pay off my NATWEST CREDIT CARD!? It's almost as if you don't want anyone to be able to easily to do so, so you can charge extra interest on monies that want to be paid off! Definitely balance transferring back to Halifax, they make it so easy to pay a lump sum.",1,Negative,Positive,Negative,Negative,Negative
5d1e11ac-6d06-4cc6-8cce-bdfa58e09654,NatWest,worst bank ever,1,Negative,Negative,Negative,Negative,Negative
545f3de5-04a0-4906-9e68-d0f4fa977a05,NatWest,Great account and updated information to keep in the loop.,5,Positive,Positive,Positive,Negative,Positive
311a6568-f0fc-4f3a-9695-aebd42f5306f,NatWest,It's 50/5 whether it wants to work.,3,Neutral,Neutral,Neutral,Positive,Negative
dcaf5ccc-9c87-4300-866b-47bd1cffa644,NatWest,easy to use!,5,Positive,Positive,Positive,Positive,Positive
45a84cc5-8eff-400b-bfbf-19e7f5189666,NatWest,Does everything you need.,5,Positive,Neutral,Positive,Positive,Positive
bf8c459c-8272-4132-9243-33e9cc9b39cb,NatWest,"Had unknown transactions that I didn't remember doing in overdraft because of them,tried calling up costumer service waited ages never got in contact with a person",2,Negative,Neutral,Negative,Positive,Negative
0f926f55-39e7-4dc1-a721-537606ad4629,NatWest,very easy to book.,5,Positive,Positive,Positive,Positive,Positive
8441238e-6e61-411c-bfed-bb0465149719,NatWest,"have had a mare with the finger print, wouldn't work then blocked me. had to faf re registering, and it still won't take the finger print and I've to use the pass code and now!!!!! it's circling and won't open up what the hell is going on, getting to the point where the screen is timing out and it's still thinking about opening up. WORK god dam it.",3,Neutral,Negative,Negative,Negative,Negative
eaab5a7c-d4df-45ad-aada-cd032757a86a,NatWest,far too difficult to set it up. how am I expected to remember all these numbers and pins?,1,Negative,Negative,Negative,Neutral,Negative
3cff20f4-e031-43a4-9a6d-1ae5d6d45a74,NatWest,overall a reliable app however cheque depositing- now more important than ever with branches essentially being inaccessible is still extremely unreliable. Some features have been tweaked lately just enough to make it more difficult to find what you're looking for. Compared to other banking apps very little down time and quickly loads.,3,Neutral,Negative,Negative,Positive,Positive
6f4afda8-1ffa-4df6-b1c7-061e39b58920,NatWest,"zero customer services, app is difficult to navigate, can't see when payments are due etc",1,Negative,Negative,Negative,Negative,Negative
e1710a59-7637-4490-95f2-6fad31ab0678,NatWest,Biometrics suddenly stop working so cannot use the app. Constantly getting error messages.,1,Negative,Negative,Negative,Negative,Negative
e538edc4-19fc-4e1e-a449-9d0febf0a1ff,NatWest,Easy to use.,5,Positive,Positive,Positive,Positive,Positive
6158b34e-4d60-47d7-b244-3d865f0c151a,NatWest,Keeps telling me to update the app when I try to open it and sends me into the loop of death.,1,Negative,Negative,Negative,Negative,Negative
e56a9bd8-3a99-4709-ac31-f671972f90be,NatWest,"great staff at xgates leeds branch, going to miss them and the branch.",5,Positive,Positive,Positive,Positive,Positive
17557f70-db5c-45fb-87b8-29469c545f0c,NatWest,Very easy to download & staff very helpful & understanding,5,Positive,Positive,Positive,Positive,Positive
6565dbe3-4382-4e68-93ff-06678193f24a,NatWest,buggy app can't read cheques and keeps crashing,1,Negative,Neutral,Negative,Negative,Negative
c47fb49b-9f36-473a-87e3-fafdc8d05c2d,NatWest,excellent,5,Positive,Positive,Positive,Positive,Positive
dc8d40a9-0aa9-4a01-b748-99631778c72e,NatWest,very good with info.,5,Positive,Positive,Positive,Positive,Positive
dc5b12d6-a87a-494d-ab94-608bb205019e,NatWest,"Getting hacked off, trying to reinstall this app as having to update and it say your app will be installed soon??? Like when I have bills etc to pay!! Going to change to nationwide if this carry on and if the updated app proves to be rubbish definitely going nationwide for all my accounts",1,Negative,Positive,Negative,Negative,Negative
521a3f1f-275b-4d74-9e95-42bf0f6d1563,NatWest,I can't get on it because it continuously said undate even when I pressed the update.,1,Negative,Neutral,Negative,Negative,Negative
44c142a8-8f89-4633-8818-660fed307dcc,NatWest,I like being able to see what's going on in my account,5,Positive,Positive,Neutral,Positive,Positive
cacbfe6f-fc2e-4e92-8d35-240640c28020,NatWest,"I have found this a very difficult process but the assistant, Nikita, has been so patient and helpful. thank you so much.",5,Positive,Positive,Positive,Positive,Positive
68bf62e8-8a4d-416c-84c8-5287456ea1bd,NatWest,brilliant,5,Positive,Positive,Positive,Positive,Positive
41c7d3b6-7eef-46af-84f8-a8a452f0eb3f,NatWest,best bank ever really nice people 👌,5,Positive,Positive,Positive,Positive,Positive
d1bdad4c-90ea-4518-bd67-85fdadf0c04f,NatWest,excellent service and very helpful. Thank you 👍 👍 👍,5,Positive,Positive,Positive,Positive,Positive
ea522ebd-ca39-4998-93b5-0ba2860256b1,NatWest,the app would not log in or open,3,Neutral,Neutral,Negative,Negative,Negative
e3447c23-8cc0-4fbe-903c-b7a598340608,NatWest,good service,5,Positive,Positive,Positive,Positive,Positive
f5351b46-95c7-4759-a3b6-8accad7b886d,NatWest,great service,5,Positive,Positive,Positive,Positive,Positive
13150f18-5f26-4298-9bdc-0000c30e1125,NatWest,What is the point of having an app if for everything useful I have to log into the website?,1,Negative,Positive,Negative,Positive,Negative
fa07b2f8-f6f9-4d8e-b8c2-3bdcd481c6b7,NatWest,amazing,5,Positive,Positive,Positive,Positive,Positive
2db67d63-e4ad-411a-8904-534182da17eb,NatWest,Simply the Best Banking application,5,Positive,Positive,Positive,Positive,Positive
419505e6-564d-4c4f-8349-a986609591bd,NatWest,best bank yet best service,5,Positive,Positive,Positive,Positive,Positive
33ca18f2-0961-4535-a6e4-1b5a5f8a966a,NatWest,very good saving service. Easy app to manoeuvre in.,5,Positive,Positive,Positive,Positive,Positive
f1cfd132-a3e0-42e0-b59b-c2b29b44c86e,NatWest,"I don't want biometrics on my account because it's really difficult for me to work ive gone from having a easy experience to a completely frustrating one, not impressed",1,Negative,Negative,Negative,Positive,Negative
88dbfaa4-503e-42b9-a35f-f7f8ae903a42,NatWest,"Easy, fast and smart, great app. great Bank 👍🏼😊",5,Positive,Positive,Positive,Positive,Positive
59be7277-70ef-4b55-95f8-2f390ab4f34f,NatWest,05/03/2025: New update and homepage are terrible. It's clear you don't care to consider about your neurodivergent customers. The logos are good (wallet for check account and pig for savings) but the tabs are not good. Why fix something that wasn't broken? *****APP UPDATE: 29/03/2025: It can be seen the 'Double Tap Tab Feature' is still in place. It was great the way it was before. NW go on about being the best app of 2017 and 2018. They haven't won it since so they must keep getting it wrong.,1,Negative,Positive,Negative,Negative,Negative
3db2284a-c872-4975-8d3d-3f973484e6ef,NatWest,Excellent,5,Positive,Positive,Positive,Positive,Positive
147a1234-a8c2-409f-a09a-9b89d16bbec9,NatWest,"Decent app, but the new interface is not good. The old one was better, less clicks to do the same things, better use of space.",4,Positive,Positive,Negative,Neutral,Neutral
5cdd0e0c-c6e9-4fd6-86b2-24c983f4f383,NatWest,best and safest banking,5,Positive,Positive,Positive,Positive,Positive
d01f1f44-f3d6-4b24-90a7-f5e137026911,NatWest,"Overcomplicated App - Frustrating to use. I'm new-ish to NatWest and find the app overcomplicated as everything is in tabs. I literally just want to click on the account and see the transactions, not have to select from a second menu. I've used apps from all other major banks and these are so much easier to use than NatWest.",2,Negative,Positive,Negative,Neutral,Negative
6eb00d64-562a-42a9-ba1b-2acd14d84d0e,Lloyds,"This app is so easy to use, even for a technophobe like me! It's quite easy to navigate and find what I want. The updated version is just as easy to use so I'm really happy with it. The updated app looks good and does more. It allows me to to complete transactions without having to go out, and, being disabled I can do what I need to do at home in comfort. I can transfer money from my account to someone else with ease. I can amend regular payments too. A big thumbs up from me. Thank you.",5,Positive,Positive,Positive,Positive,Positive
28a2cec7-2e27-4e21-8c6e-5529262825f3,Lloyds,"Brilliant, no complaints whatsoever 👌",5,Positive,Neutral,Positive,Positive,Positive
5f54ae91-0b48-44e1-9ba0-1dce50603754,Lloyds,most faulty banking app ever,1,Negative,Negative,Negative,Positive,Negative
ba9d2f37-9715-4234-9005-e2eccb98d8d1,Lloyds,easy to use even though I am in my eighties,5,Positive,Positive,Positive,Positive,Positive
adcb879d-e896-490b-bc3e-f5ae31282c2c,Lloyds,for a long time the app is unusable if u trying make a bank transfer some new person u can forget about it won't happen and customer service They don't know absolutely nothing,1,Negative,Negative,Negative,Negative,Negative
b0e2847b-3706-44f0-997b-fbb1069569a6,Lloyds,excellent this is the only bank account I've ever had and I'm in my 60s now so it's long term. always helpful,5,Positive,Positive,Positive,Positive,Positive
964e94e1-2ca0-412f-82bd-f8fcc208e797,Lloyds,Quick easy app to use,5,Positive,Positive,Positive,Positive,Positive
1eb698fc-5ecf-4241-a2e6-7a99058ce863,Lloyds,Yet again more tweaks and adjustments to an App that was bad in the first place. For god's sake leave the thing alone and put the geeks back in the cage you got them from.,1,Negative,Negative,Negative,Negative,Negative
adb121d2-0ed8-49ac-9bfe-a877dc054138,Lloyds,brilliant 👏,5,Positive,Positive,Positive,Positive,Positive
ae527ee1-5231-4bdf-9bee-9ab03c278dd1,Lloyds,I have been trying to change my adress on this app for months but it isn't working. I don't have a credit card anymore due to not being sent one to the right address.😡,1,Negative,Negative,Negative,Negative,Negative
418e6a83-d412-4a1e-ba20-efd8a6dab07b,Lloyds,"2026 and you don't have a customer support function just an ai slop bot that is fully retarded 😂 It asks what your issue is, you explain in basic terms and then it repeats the same question over and over and you never get to talk to an agent what a dogshit app, switch to literally any other bank",1,Negative,Negative,Negative,Negative,Negative
8d06ef61-9eea-4e7a-8ca3-714d20db944a,Lloyds,"actually works really well, managing card security is very useful, particularly when abroad, haven't needed to go into a bank in years, be nice if you could have a fixed date for the expenditure, for those paid on the same day each month.",5,Positive,Positive,Positive,Positive,Positive
eaa3c573-1c08-4593-b618-cf59113af48e,Lloyds,Very frustrating that the credit card statement does not have a running balance. Makes no sense why they would specifically stop that. Also it is often very hard to start scrolling through a statement. Something changed in the last big upgrade.,3,Neutral,Negative,Negative,Negative,Negative
825cb3b3-486c-46f6-ad57-3f309327c2a8,Lloyds,"worst banking app ever. in fact, it is now worse. the Steventon is no longer a running history of the account. thankfully they haven't screwed up the paper statements yet.",1,Negative,Negative,Negative,Negative,Negative
5a38c5ad-ded8-4461-9541-f833378ea9d7,Lloyds,doesn't work. reported 2 weeks ago after update and still broken. terrible support guess what another week in and still broken. the total lack of support or urgency is unreal. its been months now and still not working. this is a relection on how Lloyds view customer service,1,Negative,Negative,Negative,Negative,Negative
c3b6a24b-1d5f-40b8-9884-bdd00d57aae2,Lloyds,Very secure.,5,Positive,Positive,Positive,Positive,Positive
a10a27b4-c3a8-492d-81c5-348605be2c5b,Lloyds,no longer works now says my phone is rooted when it isn't. Been like this for 6 weeks will be switching banks as have no issues with the others.,1,Negative,Negative,Negative,Negative,Negative
df2f9fbb-3dc5-4595-a912-8463d797a919,Lloyds,excellent. No problem with any of the applications.,5,Positive,Negative,Positive,Positive,Positive
0ea250c9-50d0-4f29-91c3-dba2ab8a5add,Lloyds,excellent,5,Positive,Positive,Positive,Positive,Positive
3cc2a92f-2ee3-4831-a03a-49a2ffd702b9,Lloyds,One happy Lloyds bank customer thankyou Lloyds very much fantastic App and great service,5,Positive,Positive,Positive,Positive,Positive
6e95a5c7-6a1b-4883-a403-50f6b6619c05,Lloyds,fairly easy to use,4,Positive,Positive,Positive,Positive,Positive
36c22191-0dd3-4952-b13a-743b3dbc3051,Lloyds,"Getting there with modern technology,st 89yrs remembering passwords is always a problem",4,Positive,Negative,Neutral,Positive,Positive
a85c7d47-0e99-4e50-a7f4-a72a27b272e3,Lloyds,wonderful,5,Positive,Positive,Positive,Positive,Positive
fcd56437-00c2-40e9-b656-75f066a41b05,Lloyds,"i find it easy too use , everything is self explanitary & its a quick process to go through",5,Positive,Positive,Positive,Positive,Positive
979a04ea-e27e-40d7-852d-feb50f4b07c5,Lloyds,hard to navigate app. no live humans to help. personally websites a lot easier,1,Negative,Positive,Negative,Positive,Neutral
ebb2d42c-95c7-42da-89bf-e35d595bc890,Lloyds,easy to use,5,Positive,Positive,Positive,Positive,Positive
b95c979d-a84d-4e7a-ad6b-91852ded886f,Lloyds,Excellent and easy to use,5,Positive,Positive,Positive,Positive,Positive
b1b387c0-425b-413e-9bcb-ff63d27678c3,Lloyds,"Stopped working with Poco X6 Pro 5G - error on login. I've contacted Lloyds, and they say they are aware of a problem on Android devices, but they don't know if/when it will be fixed. Helpful.",1,Negative,Positive,Negative,Negative,Neutral
9bdb7cca-d4e7-4935-a763-c2356d767aa3,Lloyds,supper,5,Positive,Neutral,Neutral,Positive,Positive
117ed20a-7c46-4a2f-824c-3464c275aca3,Lloyds,fairly easy to use.,5,Positive,Positive,Positive,Positive,Positive
ed5b57e0-699d-45b9-9b73-eff70f97e18f,Lloyds,very easy,5,Positive,Positive,Positive,Positive,Positive
5f043d04-779d-40a3-a823-31d858635fe8,Lloyds,"set up fairly quick,but would be easier with biometrics.",5,Positive,Positive,Positive,Positive,Positive
b8c1ea50-fc3e-4e23-a08b-6fb01fb08216,Lloyds,Don't like having to clear ads to get to my account details,4,Positive,Positive,Negative,Positive,Negative
fea0ba25-e4ab-4554-871b-85bf2e11087b,Lloyds,best thing that happened to me as we don't have a bank in my village .,5,Positive,Positive,Positive,Positive,Positive
53bfed30-4810-40f4-8e72-f6f69847329e,Lloyds,"Outrageous how slowly they reply to chat, especially as the notifications never work and they close the chat before you get a chance to respond so you have to start all over again! No other major bank takes so long. Wise still they keep blocking payments for no reason and without bothering to ask for confirmation, so you have to constantly contact them over and over and over...",1,Negative,Negative,Negative,Negative,Negative
0a317414-e846-4e67-a1e7-e0c285624376,Lloyds,Reliable service over the 60+ years with my accounts.,4,Positive,Neutral,Positive,Positive,Positive
ccaed625-e746-4bfe-a86e-c01b34e73a5d,Lloyds,excellent,5,Positive,Positive,Positive,Positive,Positive
e92fa076-8d98-48a2-bbf7-a59ef99490b6,Lloyds,Exceptional banking at your fingertips 24/7. Excellently supporting my financial plans and suggesting more to make life easier overall. I am lucky to have chosen Lloyd Bank.,5,Positive,Positive,Positive,Positive,Positive
d9945186-6366-46f6-8289-5a847f895d60,Lloyds,Very secure.,4,Positive,Positive,Positive,Positive,Positive
a19388fa-616a-4aad-a901-e174e220a70a,Lloyds,I'm very new to technology but still managed to use it.,5,Positive,Neutral,Positive,Positive,Positive
062046bb-e11a-468d-bb6b-eb248806ed56,Lloyds,"great app especially as I'm new to online banking, so easy to use.",5,Positive,Positive,Positive,Positive,Positive
92f21fc1-1fec-43ec-b1f6-48439bb64155,Lloyds,Excellent.,5,Positive,Positive,Positive,Positive,Positive
9946c90a-0757-4eb9-ada6-39c3713473a0,Lloyds,"for about 2 or 3 weeks I have had trouble logging on, with a message telling me they are experiencing problems. Sometimes trying again allows me access, but not always. I was happy with the app until this started to happen.",2,Negative,Negative,Negative,Negative,Neutral
6aee08ab-a46e-4af7-b20d-a759f057a8d6,Lloyds,"I enjoy banking with Lloyd's Bank, but find saving money extremely difficult! I would like to see Lloyd's Bank introduce the same Postal ISA's that I had with Abbey National Bank.",3,Neutral,Positive,Negative,Negative,Positive
885df35e-9baa-4ed4-8a8f-15424e1f36f8,Lloyds,Excellent. Felt I was safe,5,Positive,Positive,Positive,Positive,Positive
6f244a47-790b-4939-a1d6-665c215bbd2b,Lloyds,easier today quicker to log on than the previous weeks.,4,Positive,Positive,Positive,Positive,Positive
ad815723-2fb0-41a5-ace6-b582efaefd02,Lloyds,My experience on this app is outstanding.I am very satisfied.,5,Positive,Positive,Positive,Positive,Positive
42851777-344d-418e-bdd1-356d470b955d,Lloyds,Improve the message page...the rest Quality,4,Positive,Positive,Neutral,Positive,Positive
a49d7cea-96ae-424c-8066-cf07c8724dc2,Lloyds,easy to use .,5,Positive,Positive,Positive,Positive,Positive
6db060dc-b85d-44ed-9238-01fc3a4ed4b6,Lloyds,excellent,5,Positive,Positive,Positive,Positive,Positive
9a65d1b4-8bf2-45e4-b95c-511ea4285afd,Lloyds,easy to use,5,Positive,Positive,Positive,Positive,Positive
9da659ad-3498-484f-85c1-8dbf3afb3b74,Lloyds,perfect,5,Positive,Positive,Positive,Positive,Positive
2d373670-abd9-4faf-a26b-9df806aece8b,Lloyds,The app not working on Sony Xperia 10 VI,1,Negative,Neutral,Negative,Positive,Negative
badb7f26-3678-431c-beb5-d6e6fda9a087,Lloyds,So easy to carry out transactions.,5,Positive,Positive,Positive,Positive,Positive
96f4c963-0bf3-4983-bf6e-7476025d4432,Lloyds,"Had some technical issues with identity verification when I first got the app a few years ago but otherwise/now, it's all good. Comprehensive and functional.",5,Positive,Positive,Positive,Positive,Positive
1aa19b6a-0f18-4249-84bf-3bbc32eacb78,Lloyds,Great app. very easy to use and so much to offer. I do all my banking through the app and never had any problems.,5,Positive,Positive,Positive,Positive,Positive
1d67ee81-dcae-4ebc-b4b3-eee59264bcb9,Lloyds,The instructions to set up your account are in no way clear. When asked to set up a memorable word it doesn't tell you to also use numbers as well. Instructions need to be made clear for setting up.,2,Negative,Positive,Negative,Negative,Negative
78586e7a-ae67-4fb0-9a48-0423f865fe4e,Lloyds,very good overall,4,Positive,Positive,Positive,Positive,Positive
a8737591-6a99-4cf4-870b-7755500ce361,Lloyds,very easy to open accounts and make tranfers.,5,Positive,Positive,Positive,Positive,Positive
4645a30c-09f9-4d18-97ef-8e5c96074ad4,Lloyds,works,5,Positive,Neutral,Neutral,Positive,Positive
fece9eec-687d-49b5-b990-964592363961,Lloyds,good experience,5,Positive,Positive,Positive,Positive,Positive
d98a4eef-82b3-465d-86be-273fd1dd57ed,Lloyds,they closed my account because someone put £20 in my account that they owed to me. apparently he was doing some sort of scam on some unfortunate person. which I knew nothing about until the bank blocked my account. subsequently closing it 2 months later. so thanks for messing up my financial situation and causing me unnecessary stress and anxiety also not being able to get a normal bank account!!!! Well done Lloyds 👏,1,Negative,Negative,Negative,Negative,Negative
e5202881-7770-4ddb-bcaf-b0db4704fffe,Lloyds,very slow App,3,Neutral,Neutral,Negative,Negative,Negative
31d7fa19-fbd6-4d41-bc18-1c82c94e2be2,Lloyds,very easy to use,5,Positive,Positive,Positive,Positive,Positive
baaa448f-5337-46a7-b731-ffa0c02be083,Lloyds,Easy to access and use every thing in one place,5,Positive,Positive,Positive,Positive,Positive
0e465d9f-a215-4660-809c-b59f1526abb0,Lloyds,very easy to navigate,5,Positive,Positive,Positive,Positive,Positive
fa21c702-472c-4a5d-a888-fa618da857f0,Lloyds,absolutely marvellous - could not manage without it.,5,Positive,Neutral,Positive,Positive,Positive
36ecc812-2536-486a-ad0a-87784c23c59e,Lloyds,"Makes life so much easier... when it works. I've not been able to use for nearly a month, and the telephone customer service is beyond useless. *would like to clarify, they are all mostly great to talk to, but the last 2 times I called, so spoke to more than 10 different people trying to sort the issue because I never went to the right people. ended up in the fraud department twice in the last call, the telephone banking password setter once, and payments department...",1,Negative,Negative,Negative,Negative,Positive
066fc063-e0d0-4598-8047-ab6036c5135f,Lloyds,simple and easy to use,5,Positive,Positive,Positive,Positive,Positive
e55d41f1-71ad-40c2-a125-f683a0ac79c5,Lloyds,excellent,5,Positive,Positive,Positive,Positive,Positive
2cffbe7a-e42f-455c-84d3-719d9069ae9f,Lloyds,always seem easy to use.,5,Positive,Positive,Positive,Positive,Positive
fef0bb43-9604-4b54-83c1-27636e1ae4e6,Lloyds,easy to use & I'm not into apps /online banking . But Lloyds mobile banking is easy & brilliant,5,Positive,Positive,Positive,Positive,Positive
1437e1d3-6af6-4ccf-b896-bfc6166cec42,Lloyds,it's a shame your notifications cannot be more accurate. have had two notifications that gave misleading information. one implied I didn't have enough balance and the other of a payment that was a third lower than actual (for a product linked to my account!). poor design.,2,Negative,Negative,Negative,Negative,Negative
6de1dddd-6760-4cf2-a5d1-8fa7eed251b2,Lloyds,so easy to use,5,Positive,Positive,Positive,Positive,Positive
cf734b35-21ed-43de-9412-6724b009d2ed,Lloyds,excellent,5,Positive,Positive,Positive,Positive,Positive
28b98538-b5e4-4b5f-9c48-e9dc31bb3fd7,Lloyds,"fix the damn app, cant login",1,Negative,Negative,Negative,Negative,Negative
45297a92-da88-4732-8070-9cc6bbc8d5f5,Lloyds,smooth and easy to use.,5,Positive,Positive,Positive,Positive,Positive
05d786c6-c49e-40f1-b43c-c602402b9ac7,Lloyds,fit for purpose,5,Positive,Positive,Neutral,Positive,Positive
c3fd02ca-8cd1-4bd8-a55c-06e93f46bdfe,Lloyds,"Actually the worst banking app I've ever used. Signup is extremely difficult, with it crashing on multiple occasions, and resetting entire signup progress after I locked my screen for 5 mins. Account finally opened, but no card through the post as they got my address wrong. Had to separately request mobile banking login code (despite signing up via mobile) which took several days to arrive. And now I can't login as there a disabled next button. On second attempt to log in, it fails entirely.",1,Negative,Negative,Negative,Negative,Negative
0ae4df1f-4918-4f5b-80b4-725be16274c6,Lloyds,Easy to use,5,Positive,Positive,Positive,Positive,Positive
6d4daac9-7ab7-47ce-a985-f7cc03683ffc,Lloyds,seamless and easy to navigate,5,Positive,Positive,Positive,Positive,Positive
e3d257a8-f2ef-49da-a8a0-d01d2ba34dbf,Lloyds,"clunky, slow, not clear what to do",3,Neutral,Negative,Negative,Neutral,Neutral
0ead9340-2fad-4454-bbb5-163c7832ab1d,Lloyds,It works perfectly,5,Positive,Positive,Positive,Positive,Positive
854143d9-8311-44b0-aef3-49cb182d0aa3,Lloyds,"Quite difficult to use, keeps shutting down whilst I am trying to enter Details. Also I find it quite difficult to find various 'details'. it has taken me ages to set up a payment as the 'Pay' section was hidden 😞 n an obscurre menu option. It is obviously not made for my brain! sorry my fingers don't cope with this morning acted bly small keyboard..",3,Neutral,Negative,Negative,Negative,Negative
14471751-b790-4a59-b054-b65aa029aaf2,Lloyds,"Pretty smooth and clear banking app. I don't use it daily but only have issues during maintenance. Everything is easy to find and clearly labeled, so far as the bank can control. Unsure why they need so many reviews and reference for an app though. Are you insecure, developers? I hope you're okay and paid for your work xoxo",4,Positive,Positive,Positive,Positive,Positive
c78f91eb-cc31-40b7-a6c9-c498fa8452f3,Lloyds,so easy to use. everything clear and easy to see,5,Positive,Positive,Positive,Positive,Positive
3653915e-01c1-470b-ad4c-e32b6cbc5edc,Lloyds,slightly clunky to use but clear directions,4,Positive,Positive,Neutral,Positive,Positive
c073047b-c44d-4991-82aa-673d696dc418,Lloyds,"The help system uses an awful AI. you wait ages for a customer service rep, usually from another country. then they disappear before you get a chance to reply!",1,Negative,Negative,Negative,Negative,Negative
bd9c2dac-9d0b-427a-95b4-244577d05a41,Lloyds,Good app haven't had an issue yet been using it for a few years now.,5,Positive,Positive,Positive,Positive,Positive
dc23579b-c15b-43b6-a170-86d15f7aa904,Lloyds,app launch failed often makes me reinstall the app just to access online banking thank god its not my main bank,1,Negative,Positive,Negative,Positive,Negative
7006393e-1a73-4bf1-bdc8-23683245ec61,Lloyds,horrible company reasonable app,2,Negative,Negative,Negative,Negative,Negative
5ee922b8-be76-4252-846d-b99138425300,Lloyds,easy to use,5,Positive,Positive,Positive,Positive,Positive
b61638d4-e08e-4ea1-97e1-a8986daf6126,Lloyds,good experience,5,Positive,Positive,Positive,Positive,Positive
591300a6-773a-4d03-af8a-95fcb235b256,Lloyds,fast reliable and credible,5,Positive,Neutral,Positive,Positive,Positive
acda77ff-59c1-4251-9eda-46d895131332,Lloyds,"easy to use. Actually, it's the best app I experienced.",5,Positive,Positive,Positive,Positive,Positive
db88c830-a4bf-4e88-a234-88a596866115,Lloyds,easy to use,5,Positive,Positive,Positive,Positive,Positive
4bc2643f-c967-4d47-b3c7-af444f72b9ad,Lloyds,easy to navigate,5,Positive,Positive,Positive,Positive,Positive
b8f85347-19b5-4cda-8cf4-8abebef5e3c1,Lloyds,"love the mobile banking app, so easy, everything gets done instantly, so much you can do on it at the touch of a finger.",5,Positive,Positive,Positive,Positive,Positive
8d012df5-3f41-421d-af28-a8ebddc162f7,Lloyds,Great bank happy opening my account with you. Thanks for all the services being provided am very greatful.,5,Positive,Positive,Positive,Positive,Positive
c0a54fcb-4c94-4d01-9059-8f42fdaafc55,Lloyds,very easy to use and navigate.,5,Positive,Positive,Positive,Positive,Positive
184b0dd7-6b00-42fc-8167-db0d373fac53,Lloyds,"easy to use and always up to date ,safe and secure",5,Positive,Positive,Positive,Positive,Positive
8178591b-1b55-4b8a-8d1b-171af14d0f0d,Lloyds,Smooth,5,Positive,Neutral,Positive,Positive,Positive
039428bf-1c7f-47e2-8e18-ed43369e3dd8,Lloyds,"I've been with Lloyds Bank a number of years now & I've never had a problem which can't be sorted. For instance, I needed help from the fraud team, they sorted the problem out in around 15 mins. When there was a branch in town, I'd pop in to speak with someone, but this online version is a quick & easy way to access things at the touch of your finger. Just have a look for yourself, you'll see how easy it is to be a customer of Lloyds.",5,Positive,Positive,Positive,Positive,Positive
69bdefa5-08ce-4e46-bb39-046024d651e3,Lloyds,easy and fast,5,Positive,Positive,Positive,Positive,Positive
a2abdcbe-ac46-433a-9b7a-afd31187ed41,Lloyds,it does what I need almost all the time.,5,Positive,Neutral,Positive,Positive,Positive
8e3a5d0a-57d3-4d99-8f93-ce14ffbb70cb,Lloyds,"I am sick and tired of being presented with a multiple-paged advert for Lloyd's Premier every time I log on to the app. I have zero interest in this product, but I am forced to scroll through these advertising pages before I can access the account information, being the reason I logged on. it seems I must change my bank to rid myself of this intrusion on my senses and time.",1,Negative,Negative,Negative,Negative,Negative
4e2dfad8-d90c-4ee2-9714-cc982b9f0628,Lloyds,Good & simple,5,Positive,Positive,Positive,Positive,Positive
96e1d00d-cddb-468a-a361-24d138c1a982,Lloyds,nice app 👍👍,5,Positive,Positive,Positive,Positive,Positive
5ef145a9-85b2-4df9-9fb8-0499280af98e,Lloyds,lovely,5,Positive,Positive,Positive,Positive,Positive
ee0862df-01a9-40b6-ada0-d31bdcbfe0c0,Lloyds,easy to use,5,Positive,Positive,Positive,Positive,Positive
d1db9a3c-9cbb-46b7-907c-7f9a2b5c6693,Lloyds,very good and simple,5,Positive,Positive,Positive,Positive,Positive
e81ad561-55d6-456c-9a2c-d920fea7bfe6,Lloyds,Lloyds have always supported me,5,Positive,Positive,Positive,Positive,Positive
f114d246-01d3-4b89-afb1-4812275e9552,Lloyds,Works for me....And I don't like many apps...,5,Positive,Negative,Neutral,Negative,Positive
bf9cd87f-c736-45ec-b8a4-a2a3770f3d90,Lloyds,"⭐⭐⭐⭐⭐ I am very satisfied with Lloyds Bank. Their services have been excellent - professional, reliable, and customer-friendly. A big, strong, and trustworthy bank that gives me confidence and peace of mind. Highly recommended.",5,Positive,Positive,Positive,Positive,Positive
49735b07-0b8a-4a06-9b5b-0ef9ef1d9926,Lloyds,"User friendly, l've been able to do everything I needed.",5,Positive,Positive,Positive,Positive,Positive
f5bf19aa-fca0-4d3f-b1af-c6423cf6379b,Lloyds,My eyesight is not brilliant and I hate the fact that you can't zoom in which when you think about it is a real problem when you need to get in with the correct password and also when transferring money to the right people and ensuring you have the correct amount.,3,Neutral,Negative,Negative,Positive,Neutral
22fc350d-9ad0-491c-801a-ea48bc06058e,Lloyds,my online banking is always excellent and the staff at my branch are also very helpful. always greeted with a smile may I thank Lloyd's for the service provided.,5,Positive,Positive,Positive,Positive,Positive
bb17277e-ae38-4291-8a58-961591f3a395,Lloyds,The app does most things but there are number flaws.... 1. It does not allow you to switch from one app to another without it logging you off. 2. Certain functions log you off e.g. download a statement. 3. The app currently shows my credit card in default despite the balance being nil. 4. personally I have found some of the layout a little clunky but that is really my preference.,2,Negative,Positive,Negative,Negative,Neutral
0cf0c570-7ebd-4719-bf6d-33a28e761ea8,Lloyds,excellent 👍,5,Positive,Positive,Positive,Positive,Positive
db44de7b-f988-441e-af03-e47a1b4a9f5b,Lloyds,So simple to use.,5,Positive,Neutral,Positive,Positive,Positive
74d2d5f6-0a11-4c56-b16d-bcd278badd9f,Lloyds,everything on here is what I need,5,Positive,Neutral,Neutral,Positive,Positive
902f2dab-a3ee-475e-8e7c-6aa5cbf95791,Lloyds,Just right ✅️,5,Positive,Neutral,Positive,Positive,Positive
ee6933a2-091f-4f36-9340-9f1f7b290809,Lloyds,not bad.,3,Neutral,Positive,Neutral,Positive,Positive
75662eb0-5397-4b20-8351-d27497035fcc,Lloyds,very easy to use 👍,5,Positive,Positive,Positive,Positive,Positive
bec1bfbc-ef8b-408c-a08b-07197a39abe8,Lloyds,"Amazing and wonderful app, Very fast and easy service.",5,Positive,Positive,Positive,Positive,Positive
ece5b1ef-b14d-4511-8f0b-245dc2c12880,Lloyds,very good and interesting,4,Positive,Positive,Positive,Positive,Positive
664442eb-d884-4479-bb83-8b378ae9743f,Lloyds,"Memorable Information, is a annoying with this day and age it should be face ID, like many of the other banking apps. Yes I know it does have a fingerprint ID but sometimes I have difficulty logging in via that. Please update app to include face ID on Android phones.",4,Positive,Positive,Neutral,Neutral,Positive
c7ac6eb5-280e-49d2-9541-c768ea175955,Lloyds,Very nice,5,Positive,Positive,Positive,Positive,Positive
2c26b981-6e7c-405a-9bc3-3ce51de68aba,Lloyds,"Simple, secure, app. It does what I want it to do and is a part of my money management.",5,Positive,Positive,Positive,Positive,Positive
5cc65370-dcec-4073-8c3a-ff52cbf184ef,Lloyds,smooth and user friendly,5,Positive,Positive,Positive,Positive,Positive
00132d78-8805-4d9c-a261-d95d6dd0609e,Lloyds,Counter-intuitive and doesn't show the current balance in the credit card statement.,2,Negative,Positive,Negative,Negative,Negative
d8fe5673-4aaf-42f6-bca2-e67aecbe08d7,Lloyds,Easy To Use,5,Positive,Positive,Positive,Positive,Positive
0a1e3083-15fe-46fd-9345-1cba7c0c85bf,Lloyds,Excellent,5,Positive,Positive,Positive,Positive,Positive
240ee203-247a-41a8-a5c4-0605534fd1a1,Lloyds,fantastic,4,Positive,Positive,Positive,Positive,Positive
b6740ce4-6de7-4fde-ba96-7990f2c782be,Lloyds,excellent,5,Positive,Positive,Positive,Positive,Positive
e3d36a2d-041d-49ba-b4f5-5468b81372f9,Lloyds,I can't fault this app.,5,Positive,Positive,Negative,Positive,Positive
2a3c682a-13b5-40b2-9ce4-13fb94b02ad3,Lloyds,easy,5,Positive,Positive,Positive,Positive,Positive
e4c70a21-db3f-4788-8fd4-32c6fbc78768,Lloyds,Brilliant quick and easy and secure,5,Positive,Positive,Positive,Positive,Positive
818a41a1-e2f6-4034-be73-493956196689,Lloyds,quick and easy to use 😊,5,Positive,Positive,Positive,Positive,Positive
958b9d84-d341-479a-bcf6-b1350b021b07,Lloyds,Excellent Experience,4,Positive,Positive,Positive,Positive,Positive
495f6d25-044d-44be-b043-7914aaba5411,Lloyds,does what it's meant to never had a problem,5,Positive,Positive,Neutral,Positive,Positive
6c32f4d6-3efe-4b6d-8b03-f6cc8825704e,Lloyds,very reliable,5,Positive,Neutral,Positive,Positive,Positive
7df0a1a7-f04b-4ae8-9c32-77dc7b531058,Lloyds,"Very good, does everything I want it to do.",5,Positive,Positive,Positive,Positive,Positive
fffff131-00f8-4e8b-8fca-847b050bd6ef,Lloyds,Fine.,5,Positive,Positive,Positive,Positive,Positive
a011c1a1-5cf0-4868-8716-8777e631fdb2,Lloyds,easy to use,4,Positive,Positive,Positive,Positive,Positive
41a0822a-41e7-4b57-a7ab-f22a03fdf3e3,Lloyds,Exactly 💯,5,Positive,Neutral,Positive,Positive,Positive
1c525e2c-c49c-46ba-967e-57139ff3c3e9,Lloyds,"its very easy,fast and secure.",5,Positive,Positive,Positive,Positive,Positive
c83021dc-21f3-4e9a-8424-83ad45c50cc0,Lloyds,"Nice app, easy to use, great to have banking info at my fingertips",5,Positive,Positive,Positive,Positive,Positive
2e7f7462-79f9-4eab-a11a-ca0a0c166a8a,Lloyds,Easy to use and reliable,5,Positive,Positive,Positive,Positive,Positive
65c4ef89-436d-46f0-9d88-9ec526e4fa36,Lloyds,wicked,5,Positive,Negative,Negative,Positive,Negative
8e289bf5-ba5b-416b-9bb0-77f90f21d34b,Lloyds,App is seamless to use,5,Positive,Neutral,Positive,Positive,Positive
bf27d81e-75eb-4ed3-b35e-070daf353964,Lloyds,ALL GOOD news,4,Positive,Positive,Positive,Positive,Positive
be4ea7ae-feb5-474e-b8e5-3b977be29eee,Lloyds,easy to use good customer service,5,Positive,Positive,Positive,Positive,Positive
0df90374-ceae-46a7-9de2-376199e86864,Lloyds,Very easy and practical,5,Positive,Positive,Positive,Positive,Positive
46cc70cb-2585-4587-8295-a357c5b54db1,Lloyds,Cant iog instill cant log in can't access a count,3,Neutral,Neutral,Negative,Negative,Negative
fccef5dd-5c2f-4b0a-8922-70a0c5a41ace,Lloyds,Excellent 👍👍,5,Positive,Positive,Positive,Positive,Positive
7fbac017-da10-4f26-9aa1-fed642b8b568,Lloyds,Best in town. Keep shinning.,5,Positive,Positive,Positive,Positive,Positive
b46c84b1-a92f-4f24-b7d3-f3ccc2c1e3a1,Lloyds,very easy to use,5,Positive,Positive,Positive,Positive,Positive
78f0b60a-5fe0-4d50-878f-4773e5f3247b,Lloyds,Never let me down,5,Positive,Neutral,Neutral,Positive,Positive
e23fa51e-3e24-455f-8644-13eb5c602dcb,Lloyds,easy to use and plenty of financial options,5,Positive,Positive,Positive,Positive,Positive
5c53de79-6762-420b-9fb9-ece8c44578fd,Lloyds,"fantastic, easy and quick to deal",5,Positive,Positive,Positive,Positive,Positive
2f015dea-c60d-4e19-8e04-7ea2d8149331,Lloyds,Excellent!,5,Positive,Positive,Positive,Positive,Positive
81a0abf9-ead5-4f82-8f5c-39b926a421b8,Lloyds,I am 73 years old not great with technology but thus app is do easy to use even for oldies like me,5,Positive,Positive,Neutral,Positive,Positive
dc9f74ef-4c42-424b-9760-ee6a4ce35ff9,Lloyds,"Very quick, simple and efficient.",5,Positive,Positive,Positive,Positive,Positive
f0cc7603-678b-4c77-a9cc-3b3dc2090f3b,Lloyds,"It keeps logging me fully out the app & as I have no memory of the login memberable info I have to keep going to the bank for them to reset it for me - this bug or whatever that keeps kicking me out the app & sending me back to the log in screen needs to be fixed, i honestly am think of changing banks bc it keeps happening & i keep having to get new info to remember - i know phone save this info but the guy who helps me keeps swiping off the option when he changes the passwords",2,Negative,Positive,Negative,Negative,Negative
9eca6153-df32-4c18-9f97-f56c1adea5b7,Lloyds,easy to use,3,Neutral,Positive,Positive,Positive,Positive
56afd408-0d09-4f25-aa15-7cbcbc3e5947,Lloyds,fantastic,5,Positive,Positive,Positive,Positive,Positive
2f50148a-275e-4373-ac64-5632c664578b,Lloyds,Stable and safe to use banking app,5,Positive,Positive,Positive,Positive,Positive
6db38526-391d-4547-b2ec-3b8f765b1c15,Lloyds,so far so good 👍,5,Positive,Positive,Positive,Positive,Positive
3f7cd3d6-2ce1-4ebe-b334-e907cf9e3825,Lloyds,I find it quick and simple to pay and transfer money. I also like that I can track money going out of my account as soon as it happens. It was easy to use once I was familiar with the layout.,5,Positive,Positive,Positive,Positive,Positive
0b4a441b-db1e-4ad4-8e02-c2177f32bb79,Lloyds,Great experience .,4,Positive,Positive,Positive,Positive,Positive
034b60fb-1be7-4d94-ab31-ae1527004980,Lloyds,app not working 😕 been like it for 2 days!!! still not working today 27/03/2026,1,Negative,Negative,Negative,Negative,Negative
d47a1538-206f-455f-9073-322c3bb8628b,Lloyds,fast and fast brilliant services the best bank,5,Positive,Positive,Positive,Positive,Positive
874d6b68-1a25-445a-9143-24b3bbe56dc2,Lloyds,easy to navigate,4,Positive,Positive,Positive,Positive,Positive
ba752081-f8e7-4c41-adfc-006bdf8c711e,Lloyds,very easy to use even for an 81 year old like me.,5,Positive,Positive,Positive,Positive,Positive
1c4e8f64-7240-4b58-a9f9-5d04827a2b21,Lloyds,Always working well for me. Thanks,5,Positive,Positive,Positive,Positive,Positive
9d6e3d1a-be58-43b5-a271-226639452163,Lloyds,Easy to use and gives clear information. Can see exactly what is in and due to go out of account.,5,Positive,Positive,Neutral,Positive,Positive
8ae2eb7b-9ba5-4d31-b22c-b8459b45d3a0,Lloyds,"its a good app, easy to use, does what it needs to do.",5,Positive,Positive,Positive,Positive,Positive
36fda920-abfd-4ec9-8ba0-56077b39af68,Lloyds,"With the latest technology, this app is so good! Makes me wonder how I managed before I had this app. It's indespendable.",5,Positive,Positive,Positive,Positive,Positive
80120520-7a8f-4b8d-b449-cd80f013c337,Lloyds,good and friendly,4,Positive,Positive,Positive,Positive,Positive
d2e928c6-e237-4a43-9f70-6effb5b4ff43,Lloyds,very easy to use at any time.,5,Positive,Positive,Positive,Positive,Positive
380dcbca-209d-442e-a7b3-53b014b4d64e,Lloyds,easygoing and friendly,5,Positive,Positive,Positive,Positive,Positive
fdb14521-507e-47c5-96be-837e41985e29,Lloyds,"lloyds in general are appalling, and this app meets their usual standards",1,Negative,Negative,Negative,Positive,Negative
88a1f52b-c306-4ef6-bceb-b018f99c78ae,Lloyds,"exellent, so easy.",5,Positive,Positive,Positive,Positive,Positive
bcd2ffd9-27e7-40c9-8f51-851eeb1b6209,Lloyds,"Just so useful and convenient to have this app. Together with visits to my bank, this combination is a great help.",5,Positive,Positive,Positive,Positive,Positive
6396b115-ed21-4288-82e5-6444f284ba70,Lloyds,very good quick and easy,5,Positive,Positive,Positive,Positive,Positive
3fab6089-428e-4f2d-9ceb-282ed1e09895,Lloyds,"Recent constant bug that causes a log out, stating my phone does not meet minimum security requirements. Looking into it, it does. Have to restart the app multiple times to get it to disappear for a few minutes.",1,Negative,Negative,Negative,Negative,Negative
340727d4-f196-4963-b2a6-dacf47baefb6,Lloyds,satisfactory,5,Positive,Positive,Neutral,Positive,Positive
957a4f11-4898-41e3-aa40-119cd04ef7eb,Lloyds,So straight forward to use.,5,Positive,Positive,Positive,Positive,Positive
0856b959-065a-47cc-b5fc-85115757e39c,Lloyds,easy to use.,5,Positive,Positive,Positive,Positive,Positive
663ba68c-1bad-46fd-9698-a690d061fe86,Lloyds,"You should have asked for Lloyds password, I first tried payee password.",5,Positive,Neutral,Neutral,Positive,Negative
401250aa-24f3-412b-99f9-587f2a376e45,Lloyds,"Use it daily, so quick n easy . Peace of mind, great app...I had a few problems, rang for help, gentleman took me through account, and he got me up & running in no time. I am so grateful to him. Thank you.",5,Positive,Positive,Positive,Positive,Positive
fa3ac5b8-494a-49cc-a5f3-5ad9e9b101fa,Lloyds,"Sometimes not easy to find what you really need to find. Needs a "" LIVE CHAT"" FACILITY!...and not a messaging service , or a stupid chat bot, that can ONLY answer straight forward questions!",3,Neutral,Negative,Negative,Positive,Positive
2a6c7c75-b060-4ded-a632-87153719a53a,Lloyds,convenient,5,Positive,Neutral,Neutral,Positive,Positive
beebe466-5101-4969-bde2-8f2f0764da71,Lloyds,very good and easy to use,5,Positive,Positive,Positive,Positive,Positive
41df82dd-af94-4dde-bbff-0b05f82e46dd,Lloyds,"worst app ever!!!! that I'm thinking of changing my bank. Constantly crashes or comes up with ""error try again later""",1,Negative,Negative,Negative,Negative,Negative
d5a3280d-5fb8-4e76-9dc2-a573f6fae2dc,Lloyds,very easy to use,5,Positive,Positive,Positive,Positive,Positive
558d761f-90b1-458f-be37-ce16c6b435c9,Lloyds,very easy to use very good thank you,5,Positive,Positive,Positive,Positive,Positive
45654d5c-284e-4252-8b2e-6e2969704c86,Lloyds,very nice,5,Positive,Positive,Positive,Positive,Positive
e9521804-ad39-4846-a162-ce9549179742,Lloyds,"Horrible bank, just dealing with fraud all the time, cant access own money, cant do anything just deal with lloyds again and again. Same for app, cant add new recipient it got stuck on security screen, cant verify payment in all for years, still not fixed. Avoid Lloyds and go for another bank! After 12 years with them this is just horrible!",1,Negative,Negative,Negative,Negative,Negative
f8f33fa9-fc42-45a3-b615-c47c1a3b53c3,Lloyds,Easy to use,5,Positive,Positive,Positive,Positive,Positive
0ff605ca-c07a-44d0-beed-66179cbe1b53,Lloyds,"Never had any problems using it,I find this app very convenient.",5,Positive,Positive,Positive,Positive,Positive
32e2e0ca-f5f8-4639-8059-48f9ae0fbd8d,Lloyds,"quick payments, easy to navigate, easy to use",5,Positive,Positive,Positive,Positive,Positive
c76560ad-04c0-46b9-add5-79d1691f7f92,Lloyds,good and reliable easy to access and safe time .,5,Positive,Positive,Positive,Positive,Positive
82176920-2f6b-4858-b367-a63599ae4426,Lloyds,excellent thanks.,5,Positive,Positive,Positive,Positive,Positive
a7b0e018-c637-402c-b05d-25bbc16d1a38,Lloyds,usefull,5,Positive,Neutral,Neutral,Positive,Positive
c3c2062e-9537-42df-ae3a-ac9875c5d363,Lloyds,so convenient and easy to use hundred per cent. cannot do without,5,Positive,Positive,Positive,Positive,Positive
4dc66dfb-0649-44bd-96cb-daf1e59e5298,Lloyds,Simply & easy to use. All the information you need is just a touch away.,5,Positive,Positive,Positive,Positive,Positive
3fc2bc0b-9b77-4d37-b8b2-21edfc7e44a3,Lloyds,"My bank account in my finger tips anywhere ,everywhere at anytime, am lovely it 🏦 🙌",4,Positive,Positive,Positive,Positive,Positive
9131b81d-c9d6-40ec-b8c0-650e0c7508f8,Lloyds,easy to use.,5,Positive,Positive,Positive,Positive,Positive
c9af9bda-5713-4121-9623-d161daba932c,Lloyds,"Dont know how i lived without it, the app makes my life so easy",5,Positive,Positive,Positive,Positive,Positive
fa5c26b2-e13f-45db-86b4-eb9563e20448,Lloyds,It seems to be alright I can actually manage with out help.,4,Positive,Positive,Positive,Positive,Positive
ba9914b1-3cbd-4111-ac35-8e32673b8748,Lloyds,Easy to use,5,Positive,Positive,Positive,Positive,Positive
4abb6c49-e7b8-49fb-8b28-c4d070da5707,Lloyds,App information is excellent. All notifications regarding your money going in and out are good. All advice on security reminders are helpful. Easy to use. I have used it for many years now and no issues.,5,Positive,Positive,Positive,Positive,Positive
a4473071-42cd-4516-a371-adad5461727c,Lloyds,great app no issues yet,5,Positive,Positive,Positive,Positive,Positive
c4f4d510-95ce-4439-901a-98aa943ea1f3,Lloyds,I've not been able to use my account for the last week I appreciate there's a security problem why hasn't it been sorted. I'm just fed up with Lloyds I'll probably change my bank I await your response your angry and frustrated customer Derek S Yates,1,Negative,Negative,Negative,Positive,Negative
24b9f206-fdd3-47a6-8295-16ac7a2734d6,Lloyds,it is quick and efficient,5,Positive,Positive,Positive,Positive,Positive
a6b73daf-b4e5-4863-b29d-206844772c76,Lloyds,very helpful,5,Positive,Positive,Positive,Positive,Positive
b0f1ab2e-6a67-491b-b300-a6b3b24a4efa,Lloyds,one of my favorite bank Lloyds ❤️‍🩹,5,Positive,Positive,Positive,Positive,Positive
8088bcd4-d92f-4297-8467-96722c229e2d,Lloyds,"excellent,fast,and reliable",5,Positive,Neutral,Positive,Positive,Positive
71d5d493-e0e2-466d-8811-35fe2031db20,Lloyds,fast and helpful,5,Positive,Positive,Positive,Positive,Positive
cf536a8b-f9eb-4285-91cb-cae09d8403e3,Lloyds,Brilliant. Extremely user friendly..Thank you xx,5,Positive,Positive,Positive,Positive,Positive
4e04873c-ada5-471f-b2e9-3dbf83f4edbe,Lloyds,Easy to use,5,Positive,Positive,Positive,Positive,Positive
4fc64766-d861-4d57-9c30-23a9b93fb4c4,Lloyds,frustrating and infuriating. card always blocked and fraud team clearnace release never works. customer service takes ages back and forth via chat and phoning takes forever to get through. with some rude members of staff. and ignore you when you ask to raise a complaint over the issue and rudeness.,1,Negative,Negative,Negative,Negative,Negative
3698b3e9-e317-4c8e-bf71-b19ac13c6d8b,Lloyds,"The app is perfect, clear concise and so easy to navigate, the control of my account is great 👍👍",5,Positive,Positive,Positive,Positive,Positive
c5de9e56-bef2-4517-b901-59daaff2fca7,Lloyds,all good so far,4,Positive,Positive,Positive,Positive,Positive
52b87a57-6970-4547-a17c-f052e631a981,Lloyds,Convenient and very easy to use. Fast and reliable,5,Positive,Positive,Positive,Positive,Positive
ad1a0541-00a1-40f7-8610-cfaa49b8f8df,Lloyds,Great easy to use. no problems. especially when out and about.,5,Positive,Positive,Positive,Positive,Positive
a083eb3b-3322-48de-84e5-9557f8332d4f,Lloyds,excellent,5,Positive,Positive,Positive,Positive,Positive
95eab4dc-6783-4b90-b87b-5ba0379e6bd8,Lloyds,Awesome,5,Positive,Positive,Positive,Positive,Positive
e1d7ce4b-9c9f-4feb-9e32-1f166be0be83,Lloyds,Excellent,5,Positive,Positive,Positive,Positive,Positive
db55bec8-4a2d-4b37-9d5d-00e9a87edb8a,Lloyds,"Easy to use,don't know why I can't close a savings account",5,Positive,Positive,Neutral,Positive,Positive
924e44f0-f087-49ca-8d78-54524aa01f5c,Lloyds,I've been taken by surprise a couple of times by the app which jumps straight from inputting payment details to making the payment without an option to check our edit. this is serious because payments tend to get made immediately not go into a pending state where they can be edited. The UBS app is had in switzerland is far better put together.,3,Neutral,Positive,Negative,Positive,Neutral
731b02ef-20d1-4e4b-bc94-1ce75baa5dd5,Lloyds,very quick with response to issues. well trained and patient personnels,5,Positive,Positive,Positive,Positive,Positive
1cdf215e-c7a5-4a00-966b-133650f2d28e,Lloyds,"Secure, fast, user friendly.",5,Positive,Positive,Positive,Positive,Positive
716fb5e8-7b37-42f1-ab2d-9568d1c19256,Lloyds,Fantastic,5,Positive,Positive,Positive,Positive,Positive
c7c555f6-9e95-4d65-8ce9-3487e5d2d5e3,Lloyds,i have never had any problems with this bank or this app. i would recommend them to anyone looking for financial help.,5,Positive,Positive,Positive,Positive,Positive
0cb2f0cf-150e-4f35-b330-566e055745e1,Lloyds,always good 👍,5,Positive,Positive,Positive,Positive,Positive
d7ef1166-b4ac-4bb3-b5ca-841a886c44ef,Lloyds,very easy to understand and responsive,5,Positive,Positive,Positive,Positive,Positive
3e9bf4a7-9092-48d0-9410-d4e4e95b9dec,Lloyds,"Absolutely fantastic app—fast, secure, and incredibly easy to use! Thanks 😍😊👍💯✔",5,Positive,Positive,Positive,Positive,Positive
054be682-c981-49a0-a1f2-023b77eb4921,Lloyds,good but not brilliant,4,Positive,Negative,Negative,Positive,Positive
9aba074f-c453-4de4-8043-9143291fa115,Lloyds,Never disappoints. Everything in one place..easy to maneuver,5,Positive,Positive,Positive,Positive,Positive
945081f0-ec12-4dc3-adac-924f857b6217,Lloyds,"I am a pensioner,& i find it quite good to find out how to work it without asking for help.",5,Positive,Positive,Positive,Negative,Positive
bc126cd0-9d4f-46ab-8769-c2c0992daa45,Lloyds,good app easy to use,5,Positive,Positive,Positive,Positive,Positive
ad4b88e6-8c0c-4e28-a35a-6cccbef6c257,Lloyds,best I have had,5,Positive,Positive,Positive,Positive,Positive
ef38f0c7-61fa-4ee4-8def-0dc00bd9030a,Lloyds,2026 update: I've moved all my money out of my Lloyd's account simply because of their refusal to fix this broken app. App doesn't work anymore. Just says it isn't supported by jailbroken or rooted devices even though my phone isn't. Please fix this.,1,Negative,Negative,Negative,Negative,Negative
eef2f9ef-08d9-45b7-baf3-649791b0259e,Lloyds,works a treat,4,Positive,Positive,Positive,Positive,Positive
824ed06f-4a55-495d-8066-b8d496288412,Lloyds,i always find it fairly easy to look at my account and make payments.,5,Positive,Positive,Positive,Positive,Positive
b4874cf2-8eb1-4327-9ee0-c93c2e102b63,Lloyds,Easy and intuitive.,5,Positive,Positive,Positive,Positive,Positive
1a5970d4-4ec3-45fc-b9b3-f6da9a0ffad4,Lloyds,"I used to be happy with the app. now its riddled with bugs. Example: I keep on seeing ""Sorry we're having technical issues"" for months now, when I try to check my credit score. awful",1,Negative,Positive,Negative,Negative,Negative
2467ac28-1d0d-4660-9686-ce9a27b5360a,Lloyds,Excellent app 👍,5,Positive,Positive,Positive,Positive,Positive
11f5b6aa-4d97-4eed-b861-365bc9807ce9,Lloyds,Mostly easy to navigate. Elderly woman so sometimes takes me a little but I usually get there eventually,4,Positive,Positive,Positive,Positive,Positive
e7277b92-4fbc-4884-9a66-3c533848899a,Lloyds,The new Lloyds update is terrible redesign of UI have lost the individual switching off contactless or chip & pin separately seems broken Please can you ui software engineers restore the ability to switch off either contactless chip&pin or both just like it used to be,5,Positive,Negative,Negative,Negative,Negative
474adfca-02d7-47a2-9d2a-be4088d0bdfa,Lloyds,easy to use very good 👍,5,Positive,Positive,Positive,Positive,Positive
11df1e3a-e812-4e1a-8d12-ec5b4ec5822e,Lloyds,User friendly,5,Positive,Positive,Positive,Positive,Positive
e6a8911a-20d7-474f-a9d9-270ea8e9e337,Lloyds,easy to use,5,Positive,Positive,Positive,Positive,Positive
f7687843-39e0-4bea-b359-499797cc5c92,Lloyds,quick & easy,4,Positive,Positive,Positive,Positive,Positive
bc611a48-5c06-4cf1-8746-8edcfb3cd046,Lloyds,Very efficient and effective,5,Positive,Positive,Positive,Positive,Positive
31bc6c10-67a5-40fb-80fd-c32bf69638dd,Lloyds,"Terrible AI now operating on this app, as well as virtual advisors who can make devistating executions to your account/debit cards, etc. without information the user of any collateral to their payment options. Its a good idea, but clearly still in the BETA of it development. I would strongly advise using additional vendors, to spread your money. This app has no due diligence to truly inform customers as to what they are doing. If possible always speak to someone verbally.",1,Negative,Positive,Negative,Negative,Negative
6fecb5f8-23d0-4475-95ce-ff83ff20c1f9,Lloyds,The app does everything that I need to do and is quite straightforward to use,5,Positive,Neutral,Positive,Positive,Positive
faf9fbda-0b57-4524-b8a1-9640fb3b6f89,Lloyds,Managing our three accounts couldn't be easier.,4,Positive,Negative,Negative,Positive,Positive
be05f340-71e4-4c5d-9740-e86182290aa8,Lloyds,lovely...easy..secure,5,Positive,Neutral,Positive,Positive,Positive
681a848c-6529-4931-beec-5672e5399372,Lloyds,So easy to use. Been with Lloyd's for years.,5,Positive,Positive,Positive,Positive,Positive
b004d1a0-451c-4f9f-8e69-58b18c5d5e55,Lloyds,good app easy to manage,5,Positive,Positive,Positive,Positive,Positive
7e6324cf-4028-4fd1-8fb3-de399ea01342,Lloyds,very easy to use,5,Positive,Positive,Positive,Positive,Positive
f89e0c23-1753-4184-bb3c-7c0c5994e2d8,Lloyds,perfect experience,5,Positive,Positive,Positive,Positive,Positive
5a5a8c9b-efd6-424f-a020-5da9c79fb976,Lloyds,"I hate modern technology...but it's simple enough to use, but I can never find how to change an housing address so I always have to phone mobile banking...but very happy with everything...and I've been banking with Lloyds since I was 16...how time flies...",5,Positive,Positive,Negative,Negative,Positive
1d60e807-a4f1-419b-88ef-e1b9ad702e62,Lloyds,"Easy to use, very convenient.",5,Positive,Positive,Positive,Positive,Positive
3f842347-7fb9-4bc3-959f-905ea06d002b,Lloyds,Very smooth app with speedy payment transfer from your own bank.,5,Positive,Neutral,Positive,Positive,Positive
e7441f90-a48f-497c-b4a5-decfd3336a34,Lloyds,"Very easy to use, and I like the ever evolving new features they keep adding.",5,Positive,Positive,Positive,Positive,Positive
bb8b9fdb-eddc-4515-9476-22ffe15d3dae,Lloyds,always fast and ver secure,5,Positive,Positive,Positive,Positive,Positive
39115a01-90f0-4f10-a934-208e617b72eb,Lloyds,Easy to use,4,Positive,Positive,Positive,Positive,Positive
ae5b24f5-92a6-4f5f-ac55-35142fab188d,Lloyds,apps issues fixed login much better will definitely recommend 👌,5,Positive,Positive,Positive,Positive,Positive
d3987b46-e908-4d38-b9e5-b53c382864fc,Lloyds,works as it should .... no worries,5,Positive,Negative,Positive,Positive,Positive
e99dd693-ebdb-4a8d-b3ec-11cad1a8275e,Lloyds,Easy to use good to navigate between screens,5,Positive,Positive,Positive,Positive,Positive
532305c7-b197-4321-9ae3-b9cdacaff8bd,Lloyds,very easy to do as I'm quite old a d don't understand technology that well,5,Positive,Positive,Negative,Positive,Positive
3bcbedd3-ac83-431b-b333-59046e8fff8c,Lloyds,very easy .,5,Positive,Positive,Positive,Positive,Positive
2461d3c4-3646-41eb-9125-76f9907d0c1c,Lloyds,Good so easy,5,Positive,Positive,Positive,Positive,Positive
b09a8185-ec80-4f4e-b364-bfbbcd33e510,Lloyds,"love it,so easy to use",5,Positive,Positive,Positive,Positive,Positive
5daccd84-8e48-4ad2-adea-4e1abbffc5ec,Lloyds,excellent service,5,Positive,Positive,Positive,Positive,Positive
8aa33551-3d3c-4df0-8c10-25cf1cd61c57,Lloyds,it's so convenient and reliable to touch within,5,Positive,Neutral,Positive,Positive,Positive
24d187a5-722d-4fa9-9f13-723e512e899d,Lloyds,good easy to navigate,5,Positive,Positive,Positive,Positive,Positive
96b3c88d-d86a-41e6-9889-7b2007dc2a27,Lloyds,user friendly and convenient,5,Positive,Positive,Positive,Positive,Positive
dc8b2ce8-c00e-4f6c-86c3-a1727840c5d0,Lloyds,Easy to use.. The best application,5,Positive,Positive,Positive,Positive,Positive
cc7a33ba-c482-4fc1-be40-97958fc3d713,Lloyds,very easy to use,5,Positive,Positive,Positive,Positive,Positive
dcd32912-9319-48bd-891b-e29d5facbfe8,Lloyds,very easy to use,5,Positive,Positive,Positive,Positive,Positive
5fb50a65-3c6d-4240-98b4-e13e8cd5f46a,Lloyds,"easy to use , good use of colour and font . I do like the AI help in particular which also allows connection to a call manager in person.",5,Positive,Positive,Positive,Positive,Positive
440d58cc-75ab-4eef-a77d-2afdfa614640,Lloyds,"Fast, Good, Efficient",5,Positive,Positive,Positive,Positive,Positive
241d3cda-0f27-40e1-b4df-cd23d2b61a7b,Lloyds,No issue with any of the transactions while using this app.,5,Positive,Negative,Neutral,Positive,Positive
e96da452-aa45-4021-b04f-b18d78949af5,Lloyds,Easier to operate and very secured,4,Positive,Positive,Positive,Positive,Positive
ca91441e-f6d6-418a-a0c0-0e9a33077ce2,Lloyds,excellent,5,Positive,Positive,Positive,Positive,Positive
a18cbebf-a0c7-41df-b0b1-050f1881ee4c,Lloyds,nice and easy to transfer,5,Positive,Positive,Positive,Positive,Positive
a245c053-b992-48ff-8d0d-281ac1c4b5f2,Lloyds,it is the best,5,Positive,Positive,Positive,Positive,Positive
fad56ddf-e2bf-408d-860c-1303ed31fdc7,Lloyds,allways under standable in what i need,5,Positive,Neutral,Neutral,Positive,Negative
a524e9b8-7967-4314-908e-8363241a1cdb,Lloyds,Always helpful 👌 Brilliant online banking,5,Positive,Positive,Positive,Positive,Positive
03fb2eb5-ff48-44e8-b008-38fd3d2bc7d2,Lloyds,Good app easy to use dose everything I want it to do,5,Positive,Positive,Positive,Positive,Positive
945b2700-628d-4616-b35e-d0b5e1a503a2,Lloyds,exceptional,5,Positive,Neutral,Positive,Positive,Positive
72947f47-2b56-4907-82f1-d49061be3692,Lloyds,"This app is very handy especially for moving money to and from family members, love it.",5,Positive,Positive,Positive,Positive,Positive
bb1153cf-f480-41cb-b99a-6034529241fd,Lloyds,nice,5,Positive,Positive,Positive,Positive,Positive
ec200ff0-294c-46ba-b912-9b9e671d6315,Lloyds,"Works perfectly, a few minor issues such as sign in issues due to server issues or malfunctions.",4,Positive,Positive,Neutral,Positive,Positive
d4964a27-650f-4b47-8017-8839a39016d1,Lloyds,taking too long to verify the bank details of the reciever. please work on this,1,Negative,Positive,Negative,Negative,Negative
14e8e9cc-3349-4579-b9ba-25c2ce706853,Lloyds,very flexible,5,Positive,Positive,Neutral,Positive,Positive
adbd8d32-997d-45b4-ae58-9e4d1a7b78e4,Lloyds,"I have used this app for many years and in the old days there was an option to call a real human directly from inside the app. now the only option is to use the messaging system that states 24/7 I needed to use this for the first time recently and firstly there is no icon showing until you type contact into the searchbar which then brings it up secondly the messaging DOES NOT WORK and comes back with ""unavailable please try later"" and there are no reported problems on lloyds website",3,Neutral,Negative,Negative,Negative,Negative
51b586ae-ca4e-4274-82bf-ef6f92096305,Lloyds,Terrible app! dosent like it when you want to buy things.,1,Negative,Negative,Negative,Negative,Negative
138a349a-4e4f-473d-b6b8-79a002980ca8,Lloyds,great banking app does all I need and more!,5,Positive,Positive,Positive,Positive,Positive
65cbfd90-e9c6-44ca-990c-c18b6f9d9eeb,Lloyds,"easy and clear, no misunderstanding",5,Positive,Positive,Neutral,Positive,Positive
46e2b982-0467-4fcf-90c5-20a7c69d2711,Lloyds,too slow,2,Negative,Neutral,Negative,Negative,Negative
afbe1584-ddcf-4783-b683-a826eedd5b81,Lloyds,useful and easy,5,Positive,Positive,Neutral,Positive,Positive
9753381f-0ad6-4c68-9ab1-cc6d92a76f72,Lloyds,Good app. Good Service...The best bank...eve...,5,Positive,Positive,Positive,Positive,Positive
a3e28395-59e9-44e1-a5d3-bfc58ddda651,Lloyds,easy to use,5,Positive,Positive,Positive,Positive,Positive
47c8164f-ad4a-45ce-a147-61d568712f49,Lloyds,This app is an exercise in obfuscation - take making a payment as an example. Can I find out the account I sent the payment to? No I cannot. Can I meaningfully label my outgoing payments to other accounts with anything except my own name? No I cannot. Completely useless for actually managing money.,2,Negative,Positive,Negative,Negative,Negative
ec712113-2efe-459e-918b-96be3cb18054,Lloyds,easy to use,5,Positive,Positive,Positive,Positive,Positive
07a1ebab-c3bb-45b5-900f-82ef55fb115a,Lloyds,App is reflecting transactions instantly. Lloyds secured payment system is faultless and very secured. Best among top High Street Banks.,5,Positive,Positive,Positive,Positive,Positive
7213eb17-934f-41d8-8e58-14e7332ab8ea,Lloyds,Easy to use,5,Positive,Positive,Positive,Positive,Positive
9da072bb-18f5-495d-a674-e000d91f7f02,Lloyds,simple and efficient to use,5,Positive,Positive,Positive,Positive,Positive
1877af20-8332-48c6-848a-0e226aa3b527,Lloyds,easy to navigate,5,Positive,Positive,Positive,Positive,Positive
1ea15f60-524f-4596-979c-b091b3c7fa4e,Lloyds,excellent service well done guys thanks again,5,Positive,Positive,Positive,Positive,Positive
49d99e59-796a-415d-ac7f-aff06901c272,Lloyds,excellent,5,Positive,Positive,Positive,Positive,Positive
e8764b87-177e-4e4c-b6f3-12b6b3f10a70,Lloyds,good and easy to use,5,Positive,Positive,Positive,Positive,Positive
a529295a-ddc8-47e7-a3c0-4803fa3cef51,Lloyds,it's quite and easy,4,Positive,Positive,Positive,Positive,Positive
90923858-638d-43c4-8d3d-da4fd36f5325,Lloyds,Easier to use for this ol codger than I thought.,5,Positive,Positive,Positive,Positive,Positive
fbc2ba46-16d9-4787-ae8e-07a6ae75930c,Lloyds,Quick and easy,5,Positive,Positive,Positive,Positive,Positive
634de476-55f5-49e2-90e4-d5ca40ef55f1,Lloyds,"really easy to use ,have not encountered any issues",5,Positive,Positive,Positive,Positive,Positive
f830c1e9-3bd5-4acf-a14c-f8762fb88239,Lloyds,super helpful. easy to use.,5,Positive,Positive,Positive,Positive,Positive
363e7721-6b36-4423-80a8-ee925812bf0d,Lloyds,very easy to use. still very easy to use & navigate. when I did need assistance it was very easy to access & sorted at my local branch.,5,Positive,Positive,Positive,Positive,Positive
3d61dfe6-96d7-4df1-8cd7-fc25f2369613,Lloyds,"Excellent overall,can't even find a reason to move elsewhere and claim £200 cash back bonus",5,Positive,Positive,Positive,Positive,Positive
86102699-1f7c-4552-8023-901b41563b59,Lloyds,Reallyuseful.when I'm on the go.,5,Positive,Neutral,Negative,Positive,Positive
c81fe6ba-3989-457a-82fc-ddc98e8b23a7,Lloyds,very easy to use,5,Positive,Positive,Positive,Positive,Positive
33741973-f54b-48b9-a873-bf81336b47c9,Lloyds,brilliant app,5,Positive,Positive,Positive,Positive,Positive
d23bb6fe-43f8-41f4-99b0-0e4f71b399df,Lloyds,excellent very easy to use,5,Positive,Positive,Positive,Positive,Positive
72bf35d3-f585-4b61-b688-d26bbaa69ba1,Lloyds,Quick and easy,5,Positive,Positive,Positive,Positive,Positive
63aa8304-5df9-42b6-9553-424f8a40adbe,Lloyds,"Very useful app to use,helps to pay or transfer money without leaving the comfort your house.",5,Positive,Positive,Positive,Positive,Positive
950a1385-cf8f-4500-aae1-0b94843ae705,Lloyds,works for me well satisfied,5,Positive,Positive,Positive,Positive,Positive
cd308f85-3b1b-4743-934a-c12aa36c3970,Lloyds,Easy to use. Sensible additional advice and ideas.,5,Positive,Positive,Positive,Positive,Positive
e2814dbd-d53f-4879-8cae-32f639ae5b42,Lloyds,really easy app to use,5,Positive,Positive,Positive,Positive,Positive
4b21d761-e732-4ff4-822f-ef8fa224fb14,Lloyds,discovered i could pay in a cheque via app..brilliant,5,Positive,Negative,Positive,Positive,Positive
d3234652-d63f-407e-880c-6e607daf2100,Lloyds,so easy,5,Positive,Positive,Positive,Positive,Positive
b771ff3b-4803-468a-b1bf-ac790c41a691,Lloyds,not for overseas clients,1,Negative,Neutral,Neutral,Positive,Negative
fb92cd52-e356-48af-a8d2-5e6f117ff64c,Lloyds,easy to navigate,5,Positive,Positive,Positive,Positive,Positive
db951254-677d-4c81-b486-0ad97f04d827,Lloyds,easy to use. layout could be improved to look more simple,4,Positive,Positive,Positive,Positive,Positive
1ac66cfe-bbd2-43ea-b2e1-6d2a17ceb101,Lloyds,"very clear and easy to use, stable and reluable",5,Positive,Positive,Positive,Positive,Positive
4644137e-18cb-463a-9ebb-1bbc2fa58405,Lloyds,Excellent thanks and best regards.😀,5,Positive,Positive,Positive,Positive,Positive
9ade16f1-f3ae-4b53-8900-4bc5e66fc15b,Lloyds,easy,5,Positive,Positive,Positive,Positive,Positive
26789e59-93a6-4ed4-b2a6-1a356e3b8cee,Lloyds,Unable to register my account. When I enter my Account Number and Sort Code it says it does not recognize my account,1,Negative,Positive,Negative,Negative,Negative
1330b8c5-6876-4501-b072-031de522a1d4,Lloyds,middle of making payments app disappears..have to go and download updated version and go through whole setup procedure of 10mins !!! crazy...the app has gone downhill over the years..bloated..screen changed for sake of change....now looks like designed by a 5yo... utter garbage.,1,Negative,Positive,Negative,Negative,Negative
31044b3f-f939-482d-b0ac-efbc49368e0c,Lloyds,Useful. Prevents me having to go into a full bank. Allows me to check balance then get cash from a.t.m before getting to the a.t.m.,4,Positive,Positive,Positive,Positive,Positive
4df63d8e-7513-480d-8415-3fffa3753514,Lloyds,"I am a complete technaphobe. But I knew that I would have to succumb to online banking at some stage, so, with the help of the lovely Lloyds staff in Folkestone, they got me started. To be honest, the app is so easy to use that i'm hitting myself for not doing this sooner :)",5,Positive,Positive,Positive,Positive,Positive
5961c8e1-3550-41f7-88c8-8ad373cc1a3f,Lloyds,easy to use,5,Positive,Positive,Positive,Positive,Positive
8a46e84f-66c6-49f5-997e-c0455631bdd4,Lloyds,Perfect,5,Positive,Positive,Positive,Positive,Positive
ef09a975-e958-410b-a124-f35f867bf4cd,Lloyds,excellent,5,Positive,Positive,Positive,Positive,Positive
294956d8-695b-4b38-9b11-a0731aeb2d27,Lloyds,usually works well. sometimes not available.,4,Positive,Positive,Neutral,Positive,Positive
dd7bf22f-4d6a-43d4-a99f-47a7583d908e,Lloyds,It is so easy to do,5,Positive,Positive,Positive,Positive,Positive
af058794-740c-445a-8319-5be68fa59b98,Lloyds,always works no problem,5,Positive,Negative,Positive,Positive,Positive
0dfdf770-2e9a-4821-81fe-e3055151f801,Lloyds,Very easy to use this app. Thank you.,5,Positive,Positive,Positive,Positive,Positive
fd2fb375-16d2-4baa-87e5-8241bb19895a,Lloyds,it's good app brilliant,5,Positive,Positive,Positive,Positive,Positive
070e175c-9b34-457b-a35a-7b0df1edfe3d,Lloyds,Very good app as banking apps go. No problems so far and easy to pay in cheques.,5,Positive,Positive,Positive,Positive,Positive
b63f8b4b-c00a-44e4-8f35-860b62b3ad61,Lloyds,I am a bit slow but getting there. Thank you.,5,Positive,Positive,Positive,Positive,Positive
0d266a4e-e5ce-434a-ab98-36c32b016c99,Lloyds,This app works very well and have not had any problems to date,5,Positive,Positive,Positive,Positive,Positive
cd7bc233-e08c-47ae-a439-44298e165625,Lloyds,"when it comes to banking apps, this is the best. by far.",5,Positive,Positive,Positive,Positive,Positive
202a264b-5192-44d3-be72-b7aab40af86f,Lloyds,excellent service thanks,5,Positive,Positive,Positive,Positive,Positive
ee040000-2c13-4f48-8fbb-da88c53c1b5e,Lloyds,Pretty good. Very convenient but they keep changing it and not in ways that are actually helpful!,3,Neutral,Positive,Positive,Positive,Positive
f24df728-2024-4b02-9b80-7ca149bc9be7,Lloyds,"Really easy app to use, good that it logs you out after inactivity.",5,Positive,Positive,Positive,Positive,Positive
839f54c7-aceb-42e9-bc66-2abfb10cdfd6,Lloyds,Brilliant,5,Positive,Positive,Positive,Positive,Positive
226d4cf8-387e-4914-9b5e-42f4d57d1aab,Lloyds,very easy to use,5,Positive,Positive,Positive,Positive,Positive
48ec8cdb-ecf4-471b-827a-4bb571f3a697,Lloyds,Very good experience using dayli my bank account.,5,Positive,Positive,Positive,Positive,Positive
65608c9f-a43c-4fdd-910a-35e1bc01e510,Lloyds,"A genius figured out that they should remove from the app the option to download a receipt for a transaction. Now its imposible to do that, you can only download a monthly statement.",1,Negative,Neutral,Negative,Negative,Negative
fc6aa03a-1d56-43bd-a098-718c12760882,Lloyds,easy to navigate,5,Positive,Positive,Positive,Positive,Positive
a642fac7-a88c-4404-af62-c2b0d89bf212,Lloyds,most helpful for me,5,Positive,Positive,Positive,Positive,Positive
2aca3cad-23c5-4a8d-9c59-03d9fdc5190a,Lloyds,"helpful,efficient..timesaving",5,Positive,Neutral,Positive,Positive,Positive
585fbb59-538d-4648-be3c-a6a2b6a03f82,Lloyds,"handy, quick",5,Positive,Neutral,Neutral,Positive,Positive
e24ea8ef-0a9e-42af-abae-6a2f3bafb1ec,Lloyds,excellent service,5,Positive,Positive,Positive,Positive,Positive
e7fb28ca-bc06-4927-946f-c5633ad0b45d,Lloyds,best,5,Positive,Positive,Positive,Positive,Positive
6f9fb131-5cd5-4f7f-ba7f-51323c82b60c,Lloyds,very fast simple and efficient service,5,Positive,Positive,Positive,Positive,Positive
0922a47e-dc3b-496d-b7eb-b010e4ca6898,Lloyds,very easy to use,5,Positive,Positive,Positive,Positive,Positive
a3bd33e9-3dc3-4da9-ba54-a40b2a3c2937,Lloyds,very reliable and easy to navigate,5,Positive,Positive,Positive,Positive,Positive
53567974-4c0b-4263-bca9-2cee8b728835,Lloyds,Excellent.,5,Positive,Positive,Positive,Positive,Positive
4f870e61-3558-4e44-b845-3c730655bde9,Lloyds,Easy to use,5,Positive,Positive,Positive,Positive,Positive
948f7900-46b2-450c-b043-661be8feddc4,Lloyds,Very easy for amateur user!,5,Positive,Positive,Positive,Positive,Positive
9855f988-2846-45d5-9f7a-2975c21ffd13,Lloyds,Really easy to use. Thanks.,5,Positive,Positive,Positive,Positive,Positive
5bc3737b-e0c0-4196-a56c-b758d219be73,Lloyds,Excellent can recommend anyone,5,Positive,Positive,Positive,Positive,Positive
dc1d019e-0fcb-4845-b576-1b47f0a494a4,Lloyds,my experience with the app has been wonderful,5,Positive,Positive,Positive,Positive,Positive
cdf82cd5-0fa3-4a3d-a6ca-318e59fce2da,Lloyds,Exelent,5,Positive,Neutral,Neutral,Positive,Positive
7e6967c3-42eb-40fa-b9dd-a5f5804d24d4,Lloyds,Excellent,5,Positive,Positive,Positive,Positive,Positive
351b75db-5781-4868-99d0-2c189d6d8cc8,Lloyds,super 👍,5,Positive,Positive,Positive,Positive,Positive
0df75922-4404-4fa5-b0e3-ec65b7287926,Lloyds,The best banking app.,5,Positive,Positive,Positive,Positive,Positive
6b2befa4-7599-4206-a0cc-7710e358f6c5,Lloyds,very much satisfied,5,Positive,Positive,Positive,Positive,Positive
e29c2e1a-a022-4e11-8e0d-a4d63662eb48,Lloyds,love it,5,Positive,Positive,Positive,Positive,Positive
25c3eb44-caa5-4883-88d9-11911a2d0626,Lloyds,this app is easier to use than other banks,5,Positive,Positive,Positive,Positive,Positive
dbccfb40-f167-481a-8837-a1f76f426e42,Lloyds,Very quick and easy to do.,5,Positive,Positive,Positive,Positive,Positive
d579555a-c4dc-4073-83fd-e2018c3ea970,Lloyds,what ever we will expecting it got so everything so happy,5,Positive,Positive,Positive,Positive,Positive
5bc4f074-a598-4da1-8c16-a0e20d444f6e,Lloyds,no hassle way to pay,5,Positive,Negative,Neutral,Positive,Positive
e268e7ce-2846-4418-8d0a-d02d285118b3,Lloyds,fantastic,5,Positive,Positive,Positive,Positive,Positive
88b3ae35-4018-4349-abeb-575893424e46,Lloyds,"practical, straightforward and easy to use",5,Positive,Positive,Positive,Positive,Positive
083baa0d-5258-4cf8-bb86-53d94d37d2d3,Lloyds,please fix the Lloyds app gone very slow again.when checking payment made,5,Positive,Positive,Negative,Negative,Neutral
c32ca9f6-7103-407e-b003-b23d13a557e6,Lloyds,This is the new way of banking much easier and quicker .,5,Positive,Positive,Positive,Positive,Positive
6c5e91f6-6626-411a-9610-fc76959c6a85,Lloyds,excellent,5,Positive,Positive,Positive,Positive,Positive
d9a758f8-6dc1-46da-a255-69854d56b997,Lloyds,best and amazing service,5,Positive,Positive,Positive,Positive,Positive
19ae092a-3fa1-4edd-bbd7-71aa89a61b99,Lloyds,opened a lloyds account because of the notifications for incoming and outgoing payments like other banks do. its an important feature that doesnt work and i guess i will have to find another solution now... shame,1,Negative,Positive,Negative,Negative,Negative
bef95e37-027b-479b-af56-4eab56ff6e54,Lloyds,A simple to use app. Quick and convenient.,5,Positive,Neutral,Positive,Positive,Positive
f013fffa-a445-433a-afaf-fbc953ec3609,Lloyds,Quick and easy .,5,Positive,Positive,Positive,Positive,Positive
661c2527-3a29-4ff3-9e7f-703c7d9978d7,Lloyds,Quick And Easy,5,Positive,Positive,Positive,Positive,Positive
b15d3194-88ee-498b-b90c-3a4d9c483220,Lloyds,good service,5,Positive,Positive,Positive,Positive,Positive
8d6d90bf-09d9-4ace-8e10-aefb3aa7c2ca,Lloyds,Best banking app by far,5,Positive,Positive,Positive,Positive,Positive
ef3797a3-b86f-48d7-bba1-2a07b81cadb2,Lloyds,easy to navigate,5,Positive,Positive,Positive,Positive,Positive
38f000f4-ac18-4fc4-97b7-a6e9817632ec,Lloyds,excellent service,5,Positive,Positive,Positive,Positive,Positive
d1cb9359-691e-4dd6-b16c-e714e52d4cfa,Lloyds,was a great app now very slow and clunky booo,1,Negative,Positive,Negative,Negative,Negative
0dfdcefe-fa15-40a3-9399-9f816024d6c8,Lloyds,"Everytime they change it, it gets worse. Used to be fantastic and just work. Now it cant seem to stop ""verifying"" new payee's. Useless",1,Negative,Negative,Negative,Neutral,Negative
2433d081-c331-4152-945d-047bf4dea815,Lloyds,"As I am just familiarising myself using a new device ,the process is taking a little longer but your app is still easy to use.",5,Positive,Positive,Positive,Positive,Positive
b7ef78e7-0223-4a1a-ac0a-14176088fb3d,Lloyds,very reliable,5,Positive,Neutral,Positive,Positive,Positive
f5c26344-57a7-4a3b-9f1b-0c62779c1902,Lloyds,Five star always,5,Positive,Neutral,Positive,Positive,Positive
6e05c1dd-1069-4e8d-a332-ba462d101897,Lloyds,best,5,Positive,Positive,Positive,Positive,Positive
18276f06-c939-4b48-a9fe-ee5bed3eebc1,Lloyds,easy to use,5,Positive,Positive,Positive,Positive,Positive
8df4c169-448d-4608-ab5f-85b1a4cb6a26,Lloyds,quick and easy to use,5,Positive,Positive,Positive,Positive,Positive
680372bf-47d1-4975-994f-8f27cac208d9,Lloyds,very straight forward easy to use,5,Positive,Positive,Positive,Positive,Positive
ec00ff4a-3cff-42d3-826b-88d3cb585939,Lloyds,this app either works without flaw or can't be done,1,Negative,Neutral,Negative,Positive,Positive
f9dc417f-ab74-4b5b-a56b-3754d4b21bed,Lloyds,All good except getting payment by date on credit card... Mist log in on line for that info....,3,Neutral,Positive,Neutral,Negative,Positive
d02a3888-69b7-4593-8105-0de10ec92673,Lloyds,easy to use,5,Positive,Positive,Positive,Positive,Positive
ebb333f0-2830-47cd-9a6b-c627cc0df996,Lloyds,the best,5,Positive,Positive,Positive,Positive,Positive
d8656573-cd2b-490e-b78c-e911d7f3c140,Lloyds,fast and reliable,5,Positive,Neutral,Positive,Positive,Positive
b4a8808c-4d81-4a33-80bb-b8a01eed1eb4,Lloyds,"Easy, clear method of paying one-off invoices & simple to follow....!",5,Positive,Positive,Positive,Positive,Positive
b08196c5-23eb-44d3-b207-6040cc992eb8,Lloyds,very excellent,5,Positive,Positive,Positive,Positive,Positive
05e2dd69-5bec-451e-9a4c-c3e4a3644efc,Lloyds,"Quick, easy and efficient.",5,Positive,Positive,Positive,Positive,Positive
c6f8e81c-4ee1-4801-a648-fc07b9c7d2f9,Lloyds,Excellent service with good security features.,5,Positive,Positive,Positive,Positive,Positive
a272bf35-6ff8-4509-ba57-079d8fc90877,Lloyds,Easy to use,5,Positive,Positive,Positive,Positive,Positive
80b2c377-c78b-4565-9b90-ec13577837b5,Lloyds,"Easy and secured, Thanks",5,Positive,Positive,Positive,Positive,Positive
e9a3a973-6a37-432c-99fc-01618973b453,Lloyds,Refreshingly simple,5,Positive,Neutral,Positive,Positive,Positive
cf49a849-a129-4ebd-903d-f26474ce6815,Lloyds,"Well, . mine is clearly compromised, but the fraud team didn't seem to care....",1,Negative,Negative,Negative,Positive,Negative
d5991d6e-29c5-4d5d-bf16-adab597e3b9b,Lloyds,not impressed when unable to make a payment on my normal computer & annoyed after contacting the help desk being told rather rudely to use the app rather than my desktop computer Advisor called Darren kept talking over me & was not interested in curing whatever was causing the problem,1,Negative,Negative,Negative,Negative,Negative
083fac66-61f3-4978-9c7a-fb4cca67a5cd,Lloyds,easy to use handy when paying my debts.,5,Positive,Positive,Positive,Positive,Positive
1ae06f4b-fc2d-4137-9266-9613aa28943b,Lloyds,Like the way I can see Halifax and Lloyd's as still have some old savings on the older account.,5,Positive,Positive,Neutral,Negative,Positive
17e1d12f-3935-4b28-9f49-7ae809b66628,Lloyds,Your app has started incorrectly identifying my phone as jailbroken. It most certainly isn't. Your app has an issue. UPDATE - App now working. I do not know what the issue was but it appears to be fixed.,3,Neutral,Positive,Negative,Negative,Positive
a6d93069-2b62-49a1-a07e-04d0eeb2a504,Lloyds,"so easy to use ,time saving and brilliant",5,Positive,Positive,Positive,Positive,Positive
ba089542-600a-4534-819a-fc1fd66ae4f5,Lloyds,"great app, easy to use.",5,Positive,Positive,Positive,Positive,Positive
db304b60-3670-47e1-8c7d-e83bc012e001,Lloyds,excellent thanks,5,Positive,Positive,Positive,Positive,Positive
244a1a65-4008-40d6-8e09-401b113ad897,Lloyds,"I find the app to be good, although I am sometimes frustrated when - depending upon which page I am on - I have to search for the Close button. It would be helpful to be able to find it on every page.",4,Positive,Positive,Positive,Positive,Positive
ddebb9cf-4a2a-44f4-9f55-ff51f3d00e83,Lloyds,Good service,5,Positive,Positive,Positive,Positive,Positive
ed04a2d6-ff47-48a1-b0e1-9ac3bfe51620,Lloyds,it s been giving been a failed message couple of times now saying there s no internet connection when I did have it though,2,Negative,Negative,Negative,Negative,Negative
bacd2de7-2680-4c2e-947b-b259bd0ef9a7,Lloyds,easy to use,5,Positive,Positive,Positive,Positive,Positive
c0ee091b-c3a2-408f-a5a1-3425d74afc08,Lloyds,Very Satisfied,4,Positive,Positive,Positive,Positive,Positive
e44067f8-dd20-46f6-b0be-16ad90d41638,Lloyds,Easy to use and seemingly secure. More user friendly than other online banking and apps,5,Positive,Positive,Positive,Positive,Positive
a3b84668-5e50-4194-8de2-3865657e10e0,Lloyds,very good and fast,5,Positive,Positive,Positive,Positive,Positive
9240c1a0-833f-4a53-a5b8-86eeb69da47c,Lloyds,best thing I ever did was to gave online banking,5,Positive,Positive,Positive,Positive,Positive
2bf6d623-c781-4336-a0e8-9a626b33e4fe,Lloyds,mostly good 😊,4,Positive,Positive,Positive,Positive,Positive
2c054d26-d96f-4ceb-bcb0-8fc5deb400ac,Lloyds,very easy to use.,5,Positive,Positive,Positive,Positive,Positive
00b4d101-0424-4818-8cd3-7c816a83d0c0,Lloyds,very poor,1,Negative,Negative,Negative,Negative,Negative
8ce5c912-90f2-46f7-8d79-ddbe55dba6a4,Lloyds,"It's a great app that has ticked every box, every issue/request/want I've had I've been able to sort it out thru the app itself",5,Positive,Positive,Positive,Negative,Positive
d07d6083-b7eb-4d21-a951-ef78590c6c42,Lloyds,Easy to use,5,Positive,Positive,Positive,Positive,Positive
9c8b9daf-be05-4b07-aa14-2f9fbe35552c,Lloyds,Brilliant on line banking app safe and reliable I have been a user for 10 years. Keep up the high standard please.,5,Positive,Positive,Positive,Positive,Positive
6541e906-0f50-4f4b-a58b-b8ca4c8b93cb,Lloyds,excellent comprehensive app,5,Positive,Positive,Positive,Positive,Positive
6f5d58e1-d605-43f2-8e0f-9da08fb1fbe0,Lloyds,very easy to use.,5,Positive,Positive,Positive,Positive,Positive
4dcb74b9-11d7-4bd2-b914-ce95e82dc199,Lloyds,Love this app so easy to use. I can see all my accounts. Able to bank cheques online without visiting a branch. Can transfer money between accounts. Lots of features.,5,Positive,Positive,Positive,Positive,Positive
bdca2fd2-198e-4937-bff4-10d465e730ee,Lloyds,very easy to use 👌,5,Positive,Positive,Positive,Positive,Positive
f65e7979-506f-4953-8c00-61340ff5f7d9,Lloyds,so quick and easy,5,Positive,Positive,Positive,Positive,Positive
3c0d7dea-5f74-4c92-aa7a-c52d4f6cadc6,Lloyds,so easy to use.,5,Positive,Positive,Positive,Positive,Positive
c09b1043-f6e9-483e-ad64-709406a65b54,Lloyds,easy and straightforward,5,Positive,Positive,Positive,Positive,Positive
72542980-a12f-47af-a64d-af35084d0b95,Lloyds,easy to use,5,Positive,Positive,Positive,Positive,Positive
feeba441-493b-4949-9f8b-8362c1294276,Lloyds,lloyds Bank app provides me with the ease of managing my money and payments. Thanks a lot.,5,Positive,Positive,Positive,Positive,Positive
b68817c0-b201-4ca9-a42a-79deef3b20d9,Lloyds,easy to use,5,Positive,Positive,Positive,Positive,Positive
1b65c87b-164e-4af0-ae8f-ab5ee801c9be,Lloyds,seems very good to me. no problem,4,Positive,Negative,Positive,Positive,Positive
5b81ac4b-dba0-4b1b-8de2-cbf19159f249,Lloyds,easy to use. great app.,5,Positive,Positive,Positive,Positive,Positive
fe6ca5f3-c886-4f92-94f2-261bc6e344c9,Lloyds,easy to use,5,Positive,Positive,Positive,Positive,Positive
682a5849-00c4-4b83-804c-c775e089e164,Lloyds,easy to find everything on your banking app.,5,Positive,Positive,Positive,Positive,Positive
5a6264ef-3689-4a02-a190-e10f3cadbf55,Lloyds,totally brilliant.,5,Positive,Positive,Positive,Positive,Positive
61458d3f-454a-4788-a17d-05a03e6c636b,Lloyds,nice and easy p,4,Positive,Positive,Positive,Positive,Positive
ef8e9b27-05de-4fb5-9b84-9187e9eddb99,Lloyds,this app is blocking grapheneos. I have used Lloyd's for many years but this may just nudge me to switch to Monzo which allows you to use graphene,1,Negative,Negative,Negative,Positive,Negative
749e9fb4-ff28-47e6-8332-876d74217c88,Lloyds,excellent,5,Positive,Positive,Positive,Positive,Positive
d953d5f8-c0ed-4797-8ac5-9e757330bf53,Lloyds,good easy to use,5,Positive,Positive,Positive,Positive,Positive
d57f3e0b-7b51-455b-b712-e371e18035e1,Lloyds,very helpful,5,Positive,Positive,Positive,Positive,Positive
c10af6da-5c1c-4f2a-a363-f5c8ce3b45ad,Lloyds,Nice,5,Positive,Positive,Positive,Positive,Positive
ac80ccd4-cd5d-4a54-a89a-038fe3ddf91d,Lloyds,Easy to pay accounts.,5,Positive,Positive,Neutral,Positive,Positive
04f756eb-c299-46ca-8885-c0c2a6659cf0,Lloyds,"easy to use, help functions excellent",5,Positive,Positive,Positive,Positive,Positive
58ea4817-c8ed-478b-9a45-94a0289713b4,Lloyds,easy to use,5,Positive,Positive,Positive,Positive,Positive
b75ea08f-748e-4cfb-9752-e6fe8e510323,Lloyds,Easy to use app makes banking simple,5,Positive,Positive,Positive,Positive,Positive
d6de73f0-a1f8-43df-a23d-996b2a3faea9,Lloyds,Good work,5,Positive,Positive,Positive,Positive,Positive
b5c90419-e23a-499b-bca4-dbc9f598bdbc,Lloyds,amazing,5,Positive,Positive,Positive,Positive,Positive
3579934c-88e1-4d3a-89fb-b026230ef21e,Lloyds,unable to pay another person,4,Positive,Negative,Negative,Negative,Negative
2d4b9c60-d8af-4b7a-b9fc-75d8aa9c6f64,Lloyds,excellent app👍,5,Positive,Positive,Positive,Positive,Positive
245dc445-3c70-4f1d-ac7d-2d707e5e14ad,Lloyds,Very quick and reliable,5,Positive,Neutral,Positive,Positive,Positive
cbe4b339-6370-47d4-8e00-2174a6c3e347,Lloyds,Everything I need to do from the comfort of my house,5,Positive,Positive,Neutral,Positive,Positive
2e0b1f9d-ce80-49bc-af8a-d97c386b83a8,Lloyds,very fast and efficient,5,Positive,Positive,Positive,Positive,Positive
aa0b2bf5-f3d3-4b8e-b9e3-7f04162f6943,Lloyds,marks it so easy,5,Positive,Positive,Positive,Positive,Positive
f7e2016b-d8c0-4520-9c17-8ea61da9d7bc,Lloyds,good app. paying full balance bit tricky. app needs to provide options to pay in full (amount due) or lesser amounts. had to screen shot balance due.,5,Positive,Positive,Neutral,Negative,Positive
7bc42145-cc66-4e32-b554-2c8b668ed8a0,Lloyds,always so easy and quick,5,Positive,Positive,Positive,Positive,Positive
ebd8a570-1169-4d79-ac25-f54804773a40,Lloyds,efficient,5,Positive,Positive,Positive,Positive,Positive
0d3a710a-6962-467d-93c0-d46d5d838a2b,Lloyds,easy to.use,4,Positive,Positive,Positive,Positive,Positive
c9bef358-ac69-4453-a5b6-08f1820b04b4,Lloyds,very easy to use,5,Positive,Positive,Positive,Positive,Positive
7a62a326-6b93-4965-876a-a115ab316100,Lloyds,great easy to use,5,Positive,Positive,Positive,Positive,Positive
fd2dc020-597f-4954-be77-ab17ae3358d8,Lloyds,is better and better,5,Positive,Positive,Positive,Positive,Positive
4d6c28a5-1ce7-4c08-97ac-4aae55c1b435,Lloyds,"Very easy to use app. It is easy to navigate between accounts. I like being able to see all my accounts on the same page ( with some scrolling). Nice and simple to transfer money between accounts and to other people's accounts. The new version took a little while to get used to, but I'm there now. I find it much easier to use than any other banking app.",5,Positive,Positive,Positive,Positive,Positive
1aac7d4e-0946-42fd-b124-4dbac1985702,Lloyds,so far it is great,5,Positive,Positive,Positive,Positive,Positive
ddee0143-9742-414b-80f9-4469566d601e,Lloyds,complex,3,Neutral,Neutral,Neutral,Positive,Positive
2ae6dce1-a693-4fc2-ad8a-52077d3e09fe,Lloyds,excellent service,5,Positive,Positive,Positive,Positive,Positive
7b582c4f-82fd-4e04-9ee5-a062bd5f5bd0,Lloyds,been with lloyds nearly a year never had a problem with the app,5,Positive,Positive,Positive,Positive,Positive
48d41570-f7bd-4848-9adf-8bda2116f19c,Lloyds,"never had a problem, great service 👍.",5,Positive,Negative,Positive,Positive,Positive
49e8f3a5-e654-4c59-973a-b45484f60034,Lloyds,simple to use and very convenient.,5,Positive,Neutral,Positive,Positive,Positive
acf712c0-53b8-4cb6-adc9-3818152e5431,Lloyds,simple to carry out transaction.,5,Positive,Neutral,Positive,Positive,Positive
9128e109-f889-47a3-911e-33cb5bda14c6,Lloyds,"Easy to use. All accounts available to view, make payments etc.",5,Positive,Positive,Positive,Positive,Positive
6f438759-3abc-4eb0-9f39-30d14b0bf278,Lloyds,easy and helpful,5,Positive,Positive,Positive,Positive,Positive
126df56d-7fed-4201-a20c-742a4f7d8469,Lloyds,easy to use helpful service,5,Positive,Positive,Positive,Positive,Positive
5736d5a8-f0c9-453d-b063-96b3a0fa0eed,Lloyds,constant loading circle when verifying using a code. Useless. The only person Lloyd's protects you from is yourself. Always a 64 step impossible feat just to get into account if you replace phone and number. Always had issues with Lloyd's and actually want to leave for another bank. Don't go with Lloyd's!,1,Negative,Negative,Negative,Negative,Negative
f7bc605b-0a90-4fbe-8906-c370d610c556,Lloyds,"perfectly clear and manageable, thank you",5,Positive,Positive,Positive,Positive,Positive
1c7026f4-decd-4f41-a9e6-e7a19ad7c233,Lloyds,"straight forward at all uses,no problems.",5,Positive,Negative,Positive,Positive,Positive
cfeaa441-33f1-41e1-a571-ad886de11e26,Lloyds,a very easy app to use,5,Positive,Positive,Positive,Positive,Positive
a8ec85cf-957c-49a3-8457-665defa64aec,Lloyds,"it works the way that I need, thank you.",5,Positive,Positive,Positive,Positive,Positive
1767c028-bec5-4324-96f5-75201f730ef8,Lloyds,"love the app, you can do so much with it !",5,Positive,Positive,Positive,Positive,Positive
6908c3a3-2535-4440-8401-0211bc4e0afb,Lloyds,"simple, smooth and easy",5,Positive,Positive,Positive,Positive,Positive
d7d16fcc-1284-4c8b-b3b3-9ec0603e15c2,Lloyds,its a lot mote easier to use for now. Only gripe would be that sudden crashes and also whenever a update my card thru google pay and links the approval or confirmation thru the app. it does not go through. already uninstall and reinstalled google app but still not going thru. hopefully someone could help or maybe I will call customer service for it. overall still a great app. highly recommended.,5,Positive,Positive,Neutral,Negative,Positive
45f8d3e9-5575-4966-9697-a0805bf4c7d0,Lloyds,love it so easy to use,5,Positive,Positive,Positive,Positive,Positive
b8ba161d-d674-4d49-8e6f-94a8ed0522dd,Lloyds,clear and understandable,5,Positive,Positive,Neutral,Positive,Positive
95a469df-99b9-4aed-aad3-58525c96ab3b,Lloyds,That's fast transaction and smoothly do payments,5,Positive,Neutral,Positive,Positive,Positive
8d7771b0-5d51-4f0f-8e31-3a653d65baf1,Lloyds,great I've been with Lloyds a long time they are friendly yet professional too,5,Positive,Positive,Positive,Positive,Positive
d70835af-7ef4-4925-bb0f-d10b0d34786a,Lloyds,so far Great,5,Positive,Positive,Positive,Positive,Positive
4aaaaae6-a085-4d86-bca2-139326f7dfc8,Lloyds,"Easy to use, so simple, so good",5,Positive,Positive,Positive,Positive,Positive
c640bf2a-8e84-4df0-8909-66c31de091c3,Lloyds,mixed intuitiveness,3,Neutral,Neutral,Neutral,Positive,Neutral
8d37764f-d493-4a94-af62-a89bb6ebf277,Lloyds,easy to read.folow instructions,5,Positive,Positive,Positive,Positive,Positive
72766d90-e858-4567-9b75-bf8549166d77,Lloyds,"easy to use, always reliable 👌",5,Positive,Positive,Positive,Positive,Positive
1950130e-7164-4bca-bffb-82ac470bc5f0,Lloyds,nice,5,Positive,Positive,Positive,Positive,Positive
1cf9e6c1-aef8-4a3b-b52c-7d6901ad1dbf,Lloyds,Works beautifully,5,Positive,Positive,Positive,Positive,Positive
de9a2237-c6ed-4434-84b2-f775f2eda7d6,Lloyds,clear and easy to use app colours easy on the eyes.,5,Positive,Positive,Positive,Positive,Positive
8abe151c-1c09-427c-9024-960cac8daeff,Lloyds,Amazing,5,Positive,Positive,Positive,Positive,Positive
481c3ebf-f5fc-4a22-8912-a76830d4dc5a,Lloyds,So far so good. Very straightforeard.,5,Positive,Positive,Positive,Positive,Positive
32249111-d890-48a3-bd17-74ab341fe357,Lloyds,"Always been good but worse since branches closed. Complaints online, in my perfect English, are met by ignorance. I object to your constant downmarket 'Thanks' and your 'rare' branch staff's new uniforms; makes them look like a team of cleaners. No doubt a foreigner will, if I'm lucky, see this - and not understand my English or even care! Have a problem with Open Banking. For over a month it shows my Nationwide credit card balance but not transactions. Lloyds Canterbury could not help.",3,Neutral,Negative,Negative,Negative,Negative
b5ea60b8-15f1-465f-a70e-7554616cd156,Lloyds,Very reliable,5,Positive,Neutral,Positive,Positive,Positive
ecd5703d-a821-43e7-9a0e-eeb75315b557,Lloyds,doesn't allow rooted device,1,Negative,Negative,Negative,Negative,Negative
1efb480a-15a2-4891-9865-70e81dff9eae,Lloyds,Good Always fast working...,5,Positive,Positive,Positive,Positive,Positive
8de5a5de-426f-41d6-b8c0-8d760d3ce7f7,Lloyds,it's good and safe,5,Positive,Positive,Positive,Positive,Positive
e6b90aad-81c3-49e2-aeed-5101b68f8eec,Lloyds,cool,5,Positive,Positive,Positive,Positive,Positive
25cbb77f-fd13-476e-8ee1-4ae2bfbaf101,Lloyds,brilliant...and so Easy to use .👏. I am with LLOYDS Bank for 50 YEARS.. No other bank I have banked. Lloyds Bank Should give me ONE Year Free Banking.. for 50 years Banking.... LLOYDS should give me a YEAR FREE Banking.. They won't...too stingy...,5,Positive,Positive,Positive,Positive,Positive
2d1973b6-9603-4f6e-9e6d-2b4c71d3d826,Lloyds,Very impressed with the service and speed of the Lloyd's app.,5,Positive,Positive,Positive,Positive,Positive
20feb97e-525d-4c5e-89ce-30e49724f2ab,Lloyds,amazing,5,Positive,Positive,Positive,Positive,Positive
b81e5ac3-97f2-4475-aca4-e45cbadda05e,Lloyds,user friendly with easy applications .,5,Positive,Positive,Positive,Positive,Positive
a35c3a60-b5fc-4e1e-8444-b8a5faf9d91c,Lloyds,I find it easy to transfer money between accounts and other payees.,5,Positive,Positive,Positive,Positive,Positive
8f132edc-c654-409e-a116-14d5f290573e,Lloyds,Easy to use.,5,Positive,Positive,Positive,Positive,Positive
b23af0bb-af0b-4040-ba64-a65fd58e070f,Lloyds,Works for me. Easy to negotiate. A useful tool and and all data is current. Helpful tips.,5,Positive,Positive,Positive,Positive,Positive
bc2ec0fa-f96f-4c7d-9258-c9401c666b47,Lloyds,Lovely app easy to navigate your way through. user friendly,5,Positive,Positive,Positive,Positive,Positive
b9605c58-6ea3-4a2d-9f51-4c238fcbe398,Lloyds,easy to use everything clear on the app,5,Positive,Positive,Positive,Positive,Positive
1d296df9-10aa-4262-8da4-7c2eff69eeff,Lloyds,can't find missing credit card statements,1,Negative,Negative,Negative,Negative,Negative
a9c35fff-0de0-4823-9da1-a6ac93b4841d,Lloyds,easy,5,Positive,Positive,Positive,Positive,Positive
76e532f4-669e-4f87-9c63-4b0f171a3eab,Lloyds,Easy to use xx,5,Positive,Positive,Positive,Positive,Positive
0cfb63be-a07e-4838-8a89-7eb4f11bc956,Lloyds,very secure and easy to use.,5,Positive,Positive,Positive,Positive,Positive
a4c0c019-a8e5-4fd2-ab57-cb5ef62cb8b0,Lloyds,brilliant easy to use let's you know when payments are coming out.,5,Positive,Positive,Positive,Positive,Positive
7939ba5e-87a9-4519-a0d1-efa2dd566116,Lloyds,quivk easy safe,5,Positive,Positive,Neutral,Positive,Positive
769f656f-8746-4f30-901f-cb291cef90e7,Lloyds,easy to use,5,Positive,Positive,Positive,Positive,Positive
0f0a3133-ee0c-4c3e-86e5-b36093aa91f7,Lloyds,awesome 👌,5,Positive,Positive,Positive,Positive,Positive
502b4688-2bd7-4682-bd64-e7ead65e340e,Lloyds,"simple to use, excellent services",5,Positive,Positive,Positive,Positive,Positive
bed15550-4003-4c73-9beb-dd36e3b2c986,Lloyds,Everything works thank you.,5,Positive,Positive,Positive,Positive,Positive
19fb0a2b-3fc4-415b-92b0-85b33052adef,Lloyds,very happy that everything was checked at each point. thank you,5,Positive,Positive,Positive,Positive,Positive
e78b69a4-3f94-48a2-8a0c-ad86f192c5d0,Lloyds,not happy,1,Negative,Negative,Negative,Positive,Negative
ed21550c-1682-47ae-9ad2-7ce29abcb425,Lloyds,it's so easy to use,5,Positive,Positive,Positive,Positive,Positive
4fb090ac-5864-4f46-98a8-9d94cc13ebea,Lloyds,all working,5,Positive,Neutral,Neutral,Positive,Positive
3903ca18-27a7-412d-8ac0-2480b5949297,Lloyds,mid services,3,Neutral,Neutral,Neutral,Positive,Positive
3e357478-506f-4ace-9cef-4dc41abde5dc,Lloyds,Excellent banking app,5,Positive,Positive,Positive,Positive,Positive
2f08adf0-81aa-4e89-9aa6-4e4ea0659dcf,Lloyds,top! thank you,5,Positive,Positive,Positive,Positive,Positive
f64a4536-753e-48cd-ad13-0c9cb89ceab5,Lloyds,want to pay more.,4,Positive,Neutral,Neutral,Negative,Neutral
15341775-f3cd-4e07-b7d8-bd3d5841ed52,Lloyds,super service,5,Positive,Positive,Positive,Positive,Positive
110fcdf7-264e-4936-acfd-193d09467511,Lloyds,seamless.,5,Positive,Neutral,Neutral,Positive,Positive
9d32dad3-3889-4416-a61c-a7f8a4646e8b,Lloyds,"0 stars, changed devices i used my passport and all kinds of verification methods still cant get in, useless, made it so hard for people to get into your account you cant get into your own, weird bank stupid",1,Negative,Negative,Negative,Negative,Negative
459ee28a-a9f8-4b89-90bb-93ad02fa1b83,Lloyds,swift and painless.,5,Positive,Positive,Positive,Positive,Positive
77a1c155-4a65-4a01-8f5d-e4c542029699,Lloyds,easy and well explained.,5,Positive,Positive,Positive,Positive,Positive
f2055afd-8572-4b98-b2a2-08158881e6fc,Lloyds,Very easy to use and user-friendly app. I'm loving it!,5,Positive,Positive,Positive,Positive,Positive
fa969382-1540-457d-a1d6-29d0949da524,Lloyds,I'm a lot happier with the app than I was previously.,4,Positive,Positive,Positive,Positive,Positive
92881280-4df4-41ed-9233-853f6dc60285,Lloyds,easy and quick,5,Positive,Positive,Positive,Positive,Positive
40f07189-b99c-4d37-b651-6754a3200419,Lloyds,always available easy to use,5,Positive,Positive,Positive,Positive,Positive
0de54631-fe16-44e5-afa0-93469fd4438f,Lloyds,find it easy to deal with as an older customer,5,Positive,Positive,Neutral,Positive,Positive
38e6d703-a35b-4718-9f27-7abb39df2fcb,Lloyds,frustrating,3,Neutral,Negative,Negative,Negative,Negative
8fa07178-18b3-4854-946e-41853d2cd75a,Lloyds,"Small gripes: You cannot add nicknames for bill payments payees. I have several payees all to my own accounts and no idea which is which acc when on the move. Payee references are editable which is not appropriate for all payees. I'd like to be able to duplicate payees and use different nicknames each hardwired with different payee references eg for HMRC mine+partners. Sometimes launch the app after previous use bypasses the login page quickly to shows ""Log Off"" and you have to startover again.",3,Neutral,Positive,Negative,Negative,Neutral
8c429ff4-325b-4bb3-8ecd-4ca2f5625f7d,Lloyds,ease of use quick access,5,Positive,Positive,Neutral,Positive,Positive
bc849b4a-bf8e-43b2-9892-0e47f96bf424,Lloyds,best app,5,Positive,Positive,Positive,Positive,Positive
345af286-786c-4640-b754-ac5b2708f94b,Lloyds,This app is very effective and it never disappoints or fails and it's easy to understand and helpful.,5,Positive,Positive,Positive,Positive,Positive
49b7b3b9-c405-47ab-8e40-0fd503926879,Lloyds,simple to use and fast.,5,Positive,Neutral,Positive,Positive,Positive
0b76efef-8b02-4993-a5a3-e5a53c3d4e86,Lloyds,Very good and helpful,5,Positive,Positive,Positive,Positive,Positive
3f648fd4-27ec-4623-8128-14a7001f2ef6,Lloyds,great esay to use,5,Positive,Positive,Positive,Positive,Positive
a3cc76b6-a76e-43bc-9438-93937dd98d2c,Lloyds,a brilliant app,5,Positive,Positive,Positive,Positive,Positive
739d031c-cb1b-4cb4-855c-1210cb1c6bff,Lloyds,very easy to use banking app,5,Positive,Positive,Positive,Positive,Positive
a76b548c-20ce-4623-a052-33663a729bad,Lloyds,very good service 👏,5,Positive,Positive,Positive,Positive,Positive
1ce35742-952e-4e7e-b88a-148894d20219,Lloyds,"great app, user-friendly",5,Positive,Positive,Positive,Positive,Positive
5de74521-1c9d-4e68-aabe-1bb5d72d288c,Lloyds,customer friendly easy to use,5,Positive,Positive,Positive,Positive,Positive
9de1e8f3-76ca-4bd1-b4be-3118ff2d949a,Lloyds,"Quick and easy, great service",5,Positive,Positive,Positive,Positive,Positive
b01be258-c6a1-4221-b02e-1b3cbdd2a36f,Lloyds,"up to now it is working fine. like all apps , they need getting used to and I am getting on ok at the moment.",4,Positive,Positive,Positive,Positive,Positive
1642c2ff-4a4f-4e56-aa18-2b3ff76692e0,Lloyds,easy to use,5,Positive,Positive,Positive,Positive,Positive
b0f92723-ab80-46ea-851c-01e07f171650,Lloyds,definitely okay,5,Positive,Positive,Positive,Positive,Positive
65b8252d-461e-4bc5-ae20-ca49b749574e,Lloyds,"excellent, effective and simply efficient.",5,Positive,Positive,Positive,Positive,Positive
7803da30-0f5d-4c0e-9297-be177b75def1,Lloyds,very good service,5,Positive,Positive,Positive,Positive,Positive
d30f61d6-4dab-48b2-873c-edf79363355a,Lloyds,My experience is good and perfect transaction,5,Positive,Positive,Positive,Positive,Positive
b877bdc5-7907-4053-a8d0-28f9cf431b63,Lloyds,very good works really well,5,Positive,Positive,Positive,Positive,Positive
9b7b4000-0643-4e59-9948-fca25d6dea2e,Lloyds,simple easy to use.,5,Positive,Positive,Positive,Positive,Positive
3efbf607-788c-4214-9506-520a1fc7e7ac,Lloyds,very fast and reliable,5,Positive,Neutral,Positive,Positive,Positive
9a62c0a5-513f-44ca-b687-c45ce721f3c7,Lloyds,"Very difficult to use. the invoice kept appearing over the lloyds app on my mobile, such that l could not enter the details required. Zero customer friendly.",1,Negative,Positive,Negative,Negative,Negative
025de7a0-c56d-4609-b81f-f5050464edfe,Lloyds,Currently unable to login using fingerprint as not recognised. No issue with other banking apps.,3,Neutral,Positive,Negative,Negative,Negative
c7b49073-b11e-4831-9eeb-328640d2e322,Lloyds,it's amazing and easy for using and very comfortable,5,Positive,Positive,Positive,Positive,Positive
46260717-45a8-44ca-b60e-b69e1d108fc0,Lloyds,how do I pay with phone,5,Positive,Negative,Neutral,Positive,Positive
81be9020-5e90-405b-9309-7ddbb6e0dd61,Lloyds,"User friendly, quick & effective.",5,Positive,Positive,Positive,Positive,Positive
58d498a0-dce5-41c5-98e1-489533eef63a,Lloyds,excellent very easy to use 👍,5,Positive,Positive,Positive,Positive,Positive
d2cbbad0-19c1-48b7-9e12-e6feb5a40cee,Lloyds,easy to use,5,Positive,Positive,Positive,Positive,Positive
bb8d2a6d-c7fa-4d9c-8992-b7690447c980,Lloyds,"perfect experience, never a dull moment.",5,Positive,Positive,Positive,Positive,Positive
8caf238e-f709-435c-ad6b-fbadc1dfc3c2,Lloyds,Quick and easy,4,Positive,Positive,Positive,Positive,Positive
e54077b3-56ca-4f94-a2ce-9298d27bd972,Lloyds,very useful...,5,Positive,Neutral,Positive,Positive,Positive
2aad0688-8f9a-4548-986a-dfb827b6cbd7,Lloyds,"Great, very easy to use. Easy to follow.",5,Positive,Positive,Positive,Positive,Positive
92d0234d-c7a2-4c02-b627-cebf48a0126d,Lloyds,Quick and easy,4,Positive,Positive,Positive,Positive,Positive
a3f90d13-988c-4359-8224-fac910534076,Lloyds,very easy for me to use.,5,Positive,Positive,Positive,Positive,Positive
88961a89-5c83-4c8f-8487-2b5a8b26a6ec,Lloyds,Quick and reliable.,5,Positive,Neutral,Positive,Positive,Positive
13f01275-0314-47ef-a920-41fbaefc7d9b,Lloyds,speedy,5,Positive,Neutral,Neutral,Positive,Positive
0751f186-1ce3-4689-98eb-ba5207806136,Lloyds,easy to use,5,Positive,Positive,Positive,Positive,Positive
08680219-2d91-4d97-872c-ef7a725f9d38,Lloyds,unable to process a joint account and both with Lloyds,3,Neutral,Neutral,Negative,Negative,Negative
5457e103-1c33-4cb4-abfd-45079ee1424e,Lloyds,Great experience,5,Positive,Positive,Positive,Positive,Positive
ef1ad610-04ca-4af8-862c-9072d30b89a6,Lloyds,complete transactions good.,5,Positive,Positive,Positive,Positive,Positive
d79dd428-3d52-4694-945b-1b7330bd22d7,Lloyds,"absolute joke you ask me why I do not use online banking tried for months how am I supposed to know the 3 letters or numbers to put in i copied what it says just sends me back to login takes ages to do my birthday, tried 7 or 8 times, you have 1 more try, login forgot your login details no I definitely did not as they are saved just one mishap after another. login I give up, generally losing the will to live. do not suppose you could tell me what numbers or letters I need to add in the 3 circle",1,Negative,Positive,Negative,Negative,Negative
fe0fdbe8-77e3-4e8c-bb73-63a7eaa11927,Lloyds,Aways works well for me.,5,Positive,Positive,Positive,Positive,Positive
97331133-90c8-43e4-a0c0-2a41cd9ecc10,Lloyds,very easy to do no complications,5,Positive,Positive,Positive,Positive,Positive
4549d4db-4fa1-4dea-94eb-ef3cfed92f71,Lloyds,Easy to use and safe and secure.,5,Positive,Positive,Positive,Positive,Positive
a6aba0b4-7c1f-4ab9-b053-a22188bd8589,Lloyds,Straight forward.,5,Positive,Positive,Neutral,Positive,Positive
55262f6b-876a-4cb0-9ced-62ca8131c9b4,Lloyds,Excellent,5,Positive,Positive,Positive,Positive,Positive
0a9eed06-dd6a-4587-aa13-887258c7c481,Lloyds,"absolutely fantastic, I can send money to my family without having to find a bank",5,Positive,Positive,Positive,Positive,Positive
64f88c92-b5b6-478b-b36b-09e543f9ef63,Lloyds,Very fast,5,Positive,Neutral,Positive,Positive,Positive
8dc2dc52-5125-4672-a852-f0179f9dcfc5,Lloyds,"lloyds excellent service, I recommend to everyone",5,Positive,Positive,Positive,Positive,Positive
cf0c0edd-eb00-44c2-8b9c-61812442931f,Lloyds,very helpful always,5,Positive,Positive,Positive,Positive,Positive
2a8e48f4-6081-4b90-a454-e555e6d476e7,Lloyds,This app is very good and helpful. I had a great experience.,5,Positive,Positive,Positive,Positive,Positive
4f55e453-ef35-474b-b925-8900a5b34e48,Lloyds,getting better with it now,5,Positive,Positive,Positive,Positive,Positive
96a4ca10-3e2c-4195-85ba-392d537e819d,Lloyds,Excellent app. Easy navigation with all accounts data available. Now even easier than ever.,5,Positive,Positive,Positive,Positive,Positive
d2a11abc-bcb0-4b5c-9fef-8b01e0e3d402,Lloyds,excellent,5,Positive,Positive,Positive,Positive,Positive
75c6136d-ac8c-4128-a0a5-e75e9de13cbe,Lloyds,Fast & Easy app,5,Positive,Positive,Positive,Positive,Positive
f860cf94-0589-448e-965f-406adae3db7a,Lloyds,Brilliant app to use !,5,Positive,Positive,Positive,Positive,Positive
d5a20248-9b2d-468c-b10c-0986306a3336,Lloyds,Very good after making a few errors,5,Positive,Positive,Positive,Positive,Positive
dc4e1287-8fc8-40b2-9dd2-35efd204d3fa,Lloyds,so easy to operate more reliable than nat west,5,Positive,Positive,Positive,Positive,Positive
9565487b-03de-49b6-9fb5-c18978d65591,Lloyds,excellent,5,Positive,Positive,Positive,Positive,Positive
9f72e435-0b11-4a80-b810-8006d2a1aa27,Lloyds,"easy quick xxx,",5,Positive,Positive,Positive,Positive,Positive
4bf3bb1c-7669-4e99-ab95-7bf7277dc8b3,Lloyds,Very easy to use application. Best banking app I've used and continues to be so. The ability to link through to my accounts in other banks is very useful. Use of the app to validate purchases is also very useful. Still the best banking app I've used.,5,Positive,Positive,Positive,Positive,Positive
4e3d0707-e828-4ca5-81f1-56a134acdaae,Lloyds,super easy. quick and flawless,5,Positive,Positive,Positive,Positive,Positive
cba1654d-3d21-4e7b-9a43-082db8d1f2bd,Lloyds,Has improved & much easier to navigate.,4,Positive,Positive,Positive,Positive,Positive
9fb231fe-62d7-4285-be2e-0cd2a64455fa,Lloyds,I love Lloyds but I would love to see in the next update to the app and view of Incoming money like most banks does. so I would really appreciate it if you can add that into the bank next a view of Incoming money from others when they pay like payslip or rewards money income so please add it so we can see our pay slips in the bank.,5,Positive,Positive,Positive,Positive,Positive
fc6e6ff4-e11d-4d0b-9f47-15c236283828,Lloyds,running very slow recently,2,Negative,Neutral,Negative,Negative,Negative
f0d9c4e3-d116-41e3-a228-5196aca2ef2d,Lloyds,ITS GOOD AND EASY,5,Positive,Positive,Positive,Positive,Positive
1cb400ae-c326-459a-ae2e-98fea51d6de3,Lloyds,easy to use,5,Positive,Positive,Positive,Positive,Positive
77da9851-14ce-4725-8f02-b256cb7abc00,Lloyds,Very nice services,5,Positive,Positive,Positive,Positive,Positive
4616dcc5-6ade-427d-a694-60c1c1879418,Lloyds,easy to use and looks after its users,5,Positive,Positive,Positive,Positive,Positive
6b47d01e-a87f-4a3a-a91f-bf0033f09e64,Lloyds,"I've just received a notification about an upcoming payment that actually was paid last Tuesday! Also, FULL bank a/c numbers shown on downloads. !!!!!!! NOTHINGS CHANGED!!!!!!!",1,Negative,Neutral,Negative,Negative,Negative
e9cd90e8-be47-4ad3-871f-be55fcfac7fb,Lloyds,easy to use,5,Positive,Positive,Positive,Positive,Positive
d5e1bcd5-55a2-4b3f-aafd-c6dc15e8e9c8,Lloyds,very smooth,5,Positive,Neutral,Positive,Positive,Positive
8373710d-9ac8-4d43-abfd-c205766e782c,Lloyds,Faultless.,5,Positive,Positive,Neutral,Positive,Positive
df344873-1b70-4c80-8ef1-05d7dac6c45d,Lloyds,If I've ever had a query there is always someone at hand you can talk (type) to that are very helpful.,5,Positive,Positive,Positive,Positive,Positive
2ad4b19d-d166-482c-a16a-1fb7e2097c05,Lloyds,"The App was okay at the beginning. Once you get to the point you need to upload identity document and do a selfie, the app is horrible. The App keeps prompting you to adjust camera and try again. What a shame. Simply inform users to go to the closest branch for verification of identification documents and stop wasting people's time. In the final analysis, the App is useless since it could not enable a new user open an account completely online. This 2026 please...",1,Negative,Negative,Negative,Negative,Negative
3088c87c-eba1-44bc-af7d-914c9348329c,Lloyds,it all rigth to check what money in and out pay in as well,5,Positive,Positive,Neutral,Positive,Positive
8d466892-7e4f-4ac6-9fe3-c06edfdb1df9,Lloyds,"Fast,Secure,Simple",5,Positive,Neutral,Positive,Positive,Positive
2b5893be-8487-4786-8914-d02a5bf8c87d,Lloyds,easy,5,Positive,Positive,Positive,Positive,Positive
698d4c68-efcc-4377-9531-a958e0da85cc,Lloyds,very reliable and efficient,5,Positive,Positive,Positive,Positive,Positive
e15c9658-ab59-44af-ba55-bfda7fadf378,Lloyds,Easy to use,5,Positive,Positive,Positive,Positive,Positive
e657fae2-2c0f-406c-8980-85c82f24ec34,Lloyds,It's a great app that allows you to access a lot of bank features clearly but sometimes the inbox disappears and is hard to find,4,Positive,Negative,Positive,Positive,Positive
c3bd01d6-b8ae-4b00-a488-04a1a59624ff,Lloyds,easy to navigate,5,Positive,Positive,Positive,Positive,Positive
34e7e9df-f28a-49c5-8fc4-b50253689563,Lloyds,Still clunky and only occasionally connects to my accounts,1,Negative,Neutral,Negative,Negative,Neutral
4e6f735e-81ea-4e67-9415-daf9bc1d96f8,Lloyds,easy to use,5,Positive,Positive,Positive,Positive,Positive
f7475645-1d71-4080-881c-f733b1b4fe8b,Lloyds,I am unable to Create Memorable Information. I type in what I want it to be but uable to re enter and save,3,Neutral,Positive,Negative,Negative,Neutral
01e763f1-6d8b-42b1-bebf-ebbec49982c5,Lloyds,excellent and easy to use app,5,Positive,Positive,Positive,Positive,Positive
12856906-0a59-4731-8373-65f63ac4712d,Lloyds,excellent,5,Positive,Positive,Positive,Positive,Positive
8643302f-b159-4165-b374-026382a7a6ec,Lloyds,Very easy to use.,5,Positive,Positive,Positive,Positive,Positive
c89ced65-7f88-4320-9523-959eee458beb,Lloyds,a nightmare took me 1 hour to get this far,4,Positive,Neutral,Negative,Positive,Negative
a9f12174-a306-4f1b-b3f7-301395c7d43e,Lloyds,"Quick and simple I would like to have notifications of transactions as soon as they occur, rather than a day or two afterwards.",5,Positive,Positive,Neutral,Positive,Positive
673becaa-88e0-414e-857d-2e210f48b132,Lloyds,First time doing a transfer simple easy to follow.,5,Positive,Positive,Positive,Positive,Positive
7a1719c2-ad32-42d7-b7a4-bca6da657183,Lloyds,very easy to use,5,Positive,Positive,Positive,Positive,Positive
594e59d0-3aff-4806-94a3-7d3f92b1289d,Lloyds,fantastic app,5,Positive,Positive,Positive,Positive,Positive
b39d6c74-2f6f-4f6f-9100-00cf0b8d39fa,Lloyds,The app is great after the upgrade. The information is displayed clearly. The SPENDING INSIGHT function is very useful.,5,Positive,Positive,Positive,Positive,Positive
feb1d533-07d7-4e81-87d2-20e1b49657e1,Lloyds,"app functions well except support. live chat is a disaster. bot can't do anything, so always need an agent after arguing with bot. even with all notifications enabled, they don't come through, agents close requests without waiting for response (sometimes in <30 min, even though they're allowed 30min to respond, youre not, I've even had chats closed after <5 min). this means another argument with the bot, agent doesn't read full history, closes as resolved, you explain issue again, rinse repeat.",2,Negative,Negative,Negative,Negative,Negative
86bc9a5b-34e9-41f1-99b5-fe8ae9e8a800,Lloyds,"Easy and clear to operate, quickly able to locate action needed",5,Positive,Positive,Positive,Positive,Positive
61d251ea-977b-4f4d-96b5-4fc9a8a9f783,Lloyds,i find the app easy to use. Everything explained simply,5,Positive,Positive,Positive,Positive,Positive
325624f3-acdd-4451-b04a-f3520500b353,Lloyds,Very easy to use!,5,Positive,Positive,Positive,Positive,Positive
f11e58ee-38b8-4b9f-a56b-d588c4fb7748,Lloyds,"Absolutely useless, cannot install this whatever way I try.",1,Negative,Negative,Negative,Negative,Negative
cfba6634-4b1c-409b-bb8f-ab6534bf17a8,Lloyds,Easy,5,Positive,Positive,Positive,Positive,Positive
9f47348e-f744-41e2-8be4-fe21ebb031cd,Lloyds,App works well but the scan cheque option always has an error when trying to take a photo of a cheque on my s21 ultra. lloyds bank staff tried it and had the same problem.,4,Positive,Negative,Negative,Negative,Positive
7284ca29-11bd-42ab-8305-bddffa317f8d,Lloyds,excellent,5,Positive,Positive,Positive,Positive,Positive
789dd100-bc75-4668-b2f5-e8e23e718f26,Lloyds,The app is very easy to use.,5,Positive,Positive,Positive,Positive,Positive
3555eaee-1e4c-4f83-b4ae-b548a1977bd6,Lloyds,easy to use,5,Positive,Positive,Positive,Positive,Positive
a4a57eb6-3bbd-46ab-b86d-099db11b7d44,Lloyds,Never had any problems,5,Positive,Positive,Neutral,Positive,Positive
b26f59d0-df0a-4f38-b3b4-49a4bd8ace09,Lloyds,Easy to use. I can't imagine why I hadn't used it sooner!,5,Positive,Positive,Positive,Positive,Positive
d453cfed-ac71-4ea6-a567-33b3a8719a3e,Lloyds,"As an impressed new boy, I'm impressed again!",5,Positive,Positive,Positive,Positive,Positive
06aa2a92-ecac-46f0-b024-32ac3720b09e,Lloyds,so quick and easy,5,Positive,Positive,Positive,Positive,Positive
abd7228a-fdfc-43b5-b67d-ad47ded3e371,Lloyds,super job,5,Positive,Positive,Positive,Positive,Positive
e1621120-e4d4-4c55-9cf6-4b48fd97f574,Lloyds,This worked flawless,5,Positive,Positive,Positive,Positive,Positive
63012fa6-2938-4c5b-b3b6-0bf6bfcdfcd4,Lloyds,Easy to use app making a payment is straight forward,5,Positive,Positive,Positive,Positive,Positive
da88d5e0-5b0f-4ba4-9be9-1b49f51539f6,Lloyds,simply brilliant,5,Positive,Positive,Positive,Positive,Positive
b25bc5e7-9c72-47d1-9f5e-f5bb3ad4ae40,Lloyds,exceptional,5,Positive,Neutral,Positive,Positive,Positive
b8676880-ff28-4531-85f1-2eb766c09f0b,Lloyds,easy even for the aged,5,Positive,Positive,Positive,Positive,Positive
e4eb490b-5284-4659-b815-978bf9e27709,Lloyds,"so easy to use, very convenient",5,Positive,Positive,Positive,Positive,Positive
939f114a-26b1-4c71-88aa-a679981e9c64,Lloyds,is easy to use,5,Positive,Positive,Positive,Positive,Positive
939c8ec6-fc40-483b-b11e-33f176f58523,Lloyds,cant open joint account online have to make appointment at branch only downside to app everything else 100%thankyou,4,Positive,Negative,Negative,Negative,Positive
88d3077d-6409-4477-add8-171c8d10eea4,Lloyds,excellent service,5,Positive,Positive,Positive,Positive,Positive
a949d96b-b048-4add-9c00-fe1cba929257,Lloyds,very easy to use,5,Positive,Positive,Positive,Positive,Positive
1ba8a673-2a43-42b4-9d8b-5f09e82f397a,Lloyds,straight forward non complicated excellent,5,Positive,Positive,Positive,Positive,Positive
81d20942-ef3d-4be9-a676-88f2a6cd97d9,Lloyds,So straightforward to transfer money between my accounts.,5,Positive,Neutral,Positive,Positive,Positive
315bdd50-47f4-4603-a757-022c05557687,Lloyds,easy to use and understand,5,Positive,Positive,Positive,Positive,Positive
11f168b5-19a7-4314-b2c2-ae1b65c745de,Lloyds,Brilliant,5,Positive,Positive,Positive,Positive,Positive
adee5ed3-6339-4c54-b4af-e2a09ce24ea4,Lloyds,hope less for someone 91 yrs old.interopted to give me codeword aborted then would not accept no on my bank card,1,Negative,Positive,Negative,Negative,Negative
b264c5d4-00b5-4cb3-bca1-86412f42fcd4,Lloyds,exceptionally efficient,5,Positive,Positive,Positive,Positive,Positive
7cb59dc5-df00-4a94-b852-1e72bc57532d,Lloyds,easy to use & informative,5,Positive,Positive,Positive,Positive,Positive
c5320679-7b6a-4b09-8ca9-c8f1260d8969,Lloyds,I use the apps regularly for both personal and business accounts. I would be lost without them,5,Positive,Negative,Positive,Positive,Positive
d238c9e1-ba97-4292-8462-37a47ab0db69,Lloyds,"I love this app, it is so much easier.",5,Positive,Positive,Positive,Positive,Positive
1c719f72-52ec-45da-97df-745601123228,Lloyds,very quick and easy to use,5,Positive,Positive,Positive,Positive,Positive
bb5a42e3-09d6-4786-8e79-ee5d5570e034,Lloyds,"Excellent, quick, simple to use. Settings available make it secure.",5,Positive,Positive,Positive,Positive,Positive
139b2763-0a71-49d5-b8e6-324ef0c1e828,Lloyds,The best for me.,5,Positive,Positive,Positive,Positive,Positive
1e09e8ce-8f07-4a1d-95c5-91e85e164197,Lloyds,Easy to use even for an oldie !,5,Positive,Positive,Positive,Positive,Positive
48196e81-b844-42e2-8098-0c83a7cf9789,Lloyds,Good service,5,Positive,Positive,Positive,Positive,Positive
88248e13-b03d-465e-bf40-f69026e3be73,Lloyds,"Excellent to use, but why does it take four touches of the icon to load the App?",5,Positive,Positive,Negative,Positive,Positive
b5562c50-5ee3-4102-a0db-80dd6424bee3,Lloyds,very easy and fast to use.,5,Positive,Positive,Positive,Positive,Positive
4f6ad447-1fba-49e2-9475-693557da612a,Lloyds,easy to use and understand,5,Positive,Positive,Positive,Positive,Positive
0c08d74e-8ecb-4f04-be13-1c7a60d5bc35,Lloyds,"So fast, so easy",5,Positive,Positive,Positive,Positive,Positive
790ed55c-9462-4bbc-aae0-0b88eb903cb1,Lloyds,"it's a bank app, its apps my bank, I cant really expect more.",5,Positive,Neutral,Neutral,Negative,Positive
46e47557-1951-446c-b5e4-c24e366e011d,Lloyds,I get error/can not load messages frequently,3,Neutral,Neutral,Negative,Negative,Neutral
fde48c6a-f0b0-4361-856c-7b36ae0fafa7,Lloyds,Easy and understandable.,5,Positive,Positive,Positive,Positive,Positive
5d01f14a-ecfb-4508-9fea-07f5491fa659,Lloyds,"like it, easy to use",4,Positive,Positive,Positive,Positive,Positive
5271ad7e-4a4a-4a0f-b73a-da8b0f8cf1d9,Lloyds,i have Lloyd cretidcard and am happy with it,5,Positive,Positive,Positive,Positive,Positive
e4f0507b-a37e-4c53-b8cc-2aaf04e498e5,Lloyds,some things are easy. some things are impossible and I end up calling. Also the chat bot is very rarely useful.,3,Neutral,Positive,Negative,Positive,Neutral
9dbc4883-6252-4837-add2-9f62baef8628,Lloyds,excellent service,5,Positive,Positive,Positive,Positive,Positive
c5214e2e-a828-40ab-bb72-98d9fec67987,Lloyds,it is very easy to use.,5,Positive,Positive,Positive,Positive,Positive
ad824af0-e336-4844-8663-e15412aa2bb6,Lloyds,app is Good and easy to use,5,Positive,Positive,Positive,Positive,Positive
43e8a400-1679-474a-b64b-3462d5291c24,Lloyds,no hassle easy to navigate.,5,Positive,Positive,Positive,Positive,Positive
0be06198-eeef-4c4a-af88-816bd2ed2ece,Lloyds,"since the new rules regarding shared accounts, my wife now doesn't get flowers or gifts as a surprise, the app has been absolutely trashed!!",1,Negative,Positive,Negative,Positive,Negative
e6e8b9fc-6a53-4f2d-8c81-a4896e1b8195,Lloyds,very good and simple to use,5,Positive,Positive,Positive,Positive,Positive
84a3f9c3-8afd-4955-8ca7-fc57b07a35c6,Lloyds,This is an easy app to use.,5,Positive,Positive,Positive,Positive,Positive
f88a69ee-3d88-47b6-ad24-fb0189d4329a,Lloyds,Excellent and most efficient thank you!,5,Positive,Positive,Positive,Positive,Positive
3c124dbd-e26a-4562-bf10-2191ebb97b27,Lloyds,easy to use,5,Positive,Positive,Positive,Positive,Positive
6efd617d-869e-45f5-acc1-15ea445cf60c,Lloyds,"very well thought out app, easy to navigate, all you need for all finances and allows you to be in control",5,Positive,Positive,Positive,Positive,Positive
59da6843-a8b2-4001-986f-f29bed4d1fe3,Lloyds,"The notifications do not work no matter how you reset the settings, clear app cache, data, uninstall and reinstall the app. It's also a little embarrassing the app logo icon resolution is so low it's blurry on phones.",1,Negative,Negative,Negative,Negative,Negative
4609ba6a-da61-4386-8b51-17fe82fb39cf,Lloyds,The App is very easy to use and edit payments etc. and the choice of dark mode.,4,Positive,Positive,Positive,Positive,Positive
95fec9e2-d3e1-4780-acee-8687ba6b19c9,Lloyds,"Lloyds app great, reliable and easy to use. The upgrades have enhanced the app, more info on the move when away from the home computer.",5,Positive,Positive,Positive,Positive,Positive
e9ef0ce3-8c3f-410d-bf6d-c936e5a9507d,Lloyds,Easy to use and fairly well laid out,5,Positive,Positive,Positive,Positive,Positive
82439408-dc9d-44e5-9a92-57e1035ab430,Lloyds,The best .. easiest to use banking app.,5,Positive,Positive,Positive,Positive,Positive
2b8a965a-adb7-4ab0-911a-cd34d257d35b,Lloyds,fast and secure. Thank you.,5,Positive,Positive,Positive,Positive,Positive
e21a042e-9b3e-48b2-9343-feef2a1234d5,Lloyds,"a very convenient and easy to use app, with a touch of a button.",5,Positive,Positive,Positive,Positive,Positive
3a678d7f-4784-4fde-ac21-2c19f327b57d,Lloyds,super easy to use,5,Positive,Positive,Positive,Positive,Positive
cbdf002a-9ea9-4680-b5cb-0c83bc4ddb99,Lloyds,been using it for 3 years. no disappointment yet. swift and seamless.,5,Positive,Negative,Positive,Positive,Positive
7baf4dc6-b946-4b60-84cf-5fae902d8bea,Lloyds,slow,1,Negative,Neutral,Neutral,Negative,Negative
0fbf8195-4bfe-4563-87e1-fccbd8423f8c,Lloyds,Quick + easy to use,5,Positive,Positive,Positive,Positive,Positive
d105a4c5-f3ef-45c4-b5b6-04fe2882a625,Lloyds,not very user friendly when making payments to companies via BACS,2,Negative,Negative,Negative,Negative,Negative
9f16639f-cadb-400c-b822-40094efc96e9,Lloyds,easy,5,Positive,Positive,Positive,Positive,Positive
f629053b-4d64-46db-baed-13718ee52d9d,Lloyds,Generally good to use,5,Positive,Positive,Positive,Positive,Positive
60906f71-bd45-45f7-8388-504110c329c2,Lloyds,Excellent app is easy to use,4,Positive,Positive,Positive,Positive,Positive
2562c914-6852-4f1d-9a60-d140bfcccea9,Lloyds,easy to use. clear information,5,Positive,Positive,Positive,Positive,Positive
c071e6e4-7c11-4cc2-8424-97574eec0b0f,Lloyds,forgets password,2,Negative,Neutral,Neutral,Positive,Negative
8a9e312f-1d4c-4c95-af9f-bf26fe4857d1,Lloyds,easy and quick,5,Positive,Positive,Positive,Positive,Positive
4f7f065c-0d0c-4059-898b-f0d7be318ff8,Lloyds,Never loads trash trash trash i cant even log in the app is broken just taking my money ive tried reseting password and guess what error go with another app or just use cash now I have to wait 10 working days for a stupid code to arrive so I cannot buy food now,1,Negative,Negative,Negative,Negative,Negative
a0ea11d8-41d8-40ca-b700-2cdffd33ddc5,Lloyds,The emails in the inbox which you have to read for legal reasons are unreadable! You would need a microscope. No option to resize them. Very poor design.,1,Negative,Negative,Negative,Negative,Negative
6f3a03eb-acbf-4001-8b05-1ef4b1672f9b,Lloyds,excellent. it was fasr and easy.,5,Positive,Positive,Positive,Positive,Positive
caf072c4-7ac5-41b2-8397-7d3020309164,Lloyds,Really good app. Works really well. All my banking and insurance needs in one. Easy.,5,Positive,Positive,Positive,Positive,Positive
9fc6bd62-760a-4bc0-a8b6-494366c8477a,Lloyds,Straightforward. Appreciate the security precautions.,5,Positive,Positive,Positive,Positive,Positive
06a16f1b-bff4-4643-a492-48148ed2df4c,Lloyds,Excellent!,5,Positive,Positive,Positive,Positive,Positive
7cca9c74-5e67-46a3-9d52-a6ae8ff93f8f,Lloyds,excellent,5,Positive,Positive,Positive,Positive,Positive
e2c691b3-358e-457f-a6b6-2db6cdfeee48,Lloyds,"I have been a customer of Lloyds Islamic Bank for over ten years, and I have had no issues during this time. I appreciate your reliable and professional service, and I recommend subscribing to Lloyds Bank. Thank you.",5,Positive,Positive,Positive,Positive,Positive
40ccb982-0812-4925-a2df-119fc032f8e2,Lloyds,Much improved over the two years that I have used the app. Very useful.,5,Positive,Positive,Positive,Positive,Positive
3c1a91ee-805d-442f-b2d0-b09621b0db84,Lloyds,good easy to use,4,Positive,Positive,Positive,Positive,Positive
e6bbfa7b-32a7-4c57-ba35-88cd72bf4498,Lloyds,its fantastic,5,Positive,Positive,Positive,Positive,Positive
2c070ad4-fdfa-4911-84c3-f6dd874f062c,Lloyds,A smooth experience while using it. Great app for great bank,5,Positive,Positive,Positive,Positive,Positive
b01dcefb-2622-485d-9ea7-32512216c7e9,Lloyds,simple to use,5,Positive,Neutral,Neutral,Positive,Positive
57fa0b93-b94f-4291-8212-d6ddf88cdd1b,Lloyds,good experience,5,Positive,Positive,Positive,Positive,Positive
c5d7a282-37e7-41bc-b29f-64aa10b55825,Lloyds,"I still, 6 months later, add a new person to pay. I have to log on to web site",1,Negative,Negative,Neutral,Negative,Negative
c5c50335-b98c-4243-8ebb-140b1e037438,Lloyds,Very convenient and accessible. Easy to understand and navigate the app.,5,Positive,Positive,Positive,Positive,Positive
9cef5bd8-c7a5-4dca-9644-80309b6b00ae,Lloyds,"Overly complicated. Not straight forward like it used to be ! When the comment is negative, the server is busy - it seems",1,Negative,Negative,Negative,Positive,Negative
94c205b4-ff92-4e95-8fe8-46cb9902d212,Lloyds,amazing,5,Positive,Positive,Positive,Positive,Positive
b28db6e7-1fa9-4e1e-a4bf-266532a4621e,Lloyds,easy to use but options keep moving location,5,Positive,Positive,Positive,Positive,Positive
ea616f61-efed-49c0-b785-bbfc927a13fc,Lloyds,Not good as can't get the app to acce pt details,1,Negative,Negative,Negative,Positive,Negative
b99c1e25-ef82-4b42-857f-ac0f2a0d8c28,Lloyds,very good app but the search is terrible I have my salary paid in monthly but when searching for salary paid in it never finds it even searching the whole year it can not find any in payment,2,Negative,Negative,Negative,Negative,Positive
bb11f081-510f-47ba-afa9-e81e8eec1580,Lloyds,"first time using this method of payment, found it a bit complicated as I'm not good with technology.",4,Positive,Negative,Negative,Positive,Positive
24733677-fbd4-497d-acd4-f9266d129948,Lloyds,easy to use,5,Positive,Positive,Positive,Positive,Positive
1a8b326c-eab7-4f9d-9517-77e4db116de3,Lloyds,I use the app all the time I find it so good,5,Positive,Positive,Positive,Positive,Positive
40743553-502e-4f67-9d8b-04ee450a63db,Lloyds,first class,5,Positive,Neutral,Neutral,Positive,Positive
843305dd-7089-4278-8d23-76589b40940c,Lloyds,very sufficient I like it. I like the response in time of need. thier it seriously when dealing with there customers. I can't complain about it. Big up all the time,5,Positive,Positive,Positive,Positive,Positive
edfbc886-f5f6-4765-af43-1c882b4ad852,Lloyds,great new app. a drop down would be great but overall nice improvement,4,Positive,Positive,Positive,Positive,Positive
dc6d7e88-3956-4fef-9e2a-86b5a05f34d8,Lloyds,since this app was updated im unable to swipe up to see what ive paid out and very disappointed,2,Negative,Negative,Negative,Negative,Negative
dbc39f98-7f11-444a-ac17-94872da94aaf,Lloyds,exceptional,5,Positive,Neutral,Positive,Positive,Positive
a3c122d2-0123-4ef7-9c91-022f17f84ea9,Lloyds,So many assets privatized or acquired through modern extortion and can't even provide a decent app,1,Negative,Positive,Negative,Positive,Negative
d981833d-d824-4a82-b31a-aaa44f24cd51,Lloyds,Very reliable and convenient 👍,5,Positive,Neutral,Positive,Positive,Positive
69a4a4db-84cf-440f-adda-cc2181f21774,Lloyds,"easy to use , great experience always",5,Positive,Positive,Positive,Positive,Positive
4ba1fa05-9cb3-477e-80c4-64dc7d2e47a5,Lloyds,I'm 86 years old not very good with apps but found this app relatively easy .,5,Positive,Positive,Positive,Positive,Positive
9d629b5e-e1c1-4fe6-943b-d2b1dc88f7f2,Lloyds,Is very secure and effective.,5,Positive,Positive,Positive,Positive,Positive
a537ae9f-155d-41c1-af8d-c7b2ee18e85e,Lloyds,messaging is excrutiatingly slow. no answers to my simple questions,1,Negative,Negative,Negative,Positive,Negative
c263990b-b478-4367-8e7b-a48f9e18658d,Lloyds,always effective.,4,Positive,Positive,Positive,Positive,Positive
f38b7495-f716-4c74-9e8f-b073e77229ff,Lloyds,user friendly. easy to use.,5,Positive,Positive,Positive,Positive,Positive
160d1937-99b0-4dd2-bba9-a79910d0f681,Lloyds,Easy to use,5,Positive,Positive,Positive,Positive,Positive
e3189dd5-066f-4cf3-ad03-e40a9b48c0cd,Lloyds,first class,5,Positive,Neutral,Neutral,Positive,Positive
2e2b4fe2-034f-4d68-ac06-3bf8bb9412fd,Lloyds,Excellent,4,Positive,Positive,Positive,Positive,Positive
d2c64a06-d88b-4271-94f7-b7bb49faf4b8,Lloyds,cannot install app on my Samsung tablet,1,Negative,Neutral,Negative,Negative,Negative
5be5906f-7bea-4516-b893-8a35491c8a42,Lloyds,brilliant,5,Positive,Positive,Positive,Positive,Positive
660eaa62-0ce1-4018-8076-8e3b114c2c8e,Lloyds,Perfect👍,5,Positive,Neutral,Positive,Positive,Positive
01750bb4-dd95-4d21-9f3b-4b4128b040b0,Lloyds,goof,5,Positive,Neutral,Neutral,Positive,Positive
6ab35de7-d351-4f35-b9e7-d22f36948bb4,Lloyds,Easy banking,5,Positive,Positive,Neutral,Positive,Positive
29403380-f28a-4442-9232-4c45d44787b7,Lloyds,Half the time notifications don't come through so if you're using the 24/7 chat you can miss important messages and have to start all over again,3,Neutral,Positive,Negative,Negative,Negative
9cf6c194-94cd-44bd-8b30-cdb0694265e6,Lloyds,quick and easy with easy to navigate set up,5,Positive,Positive,Positive,Positive,Positive
9e7a7838-3386-4ebc-a103-1c6875acf36d,Lloyds,excellent app,5,Positive,Positive,Positive,Positive,Positive
d4453012-aa7f-4433-b3dc-5a1f57dca6cb,Lloyds,Great application,5,Positive,Positive,Positive,Positive,Positive
897be8a9-91dd-438d-9797-d5b496925066,Lloyds,transaction always done quickly,5,Positive,Neutral,Positive,Positive,Positive
b94a1a97-a566-416c-beff-5fc39a5da93b,Lloyds,excellent,5,Positive,Positive,Positive,Positive,Positive
aed6ed3a-84dd-4359-bfe5-b7f6f0119e19,Lloyds,Love the new look and feel — bringing all accounts into a single view is brilliant! No more logging into multiple accounts to access information or track activity.,5,Positive,Positive,Positive,Positive,Positive
16f7f531-61b1-425e-9df9-c8095eddfa6f,Lloyds,Easy to use.,5,Positive,Positive,Positive,Positive,Positive
0bc35ca3-f488-4a18-8b0f-ba52c6f1f1a8,Lloyds,Love when the app notifies me on payments received helps being easy to use and not bad,5,Positive,Positive,Positive,Positive,Positive
16ef0e1a-8d90-4a43-85c6-7d64f37b943a,Lloyds,cant login cant reset,2,Negative,Neutral,Negative,Negative,Negative
5fa5f5af-d2d7-4916-a0e3-4525a5864839,Lloyds,"Good most of time, but known to be slow at times too",4,Positive,Positive,Neutral,Negative,Positive
d84a1133-73f8-41e0-bebe-8ec621719095,Lloyds,Love the app. Makes banking so much easier. 5* use it on almost daily basis.,5,Positive,Positive,Positive,Positive,Positive
15ade7d8-26ef-404a-8d76-9633cdf0b00f,Lloyds,easy and helpful 👌,5,Positive,Positive,Positive,Positive,Positive
c299c257-d933-4df7-b4f7-76a2271ba750,Lloyds,takes forever to load,3,Neutral,Neutral,Negative,Negative,Negative
c3da5bfa-cfac-41d5-b3b3-ad3b6f7de5ca,Lloyds,easy to access all accounts find out when payments are coming out enabling me to plan my finances.set up standing orders when needed very useful indeed,5,Positive,Positive,Positive,Positive,Positive
3b51badf-6fca-4341-aa6a-713d91160548,Lloyds,"Don't bother, app will fail when you get a message and nobody bothers to answer the phone",1,Negative,Negative,Negative,Negative,Negative
8cbe03eb-64bc-4e99-9229-9caf68eb92b9,Lloyds,Clear to use. Efficient app.,4,Positive,Positive,Positive,Positive,Positive
d61ba7c4-9414-4ff3-82f9-d8f3948e1cee,Lloyds,Great and useful,5,Positive,Positive,Positive,Positive,Positive
8b17f332-a6be-4e65-b086-b927b3fa71b8,Lloyds,"Excellent, and keeps improving.",5,Positive,Positive,Positive,Positive,Positive
43e062a3-3580-4e16-8a38-26c35dad9f93,Lloyds,Direct help. No glitches.,5,Positive,Positive,Positive,Positive,Positive
f1468fdc-e333-490c-891b-1e7560dd3740,Lloyds,Excellent quick and easy,5,Positive,Positive,Positive,Positive,Positive
b7ef9772-fbf4-462c-9d71-f8a74aa26c7d,Lloyds,Very secure but not annoyingly over secure. easy to use app. Love it,5,Positive,Positive,Positive,Positive,Positive
5ddc6b8d-3054-425f-90ea-cb77eb346d69,Lloyds,very quick and simple to use,5,Positive,Neutral,Positive,Positive,Positive
574676c5-a6f4-4caa-95b9-f3968e46d52d,Lloyds,"this gargabe of app doesn't work, I've tried to change de app with a different number and it keeps refusing it even though I'm following all the steps and they even say que everything was correct. just rubbish",1,Negative,Negative,Negative,Negative,Negative
116b1e4e-7609-481f-98f2-611dd4ed1e3a,Lloyds,love the freedom off not having to go to the bank or cash machine,5,Positive,Positive,Positive,Positive,Positive
379e719f-3ea8-40b4-ac0a-6007eabd3432,Lloyds,"Always having technical problems, Very slow, difficult to contact this bank",1,Negative,Negative,Negative,Neutral,Negative
d74be97e-2c26-4b88-914e-7b8650156c76,Lloyds,Very lovely and easy to use app. Hardly gives issues,5,Positive,Positive,Positive,Positive,Positive
568367b1-215c-462e-81af-f38f7291b7d8,Lloyds,easy to use.,5,Positive,Positive,Positive,Positive,Positive
a6c8f27d-8656-4606-ac8d-64fa933a9e4c,Lloyds,excellent,5,Positive,Positive,Positive,Positive,Positive
cb0b2e28-7558-4da6-a7df-a3e11b8976a1,Lloyds,Very good experience.,5,Positive,Positive,Positive,Positive,Positive
01c8da90-64af-4594-9de1-0f5a3a055c6e,Lloyds,outstanding feeling,5,Positive,Positive,Positive,Positive,Positive
f1f73c18-56a1-4a97-8af5-40c4940d7b59,Lloyds,I am very happy with my account and I am very thankful to all the people that work to do all this.. thank you very very much,5,Positive,Positive,Positive,Positive,Positive
bfd9dcdb-f32c-4cf4-b9a0-16cce3cd7b5c,Lloyds,very user friendly app,5,Positive,Positive,Positive,Positive,Positive
aac45e27-80be-460b-885d-cd27d6b9a57b,Lloyds,"I have experienced some issues with the cashback system, as certain amounts have not been paid and others are not visible. Additionally, online customer support is slow to respond, and I have had to explain the issue multiple times due to frequent changes in representatives, without reaching a resolution so far.",2,Negative,Positive,Negative,Negative,Negative
295ce9c2-b538-4b70-a4db-b3f54168ce71,Lloyds,simple and straightforward 👍,4,Positive,Neutral,Positive,Positive,Positive
532e62e9-5d67-440d-8337-2af8bbfce0b5,Lloyds,"good , easy to use",5,Positive,Positive,Positive,Positive,Positive
f65ab868-804a-49f8-adfa-14c6620e6393,Lloyds,it's so much easier to open my account,5,Positive,Positive,Positive,Positive,Positive
5640861f-1778-4f78-b341-64bae1bbf232,Lloyds,great app and love notifications when money goes in & out of account,5,Positive,Positive,Positive,Positive,Positive
6bd834c5-68ce-42dc-9404-3c8542e7217c,Lloyds,excellent,5,Positive,Positive,Positive,Positive,Positive
cb7715bd-5bde-42a2-8d24-58c17b4b9ee7,Lloyds,straightenforward,5,Positive,Neutral,Neutral,Positive,Positive
704ddc7c-85c8-4e00-94c5-92373d8b9973,Lloyds,No problems. Excellent.,5,Positive,Negative,Positive,Positive,Positive
2b59aedb-c976-432e-8317-b466c05116c2,Lloyds,"​The Lloyds Bank app is incredibly easy to use; it is neatly laid out and the instructions are straightforward to follow. hassle-free online banking experience. ​Every year, we make sure we get the best deals from our utility providers,it is important to do the same with our banks ever, it is a real shame that so many branches are closing down. ​",5,Positive,Positive,Positive,Positive,Positive
af9478a8-afca-4746-8f34-e2a077ee5140,Lloyds,easy to navigate and full of useful information,5,Positive,Positive,Positive,Positive,Positive
138c1d46-2ed8-49bb-81f4-fb37b51f1fe7,Lloyds,"smooth inter Lloyds group transfers, along with visibility of group accounts",5,Positive,Neutral,Neutral,Positive,Positive
3a345293-d4b4-41b6-9ef3-f7c7252b1117,Lloyds,easy to use could have a feature saying what time the payment went in bit otherwise it's good,5,Positive,Positive,Positive,Positive,Positive
a0b0dd4c-a33c-4558-90b2-42ccad737d0f,Lloyds,Have to go through the message about seeing Halifax accounts each time I login.,1,Negative,Neutral,Neutral,Negative,Negative
15c4377b-82a9-4f02-8ed9-e77320bc6299,Lloyds,Very useful and easy to use,5,Positive,Positive,Positive,Positive,Positive
3502fcce-ddd6-4ef1-97d2-21d7c82edf77,Lloyds,very good aap nice working,5,Positive,Positive,Positive,Positive,Positive
d2f2fca7-4014-4150-9514-e17271e23109,Lloyds,"hardly ever works, useless",1,Negative,Negative,Negative,Negative,Negative
5ab5f6d1-0db1-4c51-93e1-82cd70b05857,Lloyds,i would to pay Ebay but it won t accept it Ronald pkckering Thankyou,5,Positive,Positive,Negative,Negative,Positive
c332e3a6-eb28-4126-b93f-3a32160499c8,Lloyds,very simple and easy to use.ilove it,5,Positive,Positive,Positive,Positive,Positive
e6e8273a-204d-405a-be23-42a759242553,Lloyds,very easy to use and quick,5,Positive,Positive,Positive,Positive,Positive
30efe959-2d0b-4949-bb30-ced1b2dee49a,Lloyds,No issues so far.,5,Positive,Negative,Positive,Positive,Positive
ebc48ade-40f8-43a0-a085-01a3700c3599,Lloyds,it looks just ok 👍 but it needs more optimization.,4,Positive,Positive,Positive,Positive,Positive
bd0865ca-7df5-477d-868a-b310ee8b7ba3,Lloyds,Really easy to use and packed with great features.,5,Positive,Positive,Positive,Positive,Positive
a037b8ed-7a9b-46dd-84dd-9c779f849fb5,Lloyds,Excellent and improved. I appreciate you listening to me recently recently my health. I do like the new layout and the ease for me personally to find extra areas I wouldn't have found. Very pleased.,5,Positive,Positive,Positive,Positive,Positive
92655577-aa70-4827-b27b-f8130dac08b0,Lloyds,very fast and reliable,5,Positive,Neutral,Positive,Positive,Positive
fac4db43-a8ff-4161-80dc-5597be873282,Lloyds,"Since the last update, terrible",1,Negative,Negative,Negative,Negative,Negative
4218a1cb-1dc9-490e-99e3-9f731b501bcc,Lloyds,Fairly easy to use all round.,5,Positive,Positive,Positive,Positive,Positive
835d19cf-ed14-419f-9941-65e3a3247af1,Lloyds,easy to use needs a little practice covers 95% of my needs.,5,Positive,Positive,Positive,Positive,Positive
8fd0a7e4-64f5-427f-a6d0-c4bb79d5f48f,Lloyds,simple,4,Positive,Neutral,Neutral,Positive,Positive
589d406f-b789-4d94-bdb3-aa00b29cf5f8,Lloyds,excellent service 100%,5,Positive,Positive,Positive,Positive,Positive
f276c1dd-42d7-44d1-9d9f-22c5f9acc43f,Lloyds,so quick and easy,5,Positive,Positive,Positive,Positive,Positive
726154c7-8d98-4559-aa2c-ccba31b954a1,Lloyds,I'm still learning.,5,Positive,Neutral,Neutral,Positive,Positive
77738cfc-f80f-42ea-b991-4b781d942458,Lloyds,Easy to use and manoeuvre through the app. Excellent.,5,Positive,Positive,Positive,Positive,Positive
12b61905-d6ee-45f8-86d0-eeb8f6453bd1,Lloyds,Online banking is so eeeeeeasy to use! Really helps by not having to physically visit the nearest bank as we used to do.,5,Positive,Positive,Positive,Positive,Positive
65df2c53-4e4b-4095-8148-3c528d4d16c7,Lloyds,excellent,5,Positive,Positive,Positive,Positive,Positive
a5197176-93b9-4d79-a771-07e5abfb5a17,Lloyds,Fantastic App,5,Positive,Positive,Positive,Positive,Positive
59aa5631-3111-44af-9209-19005d985390,Lloyds,I use this App on a daily basis. It's great & works well. my only gripe is that I would like to be able to make personal notes on a transaction eg 'payment to plumber' for service. It would just help to know what a transaction relates too when checking my records,5,Positive,Positive,Positive,Positive,Positive
e8541cf3-6467-42cf-9cb7-b800c307e0ad,Lloyds,very easy and clear,5,Positive,Positive,Positive,Positive,Positive
4878f288-53af-497e-a71c-30fad6e311b5,Lloyds,easy to use,5,Positive,Positive,Positive,Positive,Positive
5ae6fabb-19f7-43e2-abd2-640ab8fc4589,Lloyds,Use this app all the time very easy to use,5,Positive,Positive,Positive,Positive,Positive
5b6dd5ea-eaf7-4bd2-80b6-ca66a8eb2dcb,Lloyds,fantastic *******,5,Positive,Positive,Positive,Positive,Positive
0c62507a-028f-4e26-a9ab-2eed518125b1,Lloyds,easy to use.,5,Positive,Positive,Positive,Positive,Positive
851ad8d0-f1be-4a26-a799-d56903cea8d6,Lloyds,Smooth i have no problem.,3,Neutral,Negative,Positive,Positive,Positive
31cedc01-12ea-46f0-835c-f0b4f31eae10,Lloyds,"Excellent for most transaction management; quick access. Enables prompt finance activities. Security options, and card management provide reassurance. Message management could be improved; some really need to be archived without opening, and viewing simpler. Interest rate changes; lower level correspondence is clutter.",5,Positive,Positive,Positive,Positive,Positive
